trace_num,human_majority,human_agreement,human_P1,human_P2,human_P3,human_P4,human_P5,human_P6,GPT (P1),GPT (P2),Llama (P1),Llama (P2),gpt_majority,llama_majority,all_llm_majority
1,RETRIEVE_MORE,1.00,RETRIEVE_MORE,RETRIEVE_MORE,RETRIEVE_MORE,RETRIEVE_MORE,RETRIEVE_MORE,RETRIEVE_MORE,RETRIEVE_MORE,RETRIEVE_MORE,RETRIEVE_MORE,RETRIEVE_MORE,RETRIEVE_MORE,RETRIEVE_MORE,RETRIEVE_MORE
2,RETRIEVE_MORE,1.00,RETRIEVE_MORE,RETRIEVE_MORE,RETRIEVE_MORE,RETRIEVE_MORE,RETRIEVE_MORE,RETRIEVE_MORE,RETRIEVE_MORE,RETRIEVE_MORE,RETRIEVE_MORE,ESCALATE,RETRIEVE_MORE,RETRIEVE_MORE,RETRIEVE_MORE
3,RETRIEVE_MORE,1.00,RETRIEVE_MORE,RETRIEVE_MORE,RETRIEVE_MORE,RETRIEVE_MORE,RETRIEVE_MORE,RETRIEVE_MORE,RETRIEVE_MORE,RETRIEVE_MORE,ESCALATE,ESCALATE,RETRIEVE_MORE,ESCALATE,RETRIEVE_MORE
4,REPLAN,1.00,REPLAN,REPLAN,REPLAN,REPLAN,REPLAN,REPLAN,REPLAN,REPLAN,REPLAN,REPLAN,REPLAN,REPLAN,REPLAN
5,REPLAN,0.67,REPLAN,REPLAN,REPLAN,RETRY,REPLAN,RETRY,REPLAN,REPLAN,RETRY,RETRY,REPLAN,RETRY,REPLAN
6,RETRY,0.67,REPLAN,RETRY,RETRY,RETRY,REPLAN,RETRY,REPLAN,REPLAN,REPLAN,REPLAN,REPLAN,REPLAN,REPLAN
7,REPLAN,1.00,REPLAN,REPLAN,REPLAN,REPLAN,REPLAN,REPLAN,REPLAN,REPLAN,RETRY,RETRY,REPLAN,RETRY,REPLAN
8,REPLAN,0.83,REPLAN,REPLAN,REPLAN,REPLAN,LOCAL_REPAIR,REPLAN,REPLAN,REPLAN,REPLAN,REPLAN,REPLAN,REPLAN,REPLAN
9,REPLAN,0.67,REPLAN,RETRY,REPLAN,REPLAN,LOCAL_REPAIR,REPLAN,REPLAN,RETRY,RETRY,RETRY,REPLAN,RETRY,RETRY
10,REPLAN,0.67,REPLAN,REPLAN,REPLAN,RETRY,REPLAN,RETRY,REPLAN,REPLAN,REPLAN,REPLAN,REPLAN,REPLAN,REPLAN
11,LOCAL_REPAIR,0.83,LOCAL_REPAIR,LOCAL_REPAIR,LOCAL_REPAIR,LOCAL_REPAIR,REPLAN,LOCAL_REPAIR,REPLAN,REPLAN,RETRY,RETRY,REPLAN,RETRY,REPLAN
12,REPLAN,0.83,REPLAN,REPLAN,REPLAN,RETRY,REPLAN,REPLAN,REPLAN,REPLAN,REPLAN,REPLAN,REPLAN,REPLAN,REPLAN
13,REPLAN,0.83,REPLAN,REPLAN,REPLAN,REPLAN,RETRY,REPLAN,REPLAN,REPLAN,RETRY,RETRY,REPLAN,RETRY,REPLAN
14,REPLAN,1.00,REPLAN,REPLAN,REPLAN,REPLAN,REPLAN,REPLAN,RETRY,REPLAN,REPLAN,REPLAN,RETRY,REPLAN,REPLAN
15,REPLAN,1.00,REPLAN,REPLAN,REPLAN,REPLAN,REPLAN,REPLAN,REPLAN,REPLAN,REPLAN,REPLAN,REPLAN,REPLAN,REPLAN
16,REPLAN,0.83,REPLAN,REPLAN,REPLAN,RETRY,REPLAN,REPLAN,REPLAN,REPLAN,REPLAN,REPLAN,REPLAN,REPLAN,REPLAN
17,REPLAN,0.83,REPLAN,REPLAN,REPLAN,REPLAN,LOCAL_REPAIR,REPLAN,REPLAN,REPLAN,REPLAN,RETRY,REPLAN,REPLAN,REPLAN
18,REPLAN,0.83,REPLAN,REPLAN,REPLAN,REPLAN,ESCALATE,REPLAN,ESCALATE,ESCALATE,REPLAN,REPLAN,ESCALATE,REPLAN,ESCALATE
19,REPLAN,1.00,REPLAN,REPLAN,REPLAN,REPLAN,REPLAN,REPLAN,REPLAN,REPLAN,REPLAN,REPLAN,REPLAN,REPLAN,REPLAN
20,LOCAL_REPAIR,0.50,LOCAL_REPAIR,RETRY,LOCAL_REPAIR,RETRY,LOCAL_REPAIR,RETRY,RETRY,RETRY,RETRY,RETRY,RETRY,RETRY,RETRY
21,REPLAN,1.00,REPLAN,REPLAN,REPLAN,REPLAN,REPLAN,REPLAN,REPLAN,REPLAN,RETRY,RETRY,REPLAN,RETRY,REPLAN
22,REPLAN,1.00,REPLAN,REPLAN,REPLAN,REPLAN,REPLAN,REPLAN,REPLAN,REPLAN,REPLAN,REPLAN,REPLAN,REPLAN,REPLAN
23,REPLAN,1.00,REPLAN,REPLAN,REPLAN,REPLAN,REPLAN,REPLAN,REPLAN,REPLAN,REPLAN,REPLAN,REPLAN,REPLAN,REPLAN
24,REPLAN,0.50,REPLAN,REPLAN,RETRY,RETRY,ESCALATE,REPLAN,REPLAN,REPLAN,REPLAN,REPLAN,REPLAN,REPLAN,REPLAN
25,TOOL_FIX,0.50,TOOL_FIX,TOOL_FIX,REPLAN,REPLAN,TOOL_FIX,REPLAN,TOOL_FIX,REPLAN,REPLAN,TOOL_FIX,TOOL_FIX,REPLAN,TOOL_FIX
26,REPLAN,0.67,REPLAN,TOOL_FIX,REPLAN,REPLAN,TOOL_FIX,REPLAN,RETRY,RETRY,REPLAN,REPLAN,RETRY,REPLAN,RETRY
27,REPLAN,1.00,REPLAN,REPLAN,REPLAN,REPLAN,REPLAN,REPLAN,REPLAN,RETRY,REPLAN,REPLAN,REPLAN,REPLAN,REPLAN
28,REPLAN,0.67,REPLAN,LOCAL_REPAIR,REPLAN,REPLAN,TOOL_FIX,REPLAN,REPLAN,REPLAN,REPLAN,REPLAN,REPLAN,REPLAN,REPLAN
29,TOOL_FIX,0.67,TOOL_FIX,RETRY,TOOL_FIX,TOOL_FIX,TOOL_FIX,LOCAL_REPAIR,RETRY,TOOL_FIX,TOOL_FIX,REPLAN,RETRY,TOOL_FIX,TOOL_FIX
30,REPLAN,1.00,REPLAN,REPLAN,REPLAN,REPLAN,REPLAN,REPLAN,REPLAN,REPLAN,REPLAN,REPLAN,REPLAN,REPLAN,REPLAN
31,TOOL_FIX,0.83,TOOL_FIX,TOOL_FIX,TOOL_FIX,LOCAL_REPAIR,TOOL_FIX,TOOL_FIX,TOOL_FIX,TOOL_FIX,REPLAN,REPLAN,TOOL_FIX,REPLAN,TOOL_FIX
32,TOOL_FIX,0.83,TOOL_FIX,REPLAN,TOOL_FIX,TOOL_FIX,TOOL_FIX,TOOL_FIX,RETRY,TOOL_FIX,TOOL_FIX,TOOL_FIX,RETRY,TOOL_FIX,TOOL_FIX
33,TOOL_FIX,1.00,TOOL_FIX,TOOL_FIX,TOOL_FIX,TOOL_FIX,TOOL_FIX,TOOL_FIX,REPLAN,REPLAN,REPLAN,REPLAN,REPLAN,REPLAN,REPLAN
34,REPLAN,0.50,REPLAN,TOOL_FIX,RETRY,REPLAN,TOOL_FIX,REPLAN,REPLAN,RETRY,REPLAN,REPLAN,REPLAN,REPLAN,REPLAN
35,REPLAN,0.83,REPLAN,REPLAN,REPLAN,REPLAN,TOOL_FIX,REPLAN,TOOL_FIX,TOOL_FIX,REPLAN,REPLAN,TOOL_FIX,REPLAN,TOOL_FIX
36,REPLAN,1.00,REPLAN,REPLAN,REPLAN,REPLAN,REPLAN,REPLAN,REPLAN,REPLAN,REPLAN,REPLAN,REPLAN,REPLAN,REPLAN
37,TOOL_FIX,0.50,TOOL_FIX,REPLAN,TOOL_FIX,REPLAN,TOOL_FIX,REPLAN,TOOL_FIX,TOOL_FIX,REPLAN,REPLAN,TOOL_FIX,REPLAN,TOOL_FIX
38,REPLAN,0.67,REPLAN,REPLAN,REPLAN,RETRY,TOOL_FIX,REPLAN,REPLAN,TOOL_FIX,REPLAN,REPLAN,REPLAN,REPLAN,REPLAN
39,REPLAN,0.83,REPLAN,REPLAN,REPLAN,REPLAN,TOOL_FIX,REPLAN,TOOL_FIX,REPLAN,REPLAN,RETRY,TOOL_FIX,REPLAN,REPLAN
40,REPLAN,1.00,REPLAN,REPLAN,REPLAN,REPLAN,REPLAN,REPLAN,REPLAN,REPLAN,REPLAN,REPLAN,REPLAN,REPLAN,REPLAN
41,REPLAN,0.50,REPLAN,REPLAN,RETRY,RETRY,TOOL_FIX,REPLAN,RETRY,RETRY,REPLAN,REPLAN,RETRY,REPLAN,RETRY
42,REPLAN,0.83,RETRY,REPLAN,REPLAN,REPLAN,REPLAN,REPLAN,REPLAN,REPLAN,REPLAN,REPLAN,REPLAN,REPLAN,REPLAN
43,REPLAN,0.83,REPLAN,REPLAN,REPLAN,REPLAN,TOOL_FIX,REPLAN,REPLAN,REPLAN,REPLAN,REPLAN,REPLAN,REPLAN,REPLAN
44,TOOL_FIX,1.00,TOOL_FIX,TOOL_FIX,TOOL_FIX,TOOL_FIX,TOOL_FIX,TOOL_FIX,TOOL_FIX,REPLAN,REPLAN,REPLAN,TOOL_FIX,REPLAN,REPLAN
45,TOOL_FIX,0.83,TOOL_FIX,TOOL_FIX,TOOL_FIX,TOOL_FIX,REPLAN,TOOL_FIX,TOOL_FIX,TOOL_FIX,TOOL_FIX,TOOL_FIX,TOOL_FIX,TOOL_FIX,TOOL_FIX
46,REPLAN,1.00,REPLAN,REPLAN,REPLAN,REPLAN,REPLAN,REPLAN,REPLAN,REPLAN,REPLAN,REPLAN,REPLAN,REPLAN,REPLAN
47,REPLAN,0.67,TOOL_FIX,REPLAN,TOOL_FIX,REPLAN,REPLAN,REPLAN,REPLAN,TOOL_FIX,TOOL_FIX,TOOL_FIX,REPLAN,TOOL_FIX,TOOL_FIX
48,TOOL_FIX,1.00,TOOL_FIX,TOOL_FIX,TOOL_FIX,TOOL_FIX,TOOL_FIX,TOOL_FIX,TOOL_FIX,RETRY,TOOL_FIX,TOOL_FIX,TOOL_FIX,TOOL_FIX,TOOL_FIX
49,TOOL_FIX,0.67,REPLAN,TOOL_FIX,REPLAN,TOOL_FIX,TOOL_FIX,TOOL_FIX,REPLAN,REPLAN,REPLAN,REPLAN,REPLAN,REPLAN,REPLAN
50,TOOL_FIX,1.00,TOOL_FIX,TOOL_FIX,TOOL_FIX,TOOL_FIX,TOOL_FIX,TOOL_FIX,TOOL_FIX,RETRY,TOOL_FIX,TOOL_FIX,TOOL_FIX,TOOL_FIX,TOOL_FIX
51,REPLAN,0.50,REPLAN,TOOL_FIX,REPLAN,TOOL_FIX,REPLAN,TOOL_FIX,REPLAN,REPLAN,REPLAN,REPLAN,REPLAN,REPLAN,REPLAN
52,REPLAN,1.00,REPLAN,REPLAN,REPLAN,REPLAN,REPLAN,REPLAN,RETRY,REPLAN,REPLAN,REPLAN,RETRY,REPLAN,REPLAN
53,REPLAN,1.00,REPLAN,REPLAN,REPLAN,REPLAN,REPLAN,REPLAN,REPLAN,RETRY,REPLAN,REPLAN,REPLAN,REPLAN,REPLAN
54,RETRY,0.67,REPLAN,RETRY,REPLAN,RETRY,RETRY,RETRY,RETRY,REPLAN,RETRY,RETRY,RETRY,RETRY,RETRY
55,REPLAN,1.00,REPLAN,REPLAN,REPLAN,REPLAN,REPLAN,REPLAN,REPLAN,RETRY,REPLAN,REPLAN,REPLAN,REPLAN,REPLAN
56,REPLAN,0.83,REPLAN,REPLAN,REPLAN,RETRY,REPLAN,REPLAN,REPLAN,REPLAN,REPLAN,REPLAN,REPLAN,REPLAN,REPLAN
57,TOOL_FIX,0.83,TOOL_FIX,REPLAN,TOOL_FIX,TOOL_FIX,TOOL_FIX,TOOL_FIX,REPLAN,TOOL_FIX,REPLAN,REPLAN,REPLAN,REPLAN,REPLAN
58,TOOL_FIX,1.00,TOOL_FIX,TOOL_FIX,TOOL_FIX,TOOL_FIX,TOOL_FIX,TOOL_FIX,TOOL_FIX,TOOL_FIX,REPLAN,REPLAN,TOOL_FIX,REPLAN,TOOL_FIX
59,REPLAN,0.83,REPLAN,REPLAN,REPLAN,RETRY,REPLAN,REPLAN,REPLAN,REPLAN,REPLAN,REPLAN,REPLAN,REPLAN,REPLAN
60,TOOL_FIX,0.67,TOOL_FIX,REPLAN,TOOL_FIX,REPLAN,TOOL_FIX,TOOL_FIX,REPLAN,TOOL_FIX,REPLAN,REPLAN,REPLAN,REPLAN,REPLAN
61,TOOL_FIX,0.83,TOOL_FIX,REPLAN,TOOL_FIX,TOOL_FIX,TOOL_FIX,TOOL_FIX,RETRY,TOOL_FIX,TOOL_FIX,TOOL_FIX,RETRY,TOOL_FIX,TOOL_FIX
62,REPLAN,0.50,REPLAN,TOOL_FIX,REPLAN,TOOL_FIX,REPLAN,TOOL_FIX,REPLAN,REPLAN,REPLAN,REPLAN,REPLAN,REPLAN,REPLAN
63,TOOL_FIX,0.83,TOOL_FIX,REPLAN,TOOL_FIX,TOOL_FIX,TOOL_FIX,TOOL_FIX,TOOL_FIX,TOOL_FIX,TOOL_FIX,REPLAN,TOOL_FIX,TOOL_FIX,TOOL_FIX
64,REPLAN,0.83,REPLAN,TOOL_FIX,REPLAN,REPLAN,REPLAN,REPLAN,REPLAN,REPLAN,REPLAN,REPLAN,REPLAN,REPLAN,REPLAN
65,TOOL_FIX,1.00,TOOL_FIX,TOOL_FIX,TOOL_FIX,TOOL_FIX,TOOL_FIX,TOOL_FIX,TOOL_FIX,RETRY,REPLAN,REPLAN,TOOL_FIX,REPLAN,REPLAN
66,RETRY,0.50,RETRY,REPLAN,REPLAN,REPLAN,RETRY,RETRY,RETRY,RETRY,REPLAN,REPLAN,RETRY,REPLAN,RETRY
67,REPLAN,1.00,REPLAN,REPLAN,REPLAN,REPLAN,REPLAN,REPLAN,REPLAN,REPLAN,REPLAN,REPLAN,REPLAN,REPLAN,REPLAN
68,REPLAN,1.00,REPLAN,REPLAN,REPLAN,REPLAN,REPLAN,REPLAN,REPLAN,RETRY,REPLAN,REPLAN,REPLAN,REPLAN,REPLAN
69,LOCAL_REPAIR,0.33,LOCAL_REPAIR,TOOL_FIX,REPLAN,LOCAL_REPAIR,RETRY,REPLAN,REPLAN,REPLAN,REPLAN,RETRY,REPLAN,REPLAN,REPLAN
70,TOOL_FIX,0.33,TOOL_FIX,REPLAN,RETRY,RETRY,TOOL_FIX,REPLAN,TOOL_FIX,TOOL_FIX,TOOL_FIX,TOOL_FIX,TOOL_FIX,TOOL_FIX,TOOL_FIX
71,REPLAN,1.00,REPLAN,REPLAN,REPLAN,REPLAN,REPLAN,REPLAN,REPLAN,REPLAN,REPLAN,REPLAN,REPLAN,REPLAN,REPLAN
72,TOOL_FIX,0.50,TOOL_FIX,REPLAN,TOOL_FIX,REPLAN,TOOL_FIX,REPLAN,REPLAN,REPLAN,REPLAN,TOOL_FIX,REPLAN,REPLAN,REPLAN
73,REPLAN,1.00,REPLAN,REPLAN,REPLAN,REPLAN,REPLAN,REPLAN,REPLAN,ESCALATE,REPLAN,REPLAN,REPLAN,REPLAN,REPLAN
74,TOOL_FIX,1.00,TOOL_FIX,TOOL_FIX,TOOL_FIX,TOOL_FIX,TOOL_FIX,TOOL_FIX,TOOL_FIX,REPLAN,REPLAN,TOOL_FIX,TOOL_FIX,REPLAN,TOOL_FIX
75,REPLAN,1.00,REPLAN,REPLAN,REPLAN,REPLAN,REPLAN,REPLAN,REPLAN,REPLAN,REPLAN,REPLAN,REPLAN,REPLAN,REPLAN
76,TOOL_FIX,1.00,TOOL_FIX,TOOL_FIX,TOOL_FIX,TOOL_FIX,TOOL_FIX,TOOL_FIX,RETRY,RETRY,TOOL_FIX,TOOL_FIX,RETRY,TOOL_FIX,RETRY
77,TOOL_FIX,1.00,TOOL_FIX,TOOL_FIX,TOOL_FIX,TOOL_FIX,TOOL_FIX,TOOL_FIX,REPLAN,REPLAN,REPLAN,REPLAN,REPLAN,REPLAN,REPLAN
78,REPLAN,1.00,REPLAN,REPLAN,REPLAN,REPLAN,REPLAN,REPLAN,RETRY,REPLAN,REPLAN,REPLAN,RETRY,REPLAN,REPLAN
79,REPLAN,0.83,REPLAN,TOOL_FIX,REPLAN,REPLAN,REPLAN,REPLAN,REPLAN,REPLAN,REPLAN,REPLAN,REPLAN,REPLAN,REPLAN
80,REPLAN,1.00,REPLAN,REPLAN,REPLAN,REPLAN,REPLAN,REPLAN,REPLAN,REPLAN,REPLAN,REPLAN,REPLAN,REPLAN,REPLAN
81,TOOL_FIX,0.83,TOOL_FIX,REPLAN,TOOL_FIX,TOOL_FIX,TOOL_FIX,TOOL_FIX,TOOL_FIX,TOOL_FIX,TOOL_FIX,TOOL_FIX,TOOL_FIX,TOOL_FIX,TOOL_FIX
82,REPLAN,1.00,REPLAN,REPLAN,REPLAN,REPLAN,REPLAN,REPLAN,REPLAN,REPLAN,REPLAN,REPLAN,REPLAN,REPLAN,REPLAN
83,REPLAN,1.00,REPLAN,REPLAN,REPLAN,REPLAN,REPLAN,REPLAN,REPLAN,REPLAN,REPLAN,REPLAN,REPLAN,REPLAN,REPLAN
84,REPLAN,0.67,REPLAN,TOOL_FIX,REPLAN,REPLAN,RETRY,REPLAN,REPLAN,RETRY,REPLAN,REPLAN,REPLAN,REPLAN,REPLAN
85,TOOL_FIX,1.00,TOOL_FIX,TOOL_FIX,TOOL_FIX,TOOL_FIX,TOOL_FIX,TOOL_FIX,TOOL_FIX,REPLAN,REPLAN,REPLAN,TOOL_FIX,REPLAN,REPLAN
86,REPLAN,0.83,REPLAN,REPLAN,REPLAN,REPLAN,RETRY,REPLAN,RETRY,RETRY,REPLAN,REPLAN,RETRY,REPLAN,RETRY
87,REPLAN,0.83,LOCAL_REPAIR,REPLAN,REPLAN,REPLAN,REPLAN,REPLAN,REPLAN,REPLAN,REPLAN,REPLAN,REPLAN,REPLAN,REPLAN
88,TOOL_FIX,0.50,TOOL_FIX,REPLAN,TOOL_FIX,REPLAN,TOOL_FIX,REPLAN,TOOL_FIX,TOOL_FIX,REPLAN,REPLAN,TOOL_FIX,REPLAN,TOOL_FIX
89,REPLAN,1.00,REPLAN,REPLAN,REPLAN,REPLAN,REPLAN,REPLAN,REPLAN,REPLAN,REPLAN,REPLAN,REPLAN,REPLAN,REPLAN
90,REPLAN,1.00,REPLAN,REPLAN,REPLAN,REPLAN,REPLAN,REPLAN,REPLAN,REPLAN,REPLAN,REPLAN,REPLAN,REPLAN,REPLAN
91,TOOL_FIX,0.83,TOOL_FIX,REPLAN,TOOL_FIX,TOOL_FIX,TOOL_FIX,TOOL_FIX,TOOL_FIX,RETRY,TOOL_FIX,TOOL_FIX,TOOL_FIX,TOOL_FIX,TOOL_FIX
92,RETRY,0.50,LOCAL_REPAIR,RETRY,REPLAN,RETRY,REPLAN,RETRY,ESCALATE,TOOL_FIX,REPLAN,REPLAN,ESCALATE,REPLAN,REPLAN
93,REPLAN,0.67,REPLAN,REPLAN,REPLAN,RETRY,REPLAN,RETRY,RETRY,REPLAN,RETRY,RETRY,RETRY,RETRY,RETRY
94,REPLAN,1.00,REPLAN,REPLAN,REPLAN,REPLAN,REPLAN,REPLAN,REPLAN,REPLAN,REPLAN,REPLAN,REPLAN,REPLAN,REPLAN
95,TOOL_FIX,0.83,TOOL_FIX,REPLAN,TOOL_FIX,TOOL_FIX,TOOL_FIX,TOOL_FIX,RETRY,TOOL_FIX,REPLAN,REPLAN,RETRY,REPLAN,REPLAN
96,RETRY,0.50,LOCAL_REPAIR,REPLAN,REPLAN,RETRY,RETRY,RETRY,RETRY,RETRY,RETRY,REPLAN,RETRY,RETRY,RETRY
97,REPLAN,1.00,REPLAN,REPLAN,REPLAN,REPLAN,REPLAN,REPLAN,REPLAN,TOOL_FIX,REPLAN,REPLAN,REPLAN,REPLAN,REPLAN
98,REPLAN,1.00,REPLAN,REPLAN,REPLAN,REPLAN,REPLAN,REPLAN,REPLAN,REPLAN,REPLAN,REPLAN,REPLAN,REPLAN,REPLAN
99,TOOL_FIX,1.00,TOOL_FIX,TOOL_FIX,TOOL_FIX,TOOL_FIX,TOOL_FIX,TOOL_FIX,REPLAN,REPLAN,TOOL_FIX,TOOL_FIX,REPLAN,TOOL_FIX,REPLAN
100,TOOL_FIX,1.00,TOOL_FIX,TOOL_FIX,TOOL_FIX,TOOL_FIX,TOOL_FIX,TOOL_FIX,REPLAN,RETRY,TOOL_FIX,TOOL_FIX,REPLAN,TOOL_FIX,TOOL_FIX
101,REPLAN,1.00,REPLAN,REPLAN,REPLAN,REPLAN,REPLAN,REPLAN,REPLAN,REPLAN,REPLAN,REPLAN,REPLAN,REPLAN,REPLAN
102,REPLAN,1.00,REPLAN,REPLAN,REPLAN,REPLAN,REPLAN,REPLAN,RETRY,REPLAN,REPLAN,REPLAN,RETRY,REPLAN,REPLAN
103,REPLAN,0.83,REPLAN,REPLAN,REPLAN,REPLAN,RETRY,REPLAN,RETRY,RETRY,REPLAN,REPLAN,RETRY,REPLAN,RETRY
104,TOOL_FIX,1.00,TOOL_FIX,TOOL_FIX,TOOL_FIX,TOOL_FIX,TOOL_FIX,TOOL_FIX,REPLAN,REPLAN,REPLAN,REPLAN,REPLAN,REPLAN,REPLAN
105,TOOL_FIX,1.00,TOOL_FIX,TOOL_FIX,TOOL_FIX,TOOL_FIX,TOOL_FIX,TOOL_FIX,REPLAN,REPLAN,REPLAN,REPLAN,REPLAN,REPLAN,REPLAN
106,REPLAN,1.00,REPLAN,REPLAN,REPLAN,REPLAN,REPLAN,REPLAN,REPLAN,REPLAN,REPLAN,REPLAN,REPLAN,REPLAN,REPLAN
107,REPLAN,1.00,REPLAN,REPLAN,REPLAN,REPLAN,REPLAN,REPLAN,REPLAN,REPLAN,REPLAN,REPLAN,REPLAN,REPLAN,REPLAN
108,REPLAN,1.00,REPLAN,REPLAN,REPLAN,REPLAN,REPLAN,REPLAN,REPLAN,REPLAN,REPLAN,REPLAN,REPLAN,REPLAN,REPLAN
109,REPLAN,0.83,REPLAN,REPLAN,REPLAN,REPLAN,RETRY,REPLAN,RETRY,REPLAN,RETRY,RETRY,RETRY,RETRY,RETRY
110,REPLAN,1.00,REPLAN,REPLAN,REPLAN,REPLAN,REPLAN,REPLAN,REPLAN,TOOL_FIX,REPLAN,REPLAN,REPLAN,REPLAN,REPLAN
111,TOOL_FIX,1.00,TOOL_FIX,TOOL_FIX,TOOL_FIX,TOOL_FIX,TOOL_FIX,TOOL_FIX,TOOL_FIX,RETRY,TOOL_FIX,TOOL_FIX,TOOL_FIX,TOOL_FIX,TOOL_FIX
112,REPLAN,1.00,REPLAN,REPLAN,REPLAN,REPLAN,REPLAN,REPLAN,REPLAN,RETRY,REPLAN,REPLAN,REPLAN,REPLAN,REPLAN
113,REPLAN,1.00,REPLAN,REPLAN,REPLAN,REPLAN,REPLAN,REPLAN,REPLAN,REPLAN,REPLAN,REPLAN,REPLAN,REPLAN,REPLAN
114,TOOL_FIX,1.00,TOOL_FIX,TOOL_FIX,TOOL_FIX,TOOL_FIX,TOOL_FIX,TOOL_FIX,RETRY,REPLAN,REPLAN,REPLAN,RETRY,REPLAN,REPLAN
115,REPLAN,0.50,TOOL_FIX,REPLAN,REPLAN,TOOL_FIX,RETRY,REPLAN,REPLAN,RETRY,REPLAN,REPLAN,REPLAN,REPLAN,REPLAN
116,REPLAN,1.00,REPLAN,REPLAN,REPLAN,REPLAN,REPLAN,REPLAN,TOOL_FIX,REPLAN,REPLAN,REPLAN,TOOL_FIX,REPLAN,REPLAN
117,REPLAN,1.00,REPLAN,REPLAN,REPLAN,REPLAN,REPLAN,REPLAN,RETRY,RETRY,REPLAN,REPLAN,RETRY,REPLAN,RETRY
118,REPLAN,1.00,REPLAN,REPLAN,REPLAN,REPLAN,REPLAN,REPLAN,REPLAN,RETRY,REPLAN,REPLAN,REPLAN,REPLAN,REPLAN
119,REPLAN,1.00,REPLAN,REPLAN,REPLAN,REPLAN,REPLAN,REPLAN,REPLAN,RETRY,REPLAN,REPLAN,REPLAN,REPLAN,REPLAN
120,TOOL_FIX,0.83,TOOL_FIX,TOOL_FIX,TOOL_FIX,TOOL_FIX,REPLAN,TOOL_FIX,REPLAN,REPLAN,REPLAN,REPLAN,REPLAN,REPLAN,REPLAN
121,TOOL_FIX,0.67,TOOL_FIX,TOOL_FIX,REPLAN,TOOL_FIX,TOOL_FIX,REPLAN,REPLAN,TOOL_FIX,REPLAN,REPLAN,REPLAN,REPLAN,REPLAN
122,REPLAN,0.83,REPLAN,TOOL_FIX,REPLAN,REPLAN,REPLAN,REPLAN,REPLAN,REPLAN,REPLAN,REPLAN,REPLAN,REPLAN,REPLAN
123,REPLAN,1.00,REPLAN,REPLAN,REPLAN,REPLAN,REPLAN,REPLAN,REPLAN,REPLAN,REPLAN,REPLAN,REPLAN,REPLAN,REPLAN
124,LOCAL_REPAIR,0.83,TOOL_FIX,LOCAL_REPAIR,LOCAL_REPAIR,LOCAL_REPAIR,LOCAL_REPAIR,LOCAL_REPAIR,TOOL_FIX,TOOL_FIX,TOOL_FIX,TOOL_FIX,TOOL_FIX,TOOL_FIX,TOOL_FIX
125,REPLAN,0.67,REPLAN,REPLAN,LOCAL_REPAIR,LOCAL_REPAIR,REPLAN,REPLAN,TOOL_FIX,TOOL_FIX,REPLAN,REPLAN,TOOL_FIX,REPLAN,TOOL_FIX
126,REPLAN,1.00,REPLAN,REPLAN,REPLAN,REPLAN,REPLAN,REPLAN,REPLAN,REPLAN,REPLAN,REPLAN,REPLAN,REPLAN,REPLAN
127,REPLAN,1.00,REPLAN,REPLAN,REPLAN,REPLAN,REPLAN,REPLAN,REPLAN,REPLAN,REPLAN,REPLAN,REPLAN,REPLAN,REPLAN
128,TOOL_FIX,1.00,TOOL_FIX,TOOL_FIX,TOOL_FIX,TOOL_FIX,TOOL_FIX,TOOL_FIX,REPLAN,TOOL_FIX,TOOL_FIX,REPLAN,REPLAN,TOOL_FIX,REPLAN
129,REPLAN,0.50,REPLAN,RETRY,REPLAN,RETRY,REPLAN,RETRY,RETRY,REPLAN,REPLAN,REPLAN,RETRY,REPLAN,REPLAN
130,REPLAN,1.00,REPLAN,REPLAN,REPLAN,REPLAN,REPLAN,REPLAN,REPLAN,TOOL_FIX,REPLAN,REPLAN,REPLAN,REPLAN,REPLAN
131,REPLAN,0.67,REPLAN,REPLAN,REPLAN,RETRY,REPLAN,RETRY,RETRY,REPLAN,REPLAN,REPLAN,RETRY,REPLAN,REPLAN
132,REPLAN,1.00,REPLAN,REPLAN,REPLAN,REPLAN,REPLAN,REPLAN,REPLAN,REPLAN,REPLAN,REPLAN,REPLAN,REPLAN,REPLAN
133,REPLAN,1.00,REPLAN,REPLAN,REPLAN,REPLAN,REPLAN,REPLAN,REPLAN,REPLAN,REPLAN,REPLAN,REPLAN,REPLAN,REPLAN
134,TOOL_FIX,1.00,TOOL_FIX,TOOL_FIX,TOOL_FIX,TOOL_FIX,TOOL_FIX,TOOL_FIX,TOOL_FIX,TOOL_FIX,TOOL_FIX,TOOL_FIX,TOOL_FIX,TOOL_FIX,TOOL_FIX
135,REPLAN,1.00,REPLAN,REPLAN,REPLAN,REPLAN,REPLAN,REPLAN,REPLAN,RETRY,RETRY,RETRY,REPLAN,RETRY,RETRY
136,REPLAN,1.00,REPLAN,REPLAN,REPLAN,REPLAN,REPLAN,REPLAN,REPLAN,TOOL_FIX,REPLAN,REPLAN,REPLAN,REPLAN,REPLAN
137,TOOL_FIX,1.00,TOOL_FIX,TOOL_FIX,TOOL_FIX,TOOL_FIX,TOOL_FIX,TOOL_FIX,TOOL_FIX,TOOL_FIX,REPLAN,REPLAN,TOOL_FIX,REPLAN,TOOL_FIX
138,REPLAN,1.00,REPLAN,REPLAN,REPLAN,REPLAN,REPLAN,REPLAN,REPLAN,TOOL_FIX,REPLAN,REPLAN,REPLAN,REPLAN,REPLAN
139,REPLAN,1.00,REPLAN,REPLAN,REPLAN,REPLAN,REPLAN,REPLAN,REPLAN,RETRY,REPLAN,REPLAN,REPLAN,REPLAN,REPLAN
140,REPLAN,1.00,REPLAN,REPLAN,REPLAN,REPLAN,REPLAN,REPLAN,TOOL_FIX,TOOL_FIX,REPLAN,REPLAN,TOOL_FIX,REPLAN,TOOL_FIX
141,REPLAN,0.83,RETRY,REPLAN,REPLAN,REPLAN,REPLAN,REPLAN,RETRY,RETRY,REPLAN,REPLAN,RETRY,REPLAN,RETRY
142,LOCAL_REPAIR,0.33,LOCAL_REPAIR,REPLAN,REPLAN,RETRY,RETRY,LOCAL_REPAIR,RETRY,REPLAN,REPLAN,REPLAN,RETRY,REPLAN,REPLAN
143,REPLAN,1.00,REPLAN,REPLAN,REPLAN,REPLAN,REPLAN,REPLAN,REPLAN,RETRY,REPLAN,REPLAN,REPLAN,REPLAN,REPLAN
144,REPLAN,0.83,LOCAL_REPAIR,REPLAN,REPLAN,REPLAN,REPLAN,REPLAN,REPLAN,REPLAN,REPLAN,REPLAN,REPLAN,REPLAN,REPLAN
145,REPLAN,0.67,REPLAN,RETRY,REPLAN,REPLAN,RETRY,REPLAN,REPLAN,RETRY,REPLAN,REPLAN,REPLAN,REPLAN,REPLAN
146,RETRY,1.00,RETRY,RETRY,RETRY,RETRY,RETRY,RETRY,RETRY,RETRY,REPLAN,REPLAN,RETRY,REPLAN,RETRY
147,TOOL_FIX,1.00,TOOL_FIX,TOOL_FIX,TOOL_FIX,TOOL_FIX,TOOL_FIX,TOOL_FIX,REPLAN,REPLAN,REPLAN,REPLAN,REPLAN,REPLAN,REPLAN
148,REPLAN,1.00,REPLAN,REPLAN,REPLAN,REPLAN,REPLAN,REPLAN,REPLAN,TOOL_FIX,REPLAN,REPLAN,REPLAN,REPLAN,REPLAN
149,REPLAN,1.00,REPLAN,REPLAN,REPLAN,REPLAN,REPLAN,REPLAN,REPLAN,REPLAN,REPLAN,RETRY,REPLAN,REPLAN,REPLAN
150,REPLAN,1.00,REPLAN,REPLAN,REPLAN,REPLAN,REPLAN,REPLAN,RETRY,REPLAN,REPLAN,REPLAN,RETRY,REPLAN,REPLAN
151,REPLAN,1.00,REPLAN,REPLAN,REPLAN,REPLAN,REPLAN,REPLAN,RETRY,REPLAN,REPLAN,REPLAN,RETRY,REPLAN,REPLAN
152,REPLAN,0.50,REPLAN,REPLAN,LOCAL_REPAIR,LOCAL_REPAIR,LOCAL_REPAIR,REPLAN,TOOL_FIX,REPLAN,REPLAN,REPLAN,TOOL_FIX,REPLAN,REPLAN
153,TOOL_FIX,0.67,TOOL_FIX,TOOL_FIX,LOCAL_REPAIR,LOCAL_REPAIR,TOOL_FIX,TOOL_FIX,TOOL_FIX,TOOL_FIX,REPLAN,REPLAN,TOOL_FIX,REPLAN,TOOL_FIX
154,TOOL_FIX,0.83,TOOL_FIX,TOOL_FIX,TOOL_FIX,TOOL_FIX,REPLAN,TOOL_FIX,REPLAN,REPLAN,REPLAN,REPLAN,REPLAN,REPLAN,REPLAN
155,TOOL_FIX,1.00,TOOL_FIX,TOOL_FIX,TOOL_FIX,TOOL_FIX,TOOL_FIX,TOOL_FIX,RETRY,RETRY,REPLAN,REPLAN,RETRY,REPLAN,RETRY
156,TOOL_FIX,0.50,TOOL_FIX,RETRY,RETRY,TOOL_FIX,TOOL_FIX,RETRY,REPLAN,TOOL_FIX,REPLAN,REPLAN,REPLAN,REPLAN,REPLAN
157,RETRY,0.50,RETRY,REPLAN,REPLAN,RETRY,REPLAN,RETRY,RETRY,RETRY,REPLAN,REPLAN,RETRY,REPLAN,RETRY
158,REPLAN,0.83,REPLAN,REPLAN,REPLAN,REPLAN,RETRY,REPLAN,RETRY,RETRY,REPLAN,REPLAN,RETRY,REPLAN,RETRY
159,TOOL_FIX,0.83,TOOL_FIX,TOOL_FIX,LOCAL_REPAIR,TOOL_FIX,TOOL_FIX,TOOL_FIX,REPLAN,REPLAN,REPLAN,REPLAN,REPLAN,REPLAN,REPLAN
160,TOOL_FIX,1.00,TOOL_FIX,TOOL_FIX,TOOL_FIX,TOOL_FIX,TOOL_FIX,TOOL_FIX,TOOL_FIX,TOOL_FIX,TOOL_FIX,TOOL_FIX,TOOL_FIX,TOOL_FIX,TOOL_FIX
161,TOOL_FIX,0.67,REPLAN,TOOL_FIX,TOOL_FIX,TOOL_FIX,TOOL_FIX,REPLAN,REPLAN,REPLAN,REPLAN,REPLAN,REPLAN,REPLAN,REPLAN
162,TOOL_FIX,0.83,TOOL_FIX,TOOL_FIX,TOOL_FIX,LOCAL_REPAIR,TOOL_FIX,TOOL_FIX,TOOL_FIX,TOOL_FIX,TOOL_FIX,TOOL_FIX,TOOL_FIX,TOOL_FIX,TOOL_FIX
163,REPLAN,1.00,REPLAN,REPLAN,REPLAN,REPLAN,REPLAN,REPLAN,REPLAN,TOOL_FIX,REPLAN,REPLAN,REPLAN,REPLAN,REPLAN
164,REPLAN,0.50,REPLAN,RETRY,REPLAN,REPLAN,RETRY,RETRY,REPLAN,REPLAN,REPLAN,REPLAN,REPLAN,REPLAN,REPLAN
165,RETRY,0.50,LOCAL_REPAIR,RETRY,REPLAN,RETRY,LOCAL_REPAIR,RETRY,REPLAN,RETRY,REPLAN,REPLAN,REPLAN,REPLAN,REPLAN
166,REPLAN,0.67,LOCAL_REPAIR,REPLAN,REPLAN,REPLAN,RETRY,REPLAN,RETRY,RETRY,REPLAN,REPLAN,RETRY,REPLAN,RETRY
167,RETRY,0.67,RETRY,REPLAN,REPLAN,RETRY,RETRY,RETRY,REPLAN,REPLAN,REPLAN,RETRY,REPLAN,REPLAN,REPLAN
168,REPLAN,1.00,REPLAN,REPLAN,REPLAN,REPLAN,REPLAN,REPLAN,RETRY,REPLAN,REPLAN,REPLAN,RETRY,REPLAN,REPLAN
169,REPLAN,0.67,REPLAN,TOOL_FIX,REPLAN,TOOL_FIX,REPLAN,REPLAN,REPLAN,REPLAN,REPLAN,REPLAN,REPLAN,REPLAN,REPLAN
170,TOOL_FIX,1.00,TOOL_FIX,TOOL_FIX,TOOL_FIX,TOOL_FIX,TOOL_FIX,TOOL_FIX,RETRY,TOOL_FIX,TOOL_FIX,TOOL_FIX,RETRY,TOOL_FIX,TOOL_FIX
171,REPLAN,1.00,REPLAN,REPLAN,REPLAN,REPLAN,REPLAN,REPLAN,RETRY,REPLAN,REPLAN,REPLAN,RETRY,REPLAN,REPLAN
172,TOOL_FIX,1.00,TOOL_FIX,TOOL_FIX,TOOL_FIX,TOOL_FIX,TOOL_FIX,TOOL_FIX,REPLAN,REPLAN,REPLAN,REPLAN,REPLAN,REPLAN,REPLAN
173,TOOL_FIX,0.83,TOOL_FIX,TOOL_FIX,TOOL_FIX,TOOL_FIX,REPLAN,TOOL_FIX,TOOL_FIX,REPLAN,REPLAN,REPLAN,TOOL_FIX,REPLAN,REPLAN
174,LOCAL_REPAIR,0.67,LOCAL_REPAIR,TOOL_FIX,LOCAL_REPAIR,LOCAL_REPAIR,RETRY,LOCAL_REPAIR,RETRY,RETRY,REPLAN,REPLAN,RETRY,REPLAN,RETRY
175,TOOL_FIX,1.00,TOOL_FIX,TOOL_FIX,TOOL_FIX,TOOL_FIX,TOOL_FIX,TOOL_FIX,REPLAN,RETRY,TOOL_FIX,TOOL_FIX,REPLAN,TOOL_FIX,TOOL_FIX
176,TOOL_FIX,1.00,TOOL_FIX,TOOL_FIX,TOOL_FIX,TOOL_FIX,TOOL_FIX,TOOL_FIX,RETRY,RETRY,TOOL_FIX,TOOL_FIX,RETRY,TOOL_FIX,RETRY
177,TOOL_FIX,1.00,TOOL_FIX,TOOL_FIX,TOOL_FIX,TOOL_FIX,TOOL_FIX,TOOL_FIX,REPLAN,RETRY,REPLAN,REPLAN,REPLAN,REPLAN,REPLAN
178,REPLAN,1.00,REPLAN,REPLAN,REPLAN,REPLAN,REPLAN,REPLAN,REPLAN,REPLAN,REPLAN,REPLAN,REPLAN,REPLAN,REPLAN
179,REPLAN,0.67,REPLAN,RETRY,REPLAN,RETRY,REPLAN,REPLAN,REPLAN,RETRY,REPLAN,REPLAN,REPLAN,REPLAN,REPLAN
180,REPLAN,1.00,REPLAN,REPLAN,REPLAN,REPLAN,REPLAN,REPLAN,RETRY,REPLAN,REPLAN,REPLAN,RETRY,REPLAN,REPLAN
181,TOOL_FIX,1.00,TOOL_FIX,TOOL_FIX,TOOL_FIX,TOOL_FIX,TOOL_FIX,TOOL_FIX,TOOL_FIX,TOOL_FIX,REPLAN,REPLAN,TOOL_FIX,REPLAN,TOOL_FIX
182,REPLAN,1.00,REPLAN,REPLAN,REPLAN,REPLAN,REPLAN,REPLAN,TOOL_FIX,REPLAN,REPLAN,REPLAN,TOOL_FIX,REPLAN,REPLAN
183,TOOL_FIX,1.00,TOOL_FIX,TOOL_FIX,TOOL_FIX,TOOL_FIX,TOOL_FIX,TOOL_FIX,TOOL_FIX,TOOL_FIX,REPLAN,REPLAN,TOOL_FIX,REPLAN,TOOL_FIX
184,TOOL_FIX,1.00,TOOL_FIX,TOOL_FIX,TOOL_FIX,TOOL_FIX,TOOL_FIX,TOOL_FIX,TOOL_FIX,TOOL_FIX,REPLAN,REPLAN,TOOL_FIX,REPLAN,TOOL_FIX
185,TOOL_FIX,1.00,TOOL_FIX,TOOL_FIX,TOOL_FIX,TOOL_FIX,TOOL_FIX,TOOL_FIX,RETRY,TOOL_FIX,TOOL_FIX,TOOL_FIX,RETRY,TOOL_FIX,TOOL_FIX
186,TOOL_FIX,1.00,TOOL_FIX,TOOL_FIX,TOOL_FIX,TOOL_FIX,TOOL_FIX,TOOL_FIX,REPLAN,REPLAN,TOOL_FIX,TOOL_FIX,REPLAN,TOOL_FIX,REPLAN
187,REPLAN,1.00,REPLAN,REPLAN,REPLAN,REPLAN,REPLAN,REPLAN,REPLAN,REPLAN,REPLAN,REPLAN,REPLAN,REPLAN,REPLAN
188,TOOL_FIX,1.00,TOOL_FIX,TOOL_FIX,TOOL_FIX,TOOL_FIX,TOOL_FIX,TOOL_FIX,TOOL_FIX,TOOL_FIX,REPLAN,REPLAN,TOOL_FIX,REPLAN,TOOL_FIX
189,REPLAN,0.83,REPLAN,RETRY,REPLAN,REPLAN,REPLAN,REPLAN,REPLAN,RETRY,REPLAN,REPLAN,REPLAN,REPLAN,REPLAN
190,REPLAN,1.00,REPLAN,REPLAN,REPLAN,REPLAN,REPLAN,REPLAN,REPLAN,REPLAN,REPLAN,REPLAN,REPLAN,REPLAN,REPLAN
191,TOOL_FIX,1.00,TOOL_FIX,TOOL_FIX,TOOL_FIX,TOOL_FIX,TOOL_FIX,TOOL_FIX,REPLAN,REPLAN,REPLAN,TOOL_FIX,REPLAN,REPLAN,REPLAN
192,TOOL_FIX,1.00,TOOL_FIX,TOOL_FIX,TOOL_FIX,TOOL_FIX,TOOL_FIX,TOOL_FIX,REPLAN,REPLAN,REPLAN,REPLAN,REPLAN,REPLAN,REPLAN
193,REPLAN,1.00,REPLAN,REPLAN,REPLAN,REPLAN,REPLAN,REPLAN,REPLAN,RETRY,REPLAN,REPLAN,REPLAN,REPLAN,REPLAN
194,REPLAN,1.00,REPLAN,REPLAN,REPLAN,REPLAN,REPLAN,REPLAN,REPLAN,TOOL_FIX,REPLAN,REPLAN,REPLAN,REPLAN,REPLAN
195,REPLAN,1.00,REPLAN,REPLAN,REPLAN,REPLAN,REPLAN,REPLAN,REPLAN,RETRY,REPLAN,REPLAN,REPLAN,REPLAN,REPLAN
196,LOCAL_REPAIR,0.50,LOCAL_REPAIR,RETRY,REPLAN,LOCAL_REPAIR,REPLAN,LOCAL_REPAIR,RETRY,TOOL_FIX,REPLAN,REPLAN,RETRY,REPLAN,REPLAN
197,TOOL_FIX,0.83,TOOL_FIX,TOOL_FIX,TOOL_FIX,LOCAL_REPAIR,TOOL_FIX,TOOL_FIX,TOOL_FIX,TOOL_FIX,TOOL_FIX,TOOL_FIX,TOOL_FIX,TOOL_FIX,TOOL_FIX
198,REPLAN,1.00,REPLAN,REPLAN,REPLAN,REPLAN,REPLAN,REPLAN,RETRY,REPLAN,REPLAN,REPLAN,RETRY,REPLAN,REPLAN
199,REPLAN,0.67,RETRY,REPLAN,REPLAN,REPLAN,REPLAN,RETRY,REPLAN,REPLAN,REPLAN,REPLAN,REPLAN,REPLAN,REPLAN
200,REPLAN,1.00,REPLAN,REPLAN,REPLAN,REPLAN,REPLAN,REPLAN,REPLAN,REPLAN,REPLAN,REPLAN,REPLAN,REPLAN,REPLAN
201,TOOL_FIX,0.67,TOOL_FIX,REPLAN,TOOL_FIX,REPLAN,TOOL_FIX,TOOL_FIX,REPLAN,REPLAN,REPLAN,TOOL_FIX,REPLAN,REPLAN,REPLAN
202,REPLAN,1.00,REPLAN,REPLAN,REPLAN,REPLAN,REPLAN,REPLAN,REPLAN,REPLAN,REPLAN,REPLAN,REPLAN,REPLAN,REPLAN
203,TOOL_FIX,0.83,TOOL_FIX,TOOL_FIX,TOOL_FIX,TOOL_FIX,REPLAN,TOOL_FIX,REPLAN,REPLAN,REPLAN,REPLAN,REPLAN,REPLAN,REPLAN
204,REPLAN,1.00,REPLAN,REPLAN,REPLAN,REPLAN,REPLAN,REPLAN,ESCALATE,RETRY,REPLAN,REPLAN,ESCALATE,REPLAN,REPLAN
205,TOOL_FIX,1.00,TOOL_FIX,TOOL_FIX,TOOL_FIX,TOOL_FIX,TOOL_FIX,TOOL_FIX,REPLAN,RETRY,REPLAN,REPLAN,REPLAN,REPLAN,REPLAN
206,REPLAN,1.00,REPLAN,REPLAN,REPLAN,REPLAN,REPLAN,REPLAN,RETRY,REPLAN,REPLAN,REPLAN,RETRY,REPLAN,REPLAN
207,TOOL_FIX,1.00,TOOL_FIX,TOOL_FIX,TOOL_FIX,TOOL_FIX,TOOL_FIX,TOOL_FIX,TOOL_FIX,REPLAN,TOOL_FIX,TOOL_FIX,TOOL_FIX,TOOL_FIX,TOOL_FIX
208,REPLAN,1.00,REPLAN,REPLAN,REPLAN,REPLAN,REPLAN,REPLAN,RETRY,REPLAN,REPLAN,REPLAN,RETRY,REPLAN,REPLAN
209,TOOL_FIX,0.50,TOOL_FIX,REPLAN,LOCAL_REPAIR,REPLAN,TOOL_FIX,TOOL_FIX,REPLAN,TOOL_FIX,REPLAN,REPLAN,REPLAN,REPLAN,REPLAN
210,REPLAN,1.00,REPLAN,REPLAN,REPLAN,REPLAN,REPLAN,REPLAN,RETRY,RETRY,REPLAN,REPLAN,RETRY,REPLAN,RETRY
211,REPLAN,1.00,REPLAN,REPLAN,REPLAN,REPLAN,REPLAN,REPLAN,REPLAN,REPLAN,REPLAN,REPLAN,REPLAN,REPLAN,REPLAN
212,REPLAN,1.00,REPLAN,REPLAN,REPLAN,REPLAN,REPLAN,REPLAN,REPLAN,REPLAN,REPLAN,REPLAN,REPLAN,REPLAN,REPLAN
213,LOCAL_REPAIR,0.67,LOCAL_REPAIR,LOCAL_REPAIR,RETRY,LOCAL_REPAIR,REPLAN,LOCAL_REPAIR,REPLAN,REPLAN,REPLAN,REPLAN,REPLAN,REPLAN,REPLAN
214,TOOL_FIX,1.00,TOOL_FIX,TOOL_FIX,TOOL_FIX,TOOL_FIX,TOOL_FIX,TOOL_FIX,RETRY,TOOL_FIX,REPLAN,REPLAN,RETRY,REPLAN,REPLAN
215,REPLAN,1.00,REPLAN,REPLAN,REPLAN,REPLAN,REPLAN,REPLAN,TOOL_FIX,REPLAN,REPLAN,REPLAN,TOOL_FIX,REPLAN,REPLAN
216,TOOL_FIX,1.00,TOOL_FIX,TOOL_FIX,TOOL_FIX,TOOL_FIX,TOOL_FIX,TOOL_FIX,RETRY,REPLAN,REPLAN,REPLAN,RETRY,REPLAN,REPLAN
217,TOOL_FIX,1.00,TOOL_FIX,TOOL_FIX,TOOL_FIX,TOOL_FIX,TOOL_FIX,TOOL_FIX,TOOL_FIX,RETRY,REPLAN,REPLAN,TOOL_FIX,REPLAN,REPLAN
218,LOCAL_REPAIR,0.83,LOCAL_REPAIR,LOCAL_REPAIR,LOCAL_REPAIR,LOCAL_REPAIR,RETRY,LOCAL_REPAIR,REPLAN,RETRY,REPLAN,REPLAN,REPLAN,REPLAN,REPLAN
219,TOOL_FIX,1.00,TOOL_FIX,TOOL_FIX,TOOL_FIX,TOOL_FIX,TOOL_FIX,TOOL_FIX,TOOL_FIX,REPLAN,TOOL_FIX,TOOL_FIX,TOOL_FIX,TOOL_FIX,TOOL_FIX
220,REPLAN,1.00,REPLAN,REPLAN,REPLAN,REPLAN,REPLAN,REPLAN,REPLAN,REPLAN,REPLAN,REPLAN,REPLAN,REPLAN,REPLAN
221,REPLAN,0.67,RETRY,RETRY,REPLAN,REPLAN,REPLAN,REPLAN,RETRY,RETRY,REPLAN,REPLAN,RETRY,REPLAN,RETRY
222,TOOL_FIX,1.00,TOOL_FIX,TOOL_FIX,TOOL_FIX,TOOL_FIX,TOOL_FIX,TOOL_FIX,RETRY,RETRY,TOOL_FIX,TOOL_FIX,RETRY,TOOL_FIX,RETRY
223,LOCAL_REPAIR,0.83,LOCAL_REPAIR,TOOL_FIX,LOCAL_REPAIR,LOCAL_REPAIR,LOCAL_REPAIR,LOCAL_REPAIR,REPLAN,TOOL_FIX,REPLAN,REPLAN,REPLAN,REPLAN,REPLAN
224,TOOL_FIX,0.67,TOOL_FIX,TOOL_FIX,TOOL_FIX,REPLAN,TOOL_FIX,LOCAL_REPAIR,REPLAN,REPLAN,TOOL_FIX,TOOL_FIX,REPLAN,TOOL_FIX,REPLAN
225,LOCAL_REPAIR,0.50,LOCAL_REPAIR,REPLAN,LOCAL_REPAIR,LOCAL_REPAIR,RETRY,TOOL_FIX,REPLAN,REPLAN,REPLAN,REPLAN,REPLAN,REPLAN,REPLAN
226,TOOL_FIX,0.83,TOOL_FIX,TOOL_FIX,TOOL_FIX,TOOL_FIX,TOOL_FIX,REPLAN,REPLAN,REPLAN,TOOL_FIX,REPLAN,REPLAN,TOOL_FIX,REPLAN
227,REPLAN,1.00,REPLAN,REPLAN,REPLAN,REPLAN,REPLAN,REPLAN,REPLAN,RETRY,REPLAN,REPLAN,REPLAN,REPLAN,REPLAN
228,REPLAN,1.00,REPLAN,REPLAN,REPLAN,REPLAN,REPLAN,REPLAN,REPLAN,REPLAN,REPLAN,REPLAN,REPLAN,REPLAN,REPLAN
229,REPLAN,1.00,REPLAN,REPLAN,REPLAN,REPLAN,REPLAN,REPLAN,REPLAN,REPLAN,REPLAN,REPLAN,REPLAN,REPLAN,REPLAN
230,TOOL_FIX,1.00,TOOL_FIX,TOOL_FIX,TOOL_FIX,TOOL_FIX,TOOL_FIX,TOOL_FIX,TOOL_FIX,RETRY,REPLAN,REPLAN,TOOL_FIX,REPLAN,REPLAN
231,REPLAN,1.00,REPLAN,REPLAN,REPLAN,REPLAN,REPLAN,REPLAN,REPLAN,REPLAN,REPLAN,REPLAN,REPLAN,REPLAN,REPLAN
232,REPLAN,1.00,REPLAN,REPLAN,REPLAN,REPLAN,REPLAN,REPLAN,RETRY,TOOL_FIX,REPLAN,REPLAN,RETRY,REPLAN,REPLAN
233,LOCAL_REPAIR,0.67,LOCAL_REPAIR,RETRY,REPLAN,LOCAL_REPAIR,LOCAL_REPAIR,LOCAL_REPAIR,RETRY,RETRY,REPLAN,REPLAN,RETRY,REPLAN,RETRY
234,REPLAN,1.00,REPLAN,REPLAN,REPLAN,REPLAN,REPLAN,REPLAN,REPLAN,REPLAN,REPLAN,REPLAN,REPLAN,REPLAN,REPLAN
235,LOCAL_REPAIR,1.00,LOCAL_REPAIR,LOCAL_REPAIR,LOCAL_REPAIR,LOCAL_REPAIR,LOCAL_REPAIR,LOCAL_REPAIR,REPLAN,REPLAN,REPLAN,REPLAN,REPLAN,REPLAN,REPLAN
236,TOOL_FIX,1.00,TOOL_FIX,TOOL_FIX,TOOL_FIX,TOOL_FIX,TOOL_FIX,TOOL_FIX,TOOL_FIX,TOOL_FIX,TOOL_FIX,TOOL_FIX,TOOL_FIX,TOOL_FIX,TOOL_FIX
237,TOOL_FIX,1.00,TOOL_FIX,TOOL_FIX,TOOL_FIX,TOOL_FIX,TOOL_FIX,TOOL_FIX,TOOL_FIX,RETRY,TOOL_FIX,TOOL_FIX,TOOL_FIX,TOOL_FIX,TOOL_FIX
238,REPLAN,1.00,REPLAN,REPLAN,REPLAN,REPLAN,REPLAN,REPLAN,REPLAN,REPLAN,REPLAN,REPLAN,REPLAN,REPLAN,REPLAN
239,TOOL_FIX,1.00,TOOL_FIX,TOOL_FIX,TOOL_FIX,TOOL_FIX,TOOL_FIX,TOOL_FIX,TOOL_FIX,TOOL_FIX,REPLAN,REPLAN,TOOL_FIX,REPLAN,TOOL_FIX
240,REPLAN,1.00,REPLAN,REPLAN,REPLAN,REPLAN,REPLAN,REPLAN,REPLAN,REPLAN,REPLAN,REPLAN,REPLAN,REPLAN,REPLAN
241,REPLAN,0.83,REPLAN,REPLAN,REPLAN,TOOL_FIX,REPLAN,REPLAN,TOOL_FIX,REPLAN,REPLAN,REPLAN,TOOL_FIX,REPLAN,REPLAN
242,REPLAN,1.00,REPLAN,REPLAN,REPLAN,REPLAN,REPLAN,REPLAN,REPLAN,REPLAN,REPLAN,REPLAN,REPLAN,REPLAN,REPLAN
243,REPLAN,1.00,REPLAN,REPLAN,REPLAN,REPLAN,REPLAN,REPLAN,REPLAN,REPLAN,REPLAN,REPLAN,REPLAN,REPLAN,REPLAN
244,TOOL_FIX,0.83,TOOL_FIX,TOOL_FIX,TOOL_FIX,TOOL_FIX,REPLAN,TOOL_FIX,REPLAN,TOOL_FIX,REPLAN,REPLAN,REPLAN,REPLAN,REPLAN
245,TOOL_FIX,1.00,TOOL_FIX,TOOL_FIX,TOOL_FIX,TOOL_FIX,TOOL_FIX,TOOL_FIX,REPLAN,REPLAN,REPLAN,REPLAN,REPLAN,REPLAN,REPLAN
246,TOOL_FIX,1.00,TOOL_FIX,TOOL_FIX,TOOL_FIX,TOOL_FIX,TOOL_FIX,TOOL_FIX,REPLAN,TOOL_FIX,REPLAN,REPLAN,REPLAN,REPLAN,REPLAN
247,TOOL_FIX,1.00,TOOL_FIX,TOOL_FIX,TOOL_FIX,TOOL_FIX,TOOL_FIX,TOOL_FIX,TOOL_FIX,REPLAN,REPLAN,REPLAN,TOOL_FIX,REPLAN,REPLAN
248,REPLAN,1.00,REPLAN,REPLAN,REPLAN,REPLAN,REPLAN,REPLAN,REPLAN,TOOL_FIX,REPLAN,REPLAN,REPLAN,REPLAN,REPLAN
249,REPLAN,0.83,REPLAN,RETRY,REPLAN,REPLAN,REPLAN,REPLAN,RETRY,REPLAN,REPLAN,REPLAN,RETRY,REPLAN,REPLAN
250,TOOL_FIX,1.00,TOOL_FIX,TOOL_FIX,TOOL_FIX,TOOL_FIX,TOOL_FIX,TOOL_FIX,RETRY,RETRY,TOOL_FIX,TOOL_FIX,RETRY,TOOL_FIX,RETRY
251,RETRY,0.67,RETRY,REPLAN,REPLAN,RETRY,RETRY,RETRY,REPLAN,REPLAN,REPLAN,REPLAN,REPLAN,REPLAN,REPLAN
252,REPLAN,1.00,REPLAN,REPLAN,REPLAN,REPLAN,REPLAN,REPLAN,REPLAN,REPLAN,REPLAN,REPLAN,REPLAN,REPLAN,REPLAN
253,REPLAN,0.83,LOCAL_REPAIR,REPLAN,REPLAN,REPLAN,REPLAN,REPLAN,RETRY,REPLAN,REPLAN,REPLAN,RETRY,REPLAN,REPLAN
254,REPLAN,1.00,REPLAN,REPLAN,REPLAN,REPLAN,REPLAN,REPLAN,TOOL_FIX,REPLAN,REPLAN,REPLAN,TOOL_FIX,REPLAN,REPLAN
255,REPLAN,1.00,REPLAN,REPLAN,REPLAN,REPLAN,REPLAN,REPLAN,REPLAN,REPLAN,REPLAN,REPLAN,REPLAN,REPLAN,REPLAN
256,REPLAN,1.00,REPLAN,REPLAN,REPLAN,REPLAN,REPLAN,REPLAN,REPLAN,REPLAN,REPLAN,REPLAN,REPLAN,REPLAN,REPLAN
257,REPLAN,1.00,REPLAN,REPLAN,REPLAN,REPLAN,REPLAN,REPLAN,REPLAN,REPLAN,REPLAN,REPLAN,REPLAN,REPLAN,REPLAN
258,TOOL_FIX,1.00,TOOL_FIX,TOOL_FIX,TOOL_FIX,TOOL_FIX,TOOL_FIX,TOOL_FIX,TOOL_FIX,TOOL_FIX,TOOL_FIX,TOOL_FIX,TOOL_FIX,TOOL_FIX,TOOL_FIX
259,REPLAN,1.00,REPLAN,REPLAN,REPLAN,REPLAN,REPLAN,REPLAN,REPLAN,RETRY,REPLAN,REPLAN,REPLAN,REPLAN,REPLAN
260,REPLAN,1.00,REPLAN,REPLAN,REPLAN,REPLAN,REPLAN,REPLAN,REPLAN,REPLAN,REPLAN,REPLAN,REPLAN,REPLAN,REPLAN
261,REPLAN,1.00,REPLAN,REPLAN,REPLAN,REPLAN,REPLAN,REPLAN,REPLAN,REPLAN,REPLAN,REPLAN,REPLAN,REPLAN,REPLAN
262,REPLAN,0.50,RETRY,REPLAN,LOCAL_REPAIR,REPLAN,RETRY,REPLAN,REPLAN,TOOL_FIX,REPLAN,RETRY,REPLAN,REPLAN,REPLAN
263,REPLAN,0.83,TOOL_FIX,REPLAN,REPLAN,REPLAN,REPLAN,REPLAN,TOOL_FIX,REPLAN,REPLAN,REPLAN,TOOL_FIX,REPLAN,REPLAN
264,REPLAN,1.00,REPLAN,REPLAN,REPLAN,REPLAN,REPLAN,REPLAN,REPLAN,REPLAN,REPLAN,REPLAN,REPLAN,REPLAN,REPLAN
265,TOOL_FIX,1.00,TOOL_FIX,TOOL_FIX,TOOL_FIX,TOOL_FIX,TOOL_FIX,TOOL_FIX,REPLAN,TOOL_FIX,TOOL_FIX,TOOL_FIX,REPLAN,TOOL_FIX,TOOL_FIX
266,REPLAN,0.83,LOCAL_REPAIR,REPLAN,REPLAN,REPLAN,REPLAN,REPLAN,RETRY,REPLAN,REPLAN,REPLAN,RETRY,REPLAN,REPLAN
267,TOOL_FIX,1.00,TOOL_FIX,TOOL_FIX,TOOL_FIX,TOOL_FIX,TOOL_FIX,TOOL_FIX,TOOL_FIX,TOOL_FIX,REPLAN,REPLAN,TOOL_FIX,REPLAN,TOOL_FIX
268,REPLAN,1.00,REPLAN,REPLAN,REPLAN,REPLAN,REPLAN,REPLAN,REPLAN,RETRY,REPLAN,REPLAN,REPLAN,REPLAN,REPLAN
269,REPLAN,1.00,REPLAN,REPLAN,REPLAN,REPLAN,REPLAN,REPLAN,REPLAN,REPLAN,REPLAN,REPLAN,REPLAN,REPLAN,REPLAN
270,TOOL_FIX,1.00,TOOL_FIX,TOOL_FIX,TOOL_FIX,TOOL_FIX,TOOL_FIX,TOOL_FIX,TOOL_FIX,TOOL_FIX,TOOL_FIX,TOOL_FIX,TOOL_FIX,TOOL_FIX,TOOL_FIX
271,REPLAN,1.00,REPLAN,REPLAN,REPLAN,REPLAN,REPLAN,REPLAN,REPLAN,REPLAN,REPLAN,REPLAN,REPLAN,REPLAN,REPLAN
272,TOOL_FIX,1.00,TOOL_FIX,TOOL_FIX,TOOL_FIX,TOOL_FIX,TOOL_FIX,TOOL_FIX,TOOL_FIX,REPLAN,REPLAN,REPLAN,TOOL_FIX,REPLAN,REPLAN
273,REPLAN,0.67,LOCAL_REPAIR,REPLAN,REPLAN,REPLAN,LOCAL_REPAIR,REPLAN,RETRY,REPLAN,REPLAN,REPLAN,RETRY,REPLAN,REPLAN
274,TOOL_FIX,1.00,TOOL_FIX,TOOL_FIX,TOOL_FIX,TOOL_FIX,TOOL_FIX,TOOL_FIX,TOOL_FIX,TOOL_FIX,TOOL_FIX,TOOL_FIX,TOOL_FIX,TOOL_FIX,TOOL_FIX
275,RETRY,1.00,RETRY,RETRY,RETRY,RETRY,RETRY,RETRY,RETRY,RETRY,REPLAN,RETRY,RETRY,REPLAN,RETRY
276,REPLAN,1.00,REPLAN,REPLAN,REPLAN,REPLAN,REPLAN,REPLAN,REPLAN,REPLAN,REPLAN,REPLAN,REPLAN,REPLAN,REPLAN
277,TOOL_FIX,1.00,TOOL_FIX,TOOL_FIX,TOOL_FIX,TOOL_FIX,TOOL_FIX,TOOL_FIX,TOOL_FIX,TOOL_FIX,REPLAN,REPLAN,TOOL_FIX,REPLAN,TOOL_FIX
278,REPLAN,1.00,REPLAN,REPLAN,REPLAN,REPLAN,REPLAN,REPLAN,REPLAN,REPLAN,REPLAN,REPLAN,REPLAN,REPLAN,REPLAN
279,REPLAN,1.00,REPLAN,REPLAN,REPLAN,REPLAN,REPLAN,REPLAN,REPLAN,RETRY,REPLAN,REPLAN,REPLAN,REPLAN,REPLAN
280,REPLAN,1.00,REPLAN,REPLAN,REPLAN,REPLAN,REPLAN,REPLAN,REPLAN,REPLAN,REPLAN,REPLAN,REPLAN,REPLAN,REPLAN
281,REPLAN,1.00,REPLAN,REPLAN,REPLAN,REPLAN,REPLAN,REPLAN,REPLAN,RETRY,REPLAN,REPLAN,REPLAN,REPLAN,REPLAN
282,REPLAN,1.00,REPLAN,REPLAN,REPLAN,REPLAN,REPLAN,REPLAN,REPLAN,REPLAN,REPLAN,REPLAN,REPLAN,REPLAN,REPLAN
283,TOOL_FIX,0.67,TOOL_FIX,REPLAN,TOOL_FIX,REPLAN,TOOL_FIX,TOOL_FIX,TOOL_FIX,REPLAN,TOOL_FIX,TOOL_FIX,TOOL_FIX,TOOL_FIX,TOOL_FIX
284,RETRIEVE_MORE,1.00,RETRIEVE_MORE,RETRIEVE_MORE,RETRIEVE_MORE,RETRIEVE_MORE,RETRIEVE_MORE,RETRIEVE_MORE,RETRIEVE_MORE,RETRIEVE_MORE,RETRIEVE_MORE,RETRY,RETRIEVE_MORE,RETRIEVE_MORE,RETRIEVE_MORE
285,REPLAN,1.00,REPLAN,REPLAN,REPLAN,REPLAN,REPLAN,REPLAN,RETRIEVE_MORE,RETRIEVE_MORE,RETRIEVE_MORE,RETRIEVE_MORE,RETRIEVE_MORE,RETRIEVE_MORE,RETRIEVE_MORE
286,RETRIEVE_MORE,0.67,REPLAN,REPLAN,RETRIEVE_MORE,RETRIEVE_MORE,RETRIEVE_MORE,RETRIEVE_MORE,RETRIEVE_MORE,RETRIEVE_MORE,RETRIEVE_MORE,RETRIEVE_MORE,RETRIEVE_MORE,RETRIEVE_MORE,RETRIEVE_MORE
287,RETRIEVE_MORE,1.00,RETRIEVE_MORE,RETRIEVE_MORE,RETRIEVE_MORE,RETRIEVE_MORE,RETRIEVE_MORE,RETRIEVE_MORE,RETRIEVE_MORE,RETRIEVE_MORE,RETRIEVE_MORE,RETRIEVE_MORE,RETRIEVE_MORE,RETRIEVE_MORE,RETRIEVE_MORE
288,RETRY,0.50,RETRY,RETRY,REPLAN,REPLAN,RETRY,REPLAN,RETRY,RETRIEVE_MORE,RETRY,RETRY,RETRY,RETRY,RETRY
289,REPLAN,1.00,REPLAN,REPLAN,REPLAN,REPLAN,REPLAN,REPLAN,RETRIEVE_MORE,RETRIEVE_MORE,RETRY,RETRIEVE_MORE,RETRIEVE_MORE,RETRY,RETRIEVE_MORE
290,RETRIEVE_MORE,1.00,RETRIEVE_MORE,RETRIEVE_MORE,RETRIEVE_MORE,RETRIEVE_MORE,RETRIEVE_MORE,RETRIEVE_MORE,TOOL_FIX,TOOL_FIX,RETRIEVE_MORE,RETRY,TOOL_FIX,RETRIEVE_MORE,TOOL_FIX
291,REPLAN,0.83,REPLAN,REPLAN,REPLAN,REPLAN,RETRIEVE_MORE,REPLAN,RETRIEVE_MORE,RETRIEVE_MORE,RETRIEVE_MORE,RETRIEVE_MORE,RETRIEVE_MORE,RETRIEVE_MORE,RETRIEVE_MORE
292,RETRIEVE_MORE,0.67,RETRIEVE_MORE,RETRY,RETRY,RETRIEVE_MORE,RETRIEVE_MORE,RETRIEVE_MORE,RETRIEVE_MORE,RETRIEVE_MORE,RETRY,RETRY,RETRIEVE_MORE,RETRY,RETRIEVE_MORE
293,RETRY,1.00,RETRY,RETRY,RETRY,RETRY,RETRY,RETRY,RETRIEVE_MORE,RETRIEVE_MORE,RETRY,RETRY,RETRIEVE_MORE,RETRY,RETRIEVE_MORE
294,REPLAN,1.00,REPLAN,REPLAN,REPLAN,REPLAN,REPLAN,REPLAN,RETRIEVE_MORE,RETRIEVE_MORE,RETRIEVE_MORE,RETRIEVE_MORE,RETRIEVE_MORE,RETRIEVE_MORE,RETRIEVE_MORE
295,REPLAN,1.00,REPLAN,REPLAN,REPLAN,REPLAN,REPLAN,REPLAN,RETRIEVE_MORE,RETRIEVE_MORE,RETRIEVE_MORE,RETRIEVE_MORE,RETRIEVE_MORE,RETRIEVE_MORE,RETRIEVE_MORE
296,RETRIEVE_MORE,1.00,RETRIEVE_MORE,RETRIEVE_MORE,RETRIEVE_MORE,RETRIEVE_MORE,RETRIEVE_MORE,RETRIEVE_MORE,RETRIEVE_MORE,RETRIEVE_MORE,RETRIEVE_MORE,RETRIEVE_MORE,RETRIEVE_MORE,RETRIEVE_MORE,RETRIEVE_MORE
297,REPLAN,1.00,REPLAN,REPLAN,REPLAN,REPLAN,REPLAN,REPLAN,RETRIEVE_MORE,RETRIEVE_MORE,RETRIEVE_MORE,RETRIEVE_MORE,RETRIEVE_MORE,RETRIEVE_MORE,RETRIEVE_MORE
298,RETRIEVE_MORE,1.00,RETRIEVE_MORE,RETRIEVE_MORE,RETRIEVE_MORE,RETRIEVE_MORE,RETRIEVE_MORE,RETRIEVE_MORE,RETRIEVE_MORE,RETRIEVE_MORE,RETRIEVE_MORE,RETRIEVE_MORE,RETRIEVE_MORE,RETRIEVE_MORE,RETRIEVE_MORE
299,REPLAN,1.00,REPLAN,REPLAN,REPLAN,REPLAN,REPLAN,REPLAN,RETRIEVE_MORE,RETRIEVE_MORE,RETRIEVE_MORE,RETRIEVE_MORE,RETRIEVE_MORE,RETRIEVE_MORE,RETRIEVE_MORE
300,RETRIEVE_MORE,0.50,ESCALATE,RETRIEVE_MORE,REPLAN,ESCALATE,RETRIEVE_MORE,RETRIEVE_MORE,RETRIEVE_MORE,RETRIEVE_MORE,RETRIEVE_MORE,RETRIEVE_MORE,RETRIEVE_MORE,RETRIEVE_MORE,RETRIEVE_MORE
301,TOOL_FIX,1.00,TOOL_FIX,TOOL_FIX,TOOL_FIX,TOOL_FIX,TOOL_FIX,TOOL_FIX,RETRIEVE_MORE,RETRIEVE_MORE,RETRIEVE_MORE,RETRIEVE_MORE,RETRIEVE_MORE,RETRIEVE_MORE,RETRIEVE_MORE
302,RETRIEVE_MORE,1.00,RETRIEVE_MORE,RETRIEVE_MORE,RETRIEVE_MORE,RETRIEVE_MORE,RETRIEVE_MORE,RETRIEVE_MORE,REPLAN,RETRIEVE_MORE,RETRIEVE_MORE,RETRIEVE_MORE,REPLAN,RETRIEVE_MORE,RETRIEVE_MORE
303,RETRIEVE_MORE,1.00,RETRIEVE_MORE,RETRIEVE_MORE,RETRIEVE_MORE,RETRIEVE_MORE,RETRIEVE_MORE,RETRIEVE_MORE,RETRIEVE_MORE,RETRIEVE_MORE,RETRIEVE_MORE,RETRIEVE_MORE,RETRIEVE_MORE,RETRIEVE_MORE,RETRIEVE_MORE
304,RETRIEVE_MORE,1.00,RETRIEVE_MORE,RETRIEVE_MORE,RETRIEVE_MORE,RETRIEVE_MORE,RETRIEVE_MORE,RETRIEVE_MORE,RETRIEVE_MORE,RETRIEVE_MORE,RETRIEVE_MORE,RETRIEVE_MORE,RETRIEVE_MORE,RETRIEVE_MORE,RETRIEVE_MORE
305,RETRIEVE_MORE,1.00,RETRIEVE_MORE,RETRIEVE_MORE,RETRIEVE_MORE,RETRIEVE_MORE,RETRIEVE_MORE,RETRIEVE_MORE,RETRIEVE_MORE,RETRIEVE_MORE,RETRIEVE_MORE,RETRIEVE_MORE,RETRIEVE_MORE,RETRIEVE_MORE,RETRIEVE_MORE
306,RETRIEVE_MORE,1.00,RETRIEVE_MORE,RETRIEVE_MORE,RETRIEVE_MORE,RETRIEVE_MORE,RETRIEVE_MORE,RETRIEVE_MORE,RETRIEVE_MORE,RETRIEVE_MORE,RETRIEVE_MORE,RETRIEVE_MORE,RETRIEVE_MORE,RETRIEVE_MORE,RETRIEVE_MORE
307,RETRIEVE_MORE,1.00,RETRIEVE_MORE,RETRIEVE_MORE,RETRIEVE_MORE,RETRIEVE_MORE,RETRIEVE_MORE,RETRIEVE_MORE,RETRIEVE_MORE,RETRIEVE_MORE,RETRIEVE_MORE,RETRIEVE_MORE,RETRIEVE_MORE,RETRIEVE_MORE,RETRIEVE_MORE
308,RETRIEVE_MORE,1.00,RETRIEVE_MORE,RETRIEVE_MORE,RETRIEVE_MORE,RETRIEVE_MORE,RETRIEVE_MORE,RETRIEVE_MORE,RETRIEVE_MORE,RETRIEVE_MORE,RETRIEVE_MORE,RETRIEVE_MORE,RETRIEVE_MORE,RETRIEVE_MORE,RETRIEVE_MORE
309,REPLAN,0.50,REPLAN,RETRIEVE_MORE,RETRIEVE_MORE,RETRY,REPLAN,REPLAN,RETRIEVE_MORE,RETRIEVE_MORE,RETRIEVE_MORE,RETRIEVE_MORE,RETRIEVE_MORE,RETRIEVE_MORE,RETRIEVE_MORE
310,RETRIEVE_MORE,1.00,RETRIEVE_MORE,RETRIEVE_MORE,RETRIEVE_MORE,RETRIEVE_MORE,RETRIEVE_MORE,RETRIEVE_MORE,RETRIEVE_MORE,RETRIEVE_MORE,RETRIEVE_MORE,RETRIEVE_MORE,RETRIEVE_MORE,RETRIEVE_MORE,RETRIEVE_MORE
311,RETRY,1.00,RETRY,RETRY,RETRY,RETRY,RETRY,RETRY,RETRY,RETRY,RETRY,RETRY,RETRY,RETRY,RETRY
312,RETRIEVE_MORE,1.00,RETRIEVE_MORE,RETRIEVE_MORE,RETRIEVE_MORE,RETRIEVE_MORE,RETRIEVE_MORE,RETRIEVE_MORE,RETRIEVE_MORE,RETRIEVE_MORE,RETRIEVE_MORE,RETRIEVE_MORE,RETRIEVE_MORE,RETRIEVE_MORE,RETRIEVE_MORE
313,RETRIEVE_MORE,1.00,RETRIEVE_MORE,RETRIEVE_MORE,RETRIEVE_MORE,RETRIEVE_MORE,RETRIEVE_MORE,RETRIEVE_MORE,RETRIEVE_MORE,REPLAN,RETRIEVE_MORE,RETRIEVE_MORE,RETRIEVE_MORE,RETRIEVE_MORE,RETRIEVE_MORE
314,RETRIEVE_MORE,1.00,RETRIEVE_MORE,RETRIEVE_MORE,RETRIEVE_MORE,RETRIEVE_MORE,RETRIEVE_MORE,RETRIEVE_MORE,RETRIEVE_MORE,RETRIEVE_MORE,RETRIEVE_MORE,RETRIEVE_MORE,RETRIEVE_MORE,RETRIEVE_MORE,RETRIEVE_MORE
315,RETRY,0.67,RETRY,RETRIEVE_MORE,RETRIEVE_MORE,RETRY,RETRY,RETRY,RETRIEVE_MORE,RETRIEVE_MORE,RETRY,RETRY,RETRIEVE_MORE,RETRY,RETRIEVE_MORE
316,RETRIEVE_MORE,1.00,RETRIEVE_MORE,RETRIEVE_MORE,RETRIEVE_MORE,RETRIEVE_MORE,RETRIEVE_MORE,RETRIEVE_MORE,RETRIEVE_MORE,RETRIEVE_MORE,RETRIEVE_MORE,RETRIEVE_MORE,RETRIEVE_MORE,RETRIEVE_MORE,RETRIEVE_MORE
317,RETRY,1.00,RETRY,RETRY,RETRY,RETRY,RETRY,RETRY,RETRY,RETRY,RETRY,RETRY,RETRY,RETRY,RETRY
318,REPLAN,0.67,RETRY,REPLAN,REPLAN,REPLAN,RETRY,REPLAN,RETRIEVE_MORE,RETRIEVE_MORE,RETRIEVE_MORE,RETRIEVE_MORE,RETRIEVE_MORE,RETRIEVE_MORE,RETRIEVE_MORE
319,REPLAN,0.83,REPLAN,REPLAN,REPLAN,REPLAN,RETRIEVE_MORE,REPLAN,REPLAN,RETRIEVE_MORE,RETRIEVE_MORE,RETRIEVE_MORE,REPLAN,RETRIEVE_MORE,RETRIEVE_MORE
320,RETRIEVE_MORE,1.00,RETRIEVE_MORE,RETRIEVE_MORE,RETRIEVE_MORE,RETRIEVE_MORE,RETRIEVE_MORE,RETRIEVE_MORE,RETRY,RETRIEVE_MORE,RETRIEVE_MORE,RETRIEVE_MORE,RETRY,RETRIEVE_MORE,RETRIEVE_MORE
321,RETRIEVE_MORE,1.00,RETRIEVE_MORE,RETRIEVE_MORE,RETRIEVE_MORE,RETRIEVE_MORE,RETRIEVE_MORE,RETRIEVE_MORE,RETRIEVE_MORE,RETRIEVE_MORE,RETRIEVE_MORE,RETRIEVE_MORE,RETRIEVE_MORE,RETRIEVE_MORE,RETRIEVE_MORE
322,RETRIEVE_MORE,1.00,RETRIEVE_MORE,RETRIEVE_MORE,RETRIEVE_MORE,RETRIEVE_MORE,RETRIEVE_MORE,RETRIEVE_MORE,RETRIEVE_MORE,RETRIEVE_MORE,RETRIEVE_MORE,RETRIEVE_MORE,RETRIEVE_MORE,RETRIEVE_MORE,RETRIEVE_MORE
323,RETRIEVE_MORE,1.00,RETRIEVE_MORE,RETRIEVE_MORE,RETRIEVE_MORE,RETRIEVE_MORE,RETRIEVE_MORE,RETRIEVE_MORE,RETRIEVE_MORE,RETRIEVE_MORE,RETRIEVE_MORE,RETRIEVE_MORE,RETRIEVE_MORE,RETRIEVE_MORE,RETRIEVE_MORE
324,RETRIEVE_MORE,1.00,RETRIEVE_MORE,RETRIEVE_MORE,RETRIEVE_MORE,RETRIEVE_MORE,RETRIEVE_MORE,RETRIEVE_MORE,RETRIEVE_MORE,RETRIEVE_MORE,RETRIEVE_MORE,RETRIEVE_MORE,RETRIEVE_MORE,RETRIEVE_MORE,RETRIEVE_MORE
325,RETRIEVE_MORE,1.00,RETRIEVE_MORE,RETRIEVE_MORE,RETRIEVE_MORE,RETRIEVE_MORE,RETRIEVE_MORE,RETRIEVE_MORE,RETRIEVE_MORE,RETRIEVE_MORE,RETRIEVE_MORE,RETRIEVE_MORE,RETRIEVE_MORE,RETRIEVE_MORE,RETRIEVE_MORE
326,RETRIEVE_MORE,1.00,RETRIEVE_MORE,RETRIEVE_MORE,RETRIEVE_MORE,RETRIEVE_MORE,RETRIEVE_MORE,RETRIEVE_MORE,RETRIEVE_MORE,RETRIEVE_MORE,RETRIEVE_MORE,RETRIEVE_MORE,RETRIEVE_MORE,RETRIEVE_MORE,RETRIEVE_MORE
327,RETRIEVE_MORE,1.00,RETRIEVE_MORE,RETRIEVE_MORE,RETRIEVE_MORE,RETRIEVE_MORE,RETRIEVE_MORE,RETRIEVE_MORE,RETRIEVE_MORE,RETRIEVE_MORE,RETRIEVE_MORE,RETRIEVE_MORE,RETRIEVE_MORE,RETRIEVE_MORE,RETRIEVE_MORE
328,RETRIEVE_MORE,0.83,REPLAN,RETRIEVE_MORE,RETRIEVE_MORE,RETRIEVE_MORE,RETRIEVE_MORE,RETRIEVE_MORE,RETRIEVE_MORE,RETRIEVE_MORE,RETRIEVE_MORE,RETRIEVE_MORE,RETRIEVE_MORE,RETRIEVE_MORE,RETRIEVE_MORE
329,RETRIEVE_MORE,1.00,RETRIEVE_MORE,RETRIEVE_MORE,RETRIEVE_MORE,RETRIEVE_MORE,RETRIEVE_MORE,RETRIEVE_MORE,RETRIEVE_MORE,RETRIEVE_MORE,RETRIEVE_MORE,RETRIEVE_MORE,RETRIEVE_MORE,RETRIEVE_MORE,RETRIEVE_MORE
330,RETRIEVE_MORE,1.00,RETRIEVE_MORE,RETRIEVE_MORE,RETRIEVE_MORE,RETRIEVE_MORE,RETRIEVE_MORE,RETRIEVE_MORE,RETRIEVE_MORE,RETRIEVE_MORE,RETRIEVE_MORE,RETRIEVE_MORE,RETRIEVE_MORE,RETRIEVE_MORE,RETRIEVE_MORE
331,RETRIEVE_MORE,0.83,RETRY,RETRIEVE_MORE,RETRIEVE_MORE,RETRIEVE_MORE,RETRIEVE_MORE,RETRIEVE_MORE,RETRIEVE_MORE,RETRIEVE_MORE,RETRIEVE_MORE,RETRIEVE_MORE,RETRIEVE_MORE,RETRIEVE_MORE,RETRIEVE_MORE
332,RETRIEVE_MORE,1.00,RETRIEVE_MORE,RETRIEVE_MORE,RETRIEVE_MORE,RETRIEVE_MORE,RETRIEVE_MORE,RETRIEVE_MORE,RETRIEVE_MORE,RETRIEVE_MORE,RETRIEVE_MORE,RETRIEVE_MORE,RETRIEVE_MORE,RETRIEVE_MORE,RETRIEVE_MORE
333,RETRIEVE_MORE,1.00,RETRIEVE_MORE,RETRIEVE_MORE,RETRIEVE_MORE,RETRIEVE_MORE,RETRIEVE_MORE,RETRIEVE_MORE,RETRIEVE_MORE,RETRIEVE_MORE,RETRIEVE_MORE,RETRIEVE_MORE,RETRIEVE_MORE,RETRIEVE_MORE,RETRIEVE_MORE
334,RETRY,1.00,RETRY,RETRY,RETRY,RETRY,RETRY,RETRY,RETRY,RETRY,RETRY,RETRY,RETRY,RETRY,RETRY
335,REPLAN,0.83,REPLAN,REPLAN,REPLAN,REPLAN,RETRIEVE_MORE,REPLAN,RETRIEVE_MORE,RETRIEVE_MORE,RETRIEVE_MORE,RETRIEVE_MORE,RETRIEVE_MORE,RETRIEVE_MORE,RETRIEVE_MORE
336,RETRIEVE_MORE,1.00,RETRIEVE_MORE,RETRIEVE_MORE,RETRIEVE_MORE,RETRIEVE_MORE,RETRIEVE_MORE,RETRIEVE_MORE,RETRIEVE_MORE,RETRIEVE_MORE,RETRIEVE_MORE,RETRIEVE_MORE,RETRIEVE_MORE,RETRIEVE_MORE,RETRIEVE_MORE
337,RETRIEVE_MORE,1.00,RETRIEVE_MORE,RETRIEVE_MORE,RETRIEVE_MORE,RETRIEVE_MORE,RETRIEVE_MORE,RETRIEVE_MORE,TOOL_FIX,RETRIEVE_MORE,RETRIEVE_MORE,RETRIEVE_MORE,TOOL_FIX,RETRIEVE_MORE,RETRIEVE_MORE
338,RETRIEVE_MORE,1.00,RETRIEVE_MORE,RETRIEVE_MORE,RETRIEVE_MORE,RETRIEVE_MORE,RETRIEVE_MORE,RETRIEVE_MORE,RETRIEVE_MORE,RETRIEVE_MORE,RETRIEVE_MORE,RETRIEVE_MORE,RETRIEVE_MORE,RETRIEVE_MORE,RETRIEVE_MORE
339,REPLAN,0.83,REPLAN,REPLAN,REPLAN,REPLAN,RETRIEVE_MORE,REPLAN,RETRIEVE_MORE,RETRIEVE_MORE,RETRIEVE_MORE,RETRIEVE_MORE,RETRIEVE_MORE,RETRIEVE_MORE,RETRIEVE_MORE
340,RETRIEVE_MORE,1.00,RETRIEVE_MORE,RETRIEVE_MORE,RETRIEVE_MORE,RETRIEVE_MORE,RETRIEVE_MORE,RETRIEVE_MORE,RETRIEVE_MORE,RETRIEVE_MORE,RETRIEVE_MORE,RETRIEVE_MORE,RETRIEVE_MORE,RETRIEVE_MORE,RETRIEVE_MORE
341,RETRY,0.83,RETRY,RETRY,REPLAN,RETRY,RETRY,RETRY,RETRY,RETRY,RETRY,RETRY,RETRY,RETRY,RETRY
342,RETRIEVE_MORE,1.00,RETRIEVE_MORE,RETRIEVE_MORE,RETRIEVE_MORE,RETRIEVE_MORE,RETRIEVE_MORE,RETRIEVE_MORE,RETRIEVE_MORE,RETRIEVE_MORE,RETRIEVE_MORE,RETRIEVE_MORE,RETRIEVE_MORE,RETRIEVE_MORE,RETRIEVE_MORE
343,RETRIEVE_MORE,1.00,RETRIEVE_MORE,RETRIEVE_MORE,RETRIEVE_MORE,RETRIEVE_MORE,RETRIEVE_MORE,RETRIEVE_MORE,RETRIEVE_MORE,RETRIEVE_MORE,RETRIEVE_MORE,RETRIEVE_MORE,RETRIEVE_MORE,RETRIEVE_MORE,RETRIEVE_MORE
344,RETRIEVE_MORE,1.00,RETRIEVE_MORE,RETRIEVE_MORE,RETRIEVE_MORE,RETRIEVE_MORE,RETRIEVE_MORE,RETRIEVE_MORE,RETRIEVE_MORE,RETRIEVE_MORE,RETRIEVE_MORE,RETRIEVE_MORE,RETRIEVE_MORE,RETRIEVE_MORE,RETRIEVE_MORE
345,ESCALATE,0.83,ESCALATE,RETRIEVE_MORE,ESCALATE,ESCALATE,ESCALATE,ESCALATE,RETRIEVE_MORE,RETRIEVE_MORE,RETRIEVE_MORE,RETRIEVE_MORE,RETRIEVE_MORE,RETRIEVE_MORE,RETRIEVE_MORE
346,REPLAN,0.83,REPLAN,REPLAN,REPLAN,REPLAN,RETRIEVE_MORE,REPLAN,REPLAN,RETRIEVE_MORE,RETRIEVE_MORE,RETRIEVE_MORE,REPLAN,RETRIEVE_MORE,RETRIEVE_MORE
347,REPLAN,0.83,REPLAN,REPLAN,REPLAN,REPLAN,RETRIEVE_MORE,REPLAN,RETRIEVE_MORE,RETRIEVE_MORE,RETRIEVE_MORE,RETRIEVE_MORE,RETRIEVE_MORE,RETRIEVE_MORE,RETRIEVE_MORE
348,REPLAN,0.67,REPLAN,REPLAN,REPLAN,RETRY,RETRIEVE_MORE,REPLAN,RETRIEVE_MORE,RETRIEVE_MORE,RETRIEVE_MORE,RETRIEVE_MORE,RETRIEVE_MORE,RETRIEVE_MORE,RETRIEVE_MORE
349,RETRIEVE_MORE,1.00,RETRIEVE_MORE,RETRIEVE_MORE,RETRIEVE_MORE,RETRIEVE_MORE,RETRIEVE_MORE,RETRIEVE_MORE,RETRIEVE_MORE,RETRIEVE_MORE,RETRIEVE_MORE,RETRIEVE_MORE,RETRIEVE_MORE,RETRIEVE_MORE,RETRIEVE_MORE
350,RETRIEVE_MORE,1.00,RETRIEVE_MORE,RETRIEVE_MORE,RETRIEVE_MORE,RETRIEVE_MORE,RETRIEVE_MORE,RETRIEVE_MORE,RETRIEVE_MORE,RETRIEVE_MORE,RETRIEVE_MORE,RETRIEVE_MORE,RETRIEVE_MORE,RETRIEVE_MORE,RETRIEVE_MORE
351,RETRIEVE_MORE,1.00,RETRIEVE_MORE,RETRIEVE_MORE,RETRIEVE_MORE,RETRIEVE_MORE,RETRIEVE_MORE,RETRIEVE_MORE,TOOL_FIX,RETRIEVE_MORE,RETRIEVE_MORE,RETRIEVE_MORE,TOOL_FIX,RETRIEVE_MORE,RETRIEVE_MORE
352,RETRIEVE_MORE,1.00,RETRIEVE_MORE,RETRIEVE_MORE,RETRIEVE_MORE,RETRIEVE_MORE,RETRIEVE_MORE,RETRIEVE_MORE,RETRIEVE_MORE,RETRIEVE_MORE,RETRIEVE_MORE,RETRIEVE_MORE,RETRIEVE_MORE,RETRIEVE_MORE,RETRIEVE_MORE
353,RETRIEVE_MORE,1.00,RETRIEVE_MORE,RETRIEVE_MORE,RETRIEVE_MORE,RETRIEVE_MORE,RETRIEVE_MORE,RETRIEVE_MORE,RETRIEVE_MORE,RETRIEVE_MORE,RETRIEVE_MORE,RETRIEVE_MORE,RETRIEVE_MORE,RETRIEVE_MORE,RETRIEVE_MORE
354,RETRIEVE_MORE,0.83,REPLAN,RETRIEVE_MORE,RETRIEVE_MORE,RETRIEVE_MORE,RETRIEVE_MORE,RETRIEVE_MORE,RETRIEVE_MORE,RETRIEVE_MORE,RETRIEVE_MORE,RETRIEVE_MORE,RETRIEVE_MORE,RETRIEVE_MORE,RETRIEVE_MORE
355,REPLAN,0.67,REPLAN,RETRIEVE_MORE,REPLAN,REPLAN,RETRIEVE_MORE,REPLAN,TOOL_FIX,TOOL_FIX,RETRIEVE_MORE,RETRIEVE_MORE,TOOL_FIX,RETRIEVE_MORE,TOOL_FIX
356,RETRIEVE_MORE,1.00,RETRIEVE_MORE,RETRIEVE_MORE,RETRIEVE_MORE,RETRIEVE_MORE,RETRIEVE_MORE,RETRIEVE_MORE,RETRIEVE_MORE,RETRIEVE_MORE,RETRIEVE_MORE,RETRIEVE_MORE,RETRIEVE_MORE,RETRIEVE_MORE,RETRIEVE_MORE
357,RETRIEVE_MORE,1.00,RETRIEVE_MORE,RETRIEVE_MORE,RETRIEVE_MORE,RETRIEVE_MORE,RETRIEVE_MORE,RETRIEVE_MORE,RETRIEVE_MORE,RETRIEVE_MORE,RETRIEVE_MORE,RETRIEVE_MORE,RETRIEVE_MORE,RETRIEVE_MORE,RETRIEVE_MORE
358,RETRIEVE_MORE,1.00,RETRIEVE_MORE,RETRIEVE_MORE,RETRIEVE_MORE,RETRIEVE_MORE,RETRIEVE_MORE,RETRIEVE_MORE,RETRIEVE_MORE,RETRIEVE_MORE,RETRIEVE_MORE,RETRIEVE_MORE,RETRIEVE_MORE,RETRIEVE_MORE,RETRIEVE_MORE
359,RETRIEVE_MORE,1.00,RETRIEVE_MORE,RETRIEVE_MORE,RETRIEVE_MORE,RETRIEVE_MORE,RETRIEVE_MORE,RETRIEVE_MORE,RETRIEVE_MORE,RETRIEVE_MORE,RETRIEVE_MORE,RETRIEVE_MORE,RETRIEVE_MORE,RETRIEVE_MORE,RETRIEVE_MORE
360,RETRIEVE_MORE,1.00,RETRIEVE_MORE,RETRIEVE_MORE,RETRIEVE_MORE,RETRIEVE_MORE,RETRIEVE_MORE,RETRIEVE_MORE,RETRIEVE_MORE,RETRIEVE_MORE,RETRIEVE_MORE,RETRIEVE_MORE,RETRIEVE_MORE,RETRIEVE_MORE,RETRIEVE_MORE
361,RETRIEVE_MORE,1.00,RETRIEVE_MORE,RETRIEVE_MORE,RETRIEVE_MORE,RETRIEVE_MORE,RETRIEVE_MORE,RETRIEVE_MORE,RETRIEVE_MORE,RETRIEVE_MORE,RETRIEVE_MORE,RETRIEVE_MORE,RETRIEVE_MORE,RETRIEVE_MORE,RETRIEVE_MORE
362,RETRIEVE_MORE,1.00,RETRIEVE_MORE,RETRIEVE_MORE,RETRIEVE_MORE,RETRIEVE_MORE,RETRIEVE_MORE,RETRIEVE_MORE,RETRIEVE_MORE,RETRIEVE_MORE,RETRIEVE_MORE,RETRIEVE_MORE,RETRIEVE_MORE,RETRIEVE_MORE,RETRIEVE_MORE
363,REPLAN,1.00,REPLAN,REPLAN,REPLAN,REPLAN,REPLAN,REPLAN,RETRIEVE_MORE,RETRIEVE_MORE,RETRIEVE_MORE,RETRIEVE_MORE,RETRIEVE_MORE,RETRIEVE_MORE,RETRIEVE_MORE
364,REPLAN,1.00,REPLAN,REPLAN,REPLAN,REPLAN,REPLAN,REPLAN,RETRIEVE_MORE,RETRIEVE_MORE,RETRIEVE_MORE,RETRIEVE_MORE,RETRIEVE_MORE,RETRIEVE_MORE,RETRIEVE_MORE
365,RETRIEVE_MORE,1.00,RETRIEVE_MORE,RETRIEVE_MORE,RETRIEVE_MORE,RETRIEVE_MORE,RETRIEVE_MORE,RETRIEVE_MORE,RETRIEVE_MORE,RETRIEVE_MORE,RETRIEVE_MORE,RETRIEVE_MORE,RETRIEVE_MORE,RETRIEVE_MORE,RETRIEVE_MORE
366,REPLAN,0.50,REPLAN,RETRIEVE_MORE,RETRIEVE_MORE,REPLAN,REPLAN,RETRIEVE_MORE,RETRIEVE_MORE,RETRIEVE_MORE,RETRIEVE_MORE,RETRIEVE_MORE,RETRIEVE_MORE,RETRIEVE_MORE,RETRIEVE_MORE
367,RETRIEVE_MORE,1.00,RETRIEVE_MORE,RETRIEVE_MORE,RETRIEVE_MORE,RETRIEVE_MORE,RETRIEVE_MORE,RETRIEVE_MORE,RETRIEVE_MORE,RETRIEVE_MORE,RETRIEVE_MORE,RETRIEVE_MORE,RETRIEVE_MORE,RETRIEVE_MORE,RETRIEVE_MORE
368,RETRIEVE_MORE,1.00,RETRIEVE_MORE,RETRIEVE_MORE,RETRIEVE_MORE,RETRIEVE_MORE,RETRIEVE_MORE,RETRIEVE_MORE,RETRIEVE_MORE,RETRIEVE_MORE,RETRIEVE_MORE,RETRIEVE_MORE,RETRIEVE_MORE,RETRIEVE_MORE,RETRIEVE_MORE
369,RETRIEVE_MORE,1.00,RETRIEVE_MORE,RETRIEVE_MORE,RETRIEVE_MORE,RETRIEVE_MORE,RETRIEVE_MORE,RETRIEVE_MORE,RETRIEVE_MORE,RETRIEVE_MORE,RETRIEVE_MORE,RETRIEVE_MORE,RETRIEVE_MORE,RETRIEVE_MORE,RETRIEVE_MORE
370,RETRIEVE_MORE,1.00,RETRIEVE_MORE,RETRIEVE_MORE,RETRIEVE_MORE,RETRIEVE_MORE,RETRIEVE_MORE,RETRIEVE_MORE,RETRIEVE_MORE,RETRIEVE_MORE,RETRIEVE_MORE,RETRIEVE_MORE,RETRIEVE_MORE,RETRIEVE_MORE,RETRIEVE_MORE
371,RETRIEVE_MORE,1.00,RETRIEVE_MORE,RETRIEVE_MORE,RETRIEVE_MORE,RETRIEVE_MORE,RETRIEVE_MORE,RETRIEVE_MORE,RETRIEVE_MORE,RETRIEVE_MORE,RETRIEVE_MORE,RETRIEVE_MORE,RETRIEVE_MORE,RETRIEVE_MORE,RETRIEVE_MORE
372,RETRIEVE_MORE,1.00,RETRIEVE_MORE,RETRIEVE_MORE,RETRIEVE_MORE,RETRIEVE_MORE,RETRIEVE_MORE,RETRIEVE_MORE,RETRIEVE_MORE,RETRIEVE_MORE,RETRIEVE_MORE,RETRIEVE_MORE,RETRIEVE_MORE,RETRIEVE_MORE,RETRIEVE_MORE
373,REPLAN,0.50,REPLAN,RETRIEVE_MORE,RETRIEVE_MORE,REPLAN,RETRIEVE_MORE,REPLAN,RETRIEVE_MORE,RETRIEVE_MORE,RETRIEVE_MORE,RETRIEVE_MORE,RETRIEVE_MORE,RETRIEVE_MORE,RETRIEVE_MORE
374,RETRIEVE_MORE,1.00,RETRIEVE_MORE,RETRIEVE_MORE,RETRIEVE_MORE,RETRIEVE_MORE,RETRIEVE_MORE,RETRIEVE_MORE,RETRIEVE_MORE,RETRIEVE_MORE,RETRIEVE_MORE,RETRIEVE_MORE,RETRIEVE_MORE,RETRIEVE_MORE,RETRIEVE_MORE
375,REPLAN,0.83,REPLAN,REPLAN,REPLAN,REPLAN,RETRIEVE_MORE,REPLAN,TOOL_FIX,RETRIEVE_MORE,RETRIEVE_MORE,RETRIEVE_MORE,TOOL_FIX,RETRIEVE_MORE,RETRIEVE_MORE
376,RETRIEVE_MORE,1.00,RETRIEVE_MORE,RETRIEVE_MORE,RETRIEVE_MORE,RETRIEVE_MORE,RETRIEVE_MORE,RETRIEVE_MORE,RETRIEVE_MORE,RETRIEVE_MORE,RETRIEVE_MORE,RETRIEVE_MORE,RETRIEVE_MORE,RETRIEVE_MORE,RETRIEVE_MORE
377,RETRIEVE_MORE,1.00,RETRIEVE_MORE,RETRIEVE_MORE,RETRIEVE_MORE,RETRIEVE_MORE,RETRIEVE_MORE,RETRIEVE_MORE,RETRIEVE_MORE,RETRIEVE_MORE,RETRIEVE_MORE,RETRIEVE_MORE,RETRIEVE_MORE,RETRIEVE_MORE,RETRIEVE_MORE
378,RETRIEVE_MORE,1.00,RETRIEVE_MORE,RETRIEVE_MORE,RETRIEVE_MORE,RETRIEVE_MORE,RETRIEVE_MORE,RETRIEVE_MORE,RETRIEVE_MORE,RETRIEVE_MORE,RETRIEVE_MORE,RETRIEVE_MORE,RETRIEVE_MORE,RETRIEVE_MORE,RETRIEVE_MORE
379,RETRIEVE_MORE,1.00,RETRIEVE_MORE,RETRIEVE_MORE,RETRIEVE_MORE,RETRIEVE_MORE,RETRIEVE_MORE,RETRIEVE_MORE,RETRIEVE_MORE,RETRIEVE_MORE,RETRIEVE_MORE,RETRIEVE_MORE,RETRIEVE_MORE,RETRIEVE_MORE,RETRIEVE_MORE
380,RETRIEVE_MORE,1.00,RETRIEVE_MORE,RETRIEVE_MORE,RETRIEVE_MORE,RETRIEVE_MORE,RETRIEVE_MORE,RETRIEVE_MORE,RETRIEVE_MORE,RETRIEVE_MORE,RETRIEVE_MORE,RETRIEVE_MORE,RETRIEVE_MORE,RETRIEVE_MORE,RETRIEVE_MORE
381,REPLAN,1.00,REPLAN,REPLAN,REPLAN,REPLAN,REPLAN,REPLAN,RETRIEVE_MORE,RETRIEVE_MORE,RETRIEVE_MORE,RETRIEVE_MORE,RETRIEVE_MORE,RETRIEVE_MORE,RETRIEVE_MORE
382,RETRY,0.50,REPLAN,RETRY,REPLAN,RETRY,RETRIEVE_MORE,RETRY,RETRIEVE_MORE,RETRIEVE_MORE,RETRIEVE_MORE,RETRIEVE_MORE,RETRIEVE_MORE,RETRIEVE_MORE,RETRIEVE_MORE
383,RETRIEVE_MORE,1.00,RETRIEVE_MORE,RETRIEVE_MORE,RETRIEVE_MORE,RETRIEVE_MORE,RETRIEVE_MORE,RETRIEVE_MORE,RETRIEVE_MORE,TOOL_FIX,RETRIEVE_MORE,RETRIEVE_MORE,RETRIEVE_MORE,RETRIEVE_MORE,RETRIEVE_MORE
384,RETRIEVE_MORE,1.00,RETRIEVE_MORE,RETRIEVE_MORE,RETRIEVE_MORE,RETRIEVE_MORE,RETRIEVE_MORE,RETRIEVE_MORE,RETRIEVE_MORE,RETRIEVE_MORE,RETRIEVE_MORE,RETRIEVE_MORE,RETRIEVE_MORE,RETRIEVE_MORE,RETRIEVE_MORE
385,REPLAN,0.83,REPLAN,REPLAN,REPLAN,REPLAN,RETRIEVE_MORE,REPLAN,RETRIEVE_MORE,RETRIEVE_MORE,RETRIEVE_MORE,RETRIEVE_MORE,RETRIEVE_MORE,RETRIEVE_MORE,RETRIEVE_MORE
386,RETRIEVE_MORE,0.50,RETRIEVE_MORE,REPLAN,REPLAN,RETRIEVE_MORE,RETRIEVE_MORE,REPLAN,TOOL_FIX,TOOL_FIX,REPLAN,REPLAN,TOOL_FIX,REPLAN,TOOL_FIX
387,RETRIEVE_MORE,1.00,RETRIEVE_MORE,RETRIEVE_MORE,RETRIEVE_MORE,RETRIEVE_MORE,RETRIEVE_MORE,RETRIEVE_MORE,RETRIEVE_MORE,RETRIEVE_MORE,RETRIEVE_MORE,RETRIEVE_MORE,RETRIEVE_MORE,RETRIEVE_MORE,RETRIEVE_MORE
388,RETRIEVE_MORE,1.00,RETRIEVE_MORE,RETRIEVE_MORE,RETRIEVE_MORE,RETRIEVE_MORE,RETRIEVE_MORE,RETRIEVE_MORE,RETRIEVE_MORE,RETRIEVE_MORE,RETRIEVE_MORE,RETRIEVE_MORE,RETRIEVE_MORE,RETRIEVE_MORE,RETRIEVE_MORE
389,RETRIEVE_MORE,1.00,RETRIEVE_MORE,RETRIEVE_MORE,RETRIEVE_MORE,RETRIEVE_MORE,RETRIEVE_MORE,RETRIEVE_MORE,TOOL_FIX,TOOL_FIX,RETRIEVE_MORE,RETRIEVE_MORE,TOOL_FIX,RETRIEVE_MORE,TOOL_FIX
390,RETRIEVE_MORE,1.00,RETRIEVE_MORE,RETRIEVE_MORE,RETRIEVE_MORE,RETRIEVE_MORE,RETRIEVE_MORE,RETRIEVE_MORE,RETRIEVE_MORE,RETRIEVE_MORE,RETRIEVE_MORE,RETRIEVE_MORE,RETRIEVE_MORE,RETRIEVE_MORE,RETRIEVE_MORE
391,REPLAN,1.00,REPLAN,REPLAN,REPLAN,REPLAN,REPLAN,REPLAN,RETRIEVE_MORE,RETRIEVE_MORE,RETRIEVE_MORE,RETRIEVE_MORE,RETRIEVE_MORE,RETRIEVE_MORE,RETRIEVE_MORE
392,RETRIEVE_MORE,1.00,RETRIEVE_MORE,RETRIEVE_MORE,RETRIEVE_MORE,RETRIEVE_MORE,RETRIEVE_MORE,RETRIEVE_MORE,RETRIEVE_MORE,RETRIEVE_MORE,RETRIEVE_MORE,RETRIEVE_MORE,RETRIEVE_MORE,RETRIEVE_MORE,RETRIEVE_MORE
393,RETRIEVE_MORE,1.00,RETRIEVE_MORE,RETRIEVE_MORE,RETRIEVE_MORE,RETRIEVE_MORE,RETRIEVE_MORE,RETRIEVE_MORE,RETRIEVE_MORE,RETRIEVE_MORE,RETRIEVE_MORE,RETRIEVE_MORE,RETRIEVE_MORE,RETRIEVE_MORE,RETRIEVE_MORE
394,REPLAN,0.67,REPLAN,REPLAN,REPLAN,RETRY,RETRIEVE_MORE,REPLAN,RETRIEVE_MORE,RETRIEVE_MORE,RETRY,RETRIEVE_MORE,RETRIEVE_MORE,RETRY,RETRIEVE_MORE
395,REPLAN,0.83,REPLAN,REPLAN,REPLAN,REPLAN,RETRIEVE_MORE,REPLAN,RETRIEVE_MORE,RETRIEVE_MORE,RETRIEVE_MORE,RETRIEVE_MORE,RETRIEVE_MORE,RETRIEVE_MORE,RETRIEVE_MORE
396,RETRIEVE_MORE,1.00,RETRIEVE_MORE,RETRIEVE_MORE,RETRIEVE_MORE,RETRIEVE_MORE,RETRIEVE_MORE,RETRIEVE_MORE,RETRIEVE_MORE,RETRIEVE_MORE,REPLAN,REPLAN,RETRIEVE_MORE,REPLAN,RETRIEVE_MORE
397,RETRIEVE_MORE,1.00,RETRIEVE_MORE,RETRIEVE_MORE,RETRIEVE_MORE,RETRIEVE_MORE,RETRIEVE_MORE,RETRIEVE_MORE,RETRIEVE_MORE,RETRIEVE_MORE,RETRIEVE_MORE,RETRIEVE_MORE,RETRIEVE_MORE,RETRIEVE_MORE,RETRIEVE_MORE
398,RETRIEVE_MORE,1.00,RETRIEVE_MORE,RETRIEVE_MORE,RETRIEVE_MORE,RETRIEVE_MORE,RETRIEVE_MORE,RETRIEVE_MORE,RETRIEVE_MORE,RETRIEVE_MORE,RETRIEVE_MORE,RETRIEVE_MORE,RETRIEVE_MORE,RETRIEVE_MORE,RETRIEVE_MORE
399,RETRIEVE_MORE,1.00,RETRIEVE_MORE,RETRIEVE_MORE,RETRIEVE_MORE,RETRIEVE_MORE,RETRIEVE_MORE,RETRIEVE_MORE,RETRIEVE_MORE,RETRIEVE_MORE,RETRIEVE_MORE,RETRIEVE_MORE,RETRIEVE_MORE,RETRIEVE_MORE,RETRIEVE_MORE
400,RETRIEVE_MORE,1.00,RETRIEVE_MORE,RETRIEVE_MORE,RETRIEVE_MORE,RETRIEVE_MORE,RETRIEVE_MORE,RETRIEVE_MORE,RETRIEVE_MORE,RETRIEVE_MORE,RETRIEVE_MORE,RETRIEVE_MORE,RETRIEVE_MORE,RETRIEVE_MORE,RETRIEVE_MORE
401,RETRIEVE_MORE,1.00,RETRIEVE_MORE,RETRIEVE_MORE,RETRIEVE_MORE,RETRIEVE_MORE,RETRIEVE_MORE,RETRIEVE_MORE,RETRIEVE_MORE,RETRIEVE_MORE,RETRIEVE_MORE,RETRIEVE_MORE,RETRIEVE_MORE,RETRIEVE_MORE,RETRIEVE_MORE
402,REPLAN,1.00,REPLAN,REPLAN,REPLAN,REPLAN,REPLAN,REPLAN,RETRIEVE_MORE,RETRIEVE_MORE,RETRIEVE_MORE,RETRIEVE_MORE,RETRIEVE_MORE,RETRIEVE_MORE,RETRIEVE_MORE
403,RETRIEVE_MORE,1.00,RETRIEVE_MORE,RETRIEVE_MORE,RETRIEVE_MORE,RETRIEVE_MORE,RETRIEVE_MORE,RETRIEVE_MORE,RETRIEVE_MORE,RETRIEVE_MORE,RETRIEVE_MORE,RETRIEVE_MORE,RETRIEVE_MORE,RETRIEVE_MORE,RETRIEVE_MORE
404,RETRIEVE_MORE,0.83,RETRIEVE_MORE,RETRIEVE_MORE,REPLAN,RETRIEVE_MORE,RETRIEVE_MORE,RETRIEVE_MORE,REPLAN,RETRIEVE_MORE,RETRIEVE_MORE,RETRIEVE_MORE,REPLAN,RETRIEVE_MORE,RETRIEVE_MORE
405,REPLAN,0.83,REPLAN,REPLAN,REPLAN,REPLAN,RETRIEVE_MORE,REPLAN,RETRIEVE_MORE,RETRIEVE_MORE,RETRIEVE_MORE,RETRIEVE_MORE,RETRIEVE_MORE,RETRIEVE_MORE,RETRIEVE_MORE
406,RETRIEVE_MORE,1.00,RETRIEVE_MORE,RETRIEVE_MORE,RETRIEVE_MORE,RETRIEVE_MORE,RETRIEVE_MORE,RETRIEVE_MORE,RETRIEVE_MORE,RETRIEVE_MORE,RETRIEVE_MORE,RETRIEVE_MORE,RETRIEVE_MORE,RETRIEVE_MORE,RETRIEVE_MORE
407,RETRIEVE_MORE,0.83,RETRIEVE_MORE,RETRIEVE_MORE,REPLAN,RETRIEVE_MORE,RETRIEVE_MORE,RETRIEVE_MORE,REPLAN,RETRIEVE_MORE,RETRIEVE_MORE,RETRIEVE_MORE,REPLAN,RETRIEVE_MORE,RETRIEVE_MORE
408,REPLAN,0.83,REPLAN,REPLAN,REPLAN,REPLAN,RETRIEVE_MORE,REPLAN,RETRIEVE_MORE,RETRIEVE_MORE,RETRIEVE_MORE,RETRIEVE_MORE,RETRIEVE_MORE,RETRIEVE_MORE,RETRIEVE_MORE
409,RETRIEVE_MORE,1.00,RETRIEVE_MORE,RETRIEVE_MORE,RETRIEVE_MORE,RETRIEVE_MORE,RETRIEVE_MORE,RETRIEVE_MORE,RETRIEVE_MORE,RETRIEVE_MORE,RETRIEVE_MORE,RETRIEVE_MORE,RETRIEVE_MORE,RETRIEVE_MORE,RETRIEVE_MORE
410,RETRIEVE_MORE,1.00,RETRIEVE_MORE,RETRIEVE_MORE,RETRIEVE_MORE,RETRIEVE_MORE,RETRIEVE_MORE,RETRIEVE_MORE,RETRIEVE_MORE,RETRIEVE_MORE,RETRIEVE_MORE,RETRIEVE_MORE,RETRIEVE_MORE,RETRIEVE_MORE,RETRIEVE_MORE
411,REPLAN,0.83,REPLAN,REPLAN,REPLAN,REPLAN,RETRIEVE_MORE,REPLAN,RETRIEVE_MORE,RETRIEVE_MORE,RETRIEVE_MORE,RETRIEVE_MORE,RETRIEVE_MORE,RETRIEVE_MORE,RETRIEVE_MORE
412,RETRIEVE_MORE,1.00,RETRIEVE_MORE,RETRIEVE_MORE,RETRIEVE_MORE,RETRIEVE_MORE,RETRIEVE_MORE,RETRIEVE_MORE,RETRIEVE_MORE,RETRIEVE_MORE,RETRIEVE_MORE,RETRIEVE_MORE,RETRIEVE_MORE,RETRIEVE_MORE,RETRIEVE_MORE
413,REPLAN,0.83,REPLAN,REPLAN,REPLAN,REPLAN,RETRIEVE_MORE,REPLAN,RETRIEVE_MORE,RETRIEVE_MORE,RETRIEVE_MORE,RETRIEVE_MORE,RETRIEVE_MORE,RETRIEVE_MORE,RETRIEVE_MORE
414,RETRIEVE_MORE,1.00,RETRIEVE_MORE,RETRIEVE_MORE,RETRIEVE_MORE,RETRIEVE_MORE,RETRIEVE_MORE,RETRIEVE_MORE,RETRIEVE_MORE,RETRIEVE_MORE,RETRIEVE_MORE,RETRIEVE_MORE,RETRIEVE_MORE,RETRIEVE_MORE,RETRIEVE_MORE
415,RETRIEVE_MORE,1.00,RETRIEVE_MORE,RETRIEVE_MORE,RETRIEVE_MORE,RETRIEVE_MORE,RETRIEVE_MORE,RETRIEVE_MORE,RETRIEVE_MORE,RETRIEVE_MORE,RETRIEVE_MORE,RETRIEVE_MORE,RETRIEVE_MORE,RETRIEVE_MORE,RETRIEVE_MORE
416,RETRIEVE_MORE,1.00,RETRIEVE_MORE,RETRIEVE_MORE,RETRIEVE_MORE,RETRIEVE_MORE,RETRIEVE_MORE,RETRIEVE_MORE,RETRIEVE_MORE,RETRIEVE_MORE,REPLAN,REPLAN,RETRIEVE_MORE,REPLAN,RETRIEVE_MORE
417,REPLAN,1.00,REPLAN,REPLAN,REPLAN,REPLAN,REPLAN,REPLAN,RETRIEVE_MORE,RETRIEVE_MORE,RETRIEVE_MORE,RETRIEVE_MORE,RETRIEVE_MORE,RETRIEVE_MORE,RETRIEVE_MORE
418,REPLAN,0.83,REPLAN,REPLAN,REPLAN,REPLAN,RETRIEVE_MORE,REPLAN,RETRIEVE_MORE,RETRIEVE_MORE,RETRIEVE_MORE,RETRIEVE_MORE,RETRIEVE_MORE,RETRIEVE_MORE,RETRIEVE_MORE
419,RETRIEVE_MORE,1.00,RETRIEVE_MORE,RETRIEVE_MORE,RETRIEVE_MORE,RETRIEVE_MORE,RETRIEVE_MORE,RETRIEVE_MORE,RETRIEVE_MORE,RETRIEVE_MORE,RETRIEVE_MORE,RETRIEVE_MORE,RETRIEVE_MORE,RETRIEVE_MORE,RETRIEVE_MORE
420,RETRIEVE_MORE,1.00,RETRIEVE_MORE,RETRIEVE_MORE,RETRIEVE_MORE,RETRIEVE_MORE,RETRIEVE_MORE,RETRIEVE_MORE,RETRIEVE_MORE,RETRIEVE_MORE,RETRY,RETRIEVE_MORE,RETRIEVE_MORE,RETRY,RETRIEVE_MORE
421,RETRIEVE_MORE,1.00,RETRIEVE_MORE,RETRIEVE_MORE,RETRIEVE_MORE,RETRIEVE_MORE,RETRIEVE_MORE,RETRIEVE_MORE,RETRIEVE_MORE,RETRIEVE_MORE,RETRIEVE_MORE,RETRIEVE_MORE,RETRIEVE_MORE,RETRIEVE_MORE,RETRIEVE_MORE
422,REPLAN,0.50,REPLAN,REPLAN,RETRIEVE_MORE,RETRIEVE_MORE,REPLAN,RETRIEVE_MORE,RETRIEVE_MORE,RETRIEVE_MORE,RETRIEVE_MORE,RETRIEVE_MORE,RETRIEVE_MORE,RETRIEVE_MORE,RETRIEVE_MORE
423,RETRIEVE_MORE,1.00,RETRIEVE_MORE,RETRIEVE_MORE,RETRIEVE_MORE,RETRIEVE_MORE,RETRIEVE_MORE,RETRIEVE_MORE,RETRIEVE_MORE,RETRIEVE_MORE,RETRIEVE_MORE,RETRIEVE_MORE,RETRIEVE_MORE,RETRIEVE_MORE,RETRIEVE_MORE
424,RETRIEVE_MORE,1.00,RETRIEVE_MORE,RETRIEVE_MORE,RETRIEVE_MORE,RETRIEVE_MORE,RETRIEVE_MORE,RETRIEVE_MORE,RETRIEVE_MORE,RETRIEVE_MORE,RETRIEVE_MORE,RETRIEVE_MORE,RETRIEVE_MORE,RETRIEVE_MORE,RETRIEVE_MORE
425,RETRIEVE_MORE,1.00,RETRIEVE_MORE,RETRIEVE_MORE,RETRIEVE_MORE,RETRIEVE_MORE,RETRIEVE_MORE,RETRIEVE_MORE,TOOL_FIX,RETRIEVE_MORE,RETRY,RETRY,TOOL_FIX,RETRY,RETRY
426,RETRIEVE_MORE,1.00,RETRIEVE_MORE,RETRIEVE_MORE,RETRIEVE_MORE,RETRIEVE_MORE,RETRIEVE_MORE,RETRIEVE_MORE,RETRIEVE_MORE,RETRY,RETRIEVE_MORE,RETRIEVE_MORE,RETRIEVE_MORE,RETRIEVE_MORE,RETRIEVE_MORE
427,REPLAN,0.67,REPLAN,REPLAN,RETRIEVE_MORE,REPLAN,RETRIEVE_MORE,REPLAN,RETRIEVE_MORE,RETRIEVE_MORE,RETRIEVE_MORE,RETRIEVE_MORE,RETRIEVE_MORE,RETRIEVE_MORE,RETRIEVE_MORE
428,RETRIEVE_MORE,1.00,RETRIEVE_MORE,RETRIEVE_MORE,RETRIEVE_MORE,RETRIEVE_MORE,RETRIEVE_MORE,RETRIEVE_MORE,RETRIEVE_MORE,RETRIEVE_MORE,RETRIEVE_MORE,RETRIEVE_MORE,RETRIEVE_MORE,RETRIEVE_MORE,RETRIEVE_MORE
429,REPLAN,0.67,REPLAN,REPLAN,RETRIEVE_MORE,REPLAN,RETRIEVE_MORE,REPLAN,RETRIEVE_MORE,RETRIEVE_MORE,RETRIEVE_MORE,RETRIEVE_MORE,RETRIEVE_MORE,RETRIEVE_MORE,RETRIEVE_MORE
430,RETRIEVE_MORE,1.00,RETRIEVE_MORE,RETRIEVE_MORE,RETRIEVE_MORE,RETRIEVE_MORE,RETRIEVE_MORE,RETRIEVE_MORE,RETRIEVE_MORE,RETRIEVE_MORE,RETRIEVE_MORE,RETRIEVE_MORE,RETRIEVE_MORE,RETRIEVE_MORE,RETRIEVE_MORE
431,RETRIEVE_MORE,1.00,RETRIEVE_MORE,RETRIEVE_MORE,RETRIEVE_MORE,RETRIEVE_MORE,RETRIEVE_MORE,RETRIEVE_MORE,RETRIEVE_MORE,RETRIEVE_MORE,RETRIEVE_MORE,RETRIEVE_MORE,RETRIEVE_MORE,RETRIEVE_MORE,RETRIEVE_MORE
432,RETRIEVE_MORE,1.00,RETRIEVE_MORE,RETRIEVE_MORE,RETRIEVE_MORE,RETRIEVE_MORE,RETRIEVE_MORE,RETRIEVE_MORE,RETRIEVE_MORE,RETRIEVE_MORE,RETRIEVE_MORE,RETRIEVE_MORE,RETRIEVE_MORE,RETRIEVE_MORE,RETRIEVE_MORE
433,RETRIEVE_MORE,1.00,RETRIEVE_MORE,RETRIEVE_MORE,RETRIEVE_MORE,RETRIEVE_MORE,RETRIEVE_MORE,RETRIEVE_MORE,RETRIEVE_MORE,RETRIEVE_MORE,RETRIEVE_MORE,RETRIEVE_MORE,RETRIEVE_MORE,RETRIEVE_MORE,RETRIEVE_MORE
434,RETRIEVE_MORE,1.00,RETRIEVE_MORE,RETRIEVE_MORE,RETRIEVE_MORE,RETRIEVE_MORE,RETRIEVE_MORE,RETRIEVE_MORE,RETRIEVE_MORE,RETRIEVE_MORE,RETRIEVE_MORE,RETRIEVE_MORE,RETRIEVE_MORE,RETRIEVE_MORE,RETRIEVE_MORE
435,RETRIEVE_MORE,1.00,RETRIEVE_MORE,RETRIEVE_MORE,RETRIEVE_MORE,RETRIEVE_MORE,RETRIEVE_MORE,RETRIEVE_MORE,TOOL_FIX,RETRIEVE_MORE,RETRIEVE_MORE,RETRIEVE_MORE,TOOL_FIX,RETRIEVE_MORE,RETRIEVE_MORE
436,RETRIEVE_MORE,1.00,RETRIEVE_MORE,RETRIEVE_MORE,RETRIEVE_MORE,RETRIEVE_MORE,RETRIEVE_MORE,RETRIEVE_MORE,RETRIEVE_MORE,RETRIEVE_MORE,RETRIEVE_MORE,RETRIEVE_MORE,RETRIEVE_MORE,RETRIEVE_MORE,RETRIEVE_MORE
437,RETRIEVE_MORE,1.00,RETRIEVE_MORE,RETRIEVE_MORE,RETRIEVE_MORE,RETRIEVE_MORE,RETRIEVE_MORE,RETRIEVE_MORE,REPLAN,RETRIEVE_MORE,RETRIEVE_MORE,RETRIEVE_MORE,REPLAN,RETRIEVE_MORE,RETRIEVE_MORE
438,REPLAN,0.50,RETRY,REPLAN,REPLAN,RETRY,TOOL_FIX,REPLAN,RETRY,TOOL_FIX,RETRIEVE_MORE,RETRIEVE_MORE,RETRY,RETRIEVE_MORE,RETRIEVE_MORE
439,RETRIEVE_MORE,1.00,RETRIEVE_MORE,RETRIEVE_MORE,RETRIEVE_MORE,RETRIEVE_MORE,RETRIEVE_MORE,RETRIEVE_MORE,RETRIEVE_MORE,RETRIEVE_MORE,RETRIEVE_MORE,RETRIEVE_MORE,RETRIEVE_MORE,RETRIEVE_MORE,RETRIEVE_MORE
440,REPLAN,0.83,REPLAN,REPLAN,REPLAN,REPLAN,RETRIEVE_MORE,REPLAN,RETRIEVE_MORE,RETRIEVE_MORE,RETRIEVE_MORE,RETRIEVE_MORE,RETRIEVE_MORE,RETRIEVE_MORE,RETRIEVE_MORE
441,RETRIEVE_MORE,1.00,RETRIEVE_MORE,RETRIEVE_MORE,RETRIEVE_MORE,RETRIEVE_MORE,RETRIEVE_MORE,RETRIEVE_MORE,REPLAN,RETRIEVE_MORE,RETRIEVE_MORE,RETRIEVE_MORE,REPLAN,RETRIEVE_MORE,RETRIEVE_MORE
442,RETRIEVE_MORE,1.00,RETRIEVE_MORE,RETRIEVE_MORE,RETRIEVE_MORE,RETRIEVE_MORE,RETRIEVE_MORE,RETRIEVE_MORE,RETRIEVE_MORE,RETRIEVE_MORE,RETRIEVE_MORE,RETRIEVE_MORE,RETRIEVE_MORE,RETRIEVE_MORE,RETRIEVE_MORE
443,REPLAN,0.83,REPLAN,REPLAN,REPLAN,REPLAN,RETRIEVE_MORE,REPLAN,RETRIEVE_MORE,RETRIEVE_MORE,RETRIEVE_MORE,RETRIEVE_MORE,RETRIEVE_MORE,RETRIEVE_MORE,RETRIEVE_MORE
444,RETRIEVE_MORE,1.00,RETRIEVE_MORE,RETRIEVE_MORE,RETRIEVE_MORE,RETRIEVE_MORE,RETRIEVE_MORE,RETRIEVE_MORE,RETRIEVE_MORE,RETRIEVE_MORE,RETRIEVE_MORE,RETRIEVE_MORE,RETRIEVE_MORE,RETRIEVE_MORE,RETRIEVE_MORE
445,REPLAN,1.00,REPLAN,REPLAN,REPLAN,REPLAN,REPLAN,REPLAN,RETRIEVE_MORE,RETRIEVE_MORE,RETRIEVE_MORE,RETRIEVE_MORE,RETRIEVE_MORE,RETRIEVE_MORE,RETRIEVE_MORE
446,REPLAN,0.83,REPLAN,REPLAN,REPLAN,REPLAN,RETRIEVE_MORE,REPLAN,RETRIEVE_MORE,RETRIEVE_MORE,RETRIEVE_MORE,RETRIEVE_MORE,RETRIEVE_MORE,RETRIEVE_MORE,RETRIEVE_MORE
447,REPLAN,0.83,REPLAN,REPLAN,REPLAN,REPLAN,RETRIEVE_MORE,REPLAN,RETRIEVE_MORE,RETRIEVE_MORE,RETRIEVE_MORE,RETRIEVE_MORE,RETRIEVE_MORE,RETRIEVE_MORE,RETRIEVE_MORE
448,RETRIEVE_MORE,1.00,RETRIEVE_MORE,RETRIEVE_MORE,RETRIEVE_MORE,RETRIEVE_MORE,RETRIEVE_MORE,RETRIEVE_MORE,RETRIEVE_MORE,RETRIEVE_MORE,RETRIEVE_MORE,RETRIEVE_MORE,RETRIEVE_MORE,RETRIEVE_MORE,RETRIEVE_MORE
449,RETRIEVE_MORE,0.67,RETRY,RETRIEVE_MORE,RETRIEVE_MORE,RETRIEVE_MORE,RETRIEVE_MORE,REPLAN,RETRIEVE_MORE,RETRIEVE_MORE,RETRIEVE_MORE,RETRIEVE_MORE,RETRIEVE_MORE,RETRIEVE_MORE,RETRIEVE_MORE
450,RETRIEVE_MORE,1.00,RETRIEVE_MORE,RETRIEVE_MORE,RETRIEVE_MORE,RETRIEVE_MORE,RETRIEVE_MORE,RETRIEVE_MORE,RETRIEVE_MORE,RETRIEVE_MORE,RETRIEVE_MORE,RETRIEVE_MORE,RETRIEVE_MORE,RETRIEVE_MORE,RETRIEVE_MORE
451,RETRIEVE_MORE,1.00,RETRIEVE_MORE,RETRIEVE_MORE,RETRIEVE_MORE,RETRIEVE_MORE,RETRIEVE_MORE,RETRIEVE_MORE,RETRIEVE_MORE,RETRIEVE_MORE,RETRIEVE_MORE,RETRIEVE_MORE,RETRIEVE_MORE,RETRIEVE_MORE,RETRIEVE_MORE
452,RETRIEVE_MORE,1.00,RETRIEVE_MORE,RETRIEVE_MORE,RETRIEVE_MORE,RETRIEVE_MORE,RETRIEVE_MORE,RETRIEVE_MORE,RETRIEVE_MORE,RETRIEVE_MORE,RETRIEVE_MORE,RETRY,RETRIEVE_MORE,RETRIEVE_MORE,RETRIEVE_MORE
453,RETRIEVE_MORE,1.00,RETRIEVE_MORE,RETRIEVE_MORE,RETRIEVE_MORE,RETRIEVE_MORE,RETRIEVE_MORE,RETRIEVE_MORE,RETRIEVE_MORE,RETRIEVE_MORE,RETRIEVE_MORE,RETRIEVE_MORE,RETRIEVE_MORE,RETRIEVE_MORE,RETRIEVE_MORE
454,RETRIEVE_MORE,0.67,RETRIEVE_MORE,RETRIEVE_MORE,RETRIEVE_MORE,TOOL_FIX,TOOL_FIX,RETRIEVE_MORE,RETRIEVE_MORE,TOOL_FIX,RETRIEVE_MORE,RETRIEVE_MORE,RETRIEVE_MORE,RETRIEVE_MORE,RETRIEVE_MORE
455,RETRIEVE_MORE,1.00,RETRIEVE_MORE,RETRIEVE_MORE,RETRIEVE_MORE,RETRIEVE_MORE,RETRIEVE_MORE,RETRIEVE_MORE,RETRIEVE_MORE,RETRIEVE_MORE,RETRIEVE_MORE,RETRIEVE_MORE,RETRIEVE_MORE,RETRIEVE_MORE,RETRIEVE_MORE
456,RETRY,0.67,RETRY,REPLAN,REPLAN,RETRY,RETRY,RETRY,RETRIEVE_MORE,RETRIEVE_MORE,RETRIEVE_MORE,RETRIEVE_MORE,RETRIEVE_MORE,RETRIEVE_MORE,RETRIEVE_MORE
457,RETRIEVE_MORE,1.00,RETRIEVE_MORE,RETRIEVE_MORE,RETRIEVE_MORE,RETRIEVE_MORE,RETRIEVE_MORE,RETRIEVE_MORE,RETRIEVE_MORE,RETRIEVE_MORE,RETRIEVE_MORE,RETRIEVE_MORE,RETRIEVE_MORE,RETRIEVE_MORE,RETRIEVE_MORE
458,REPLAN,0.83,REPLAN,REPLAN,REPLAN,REPLAN,RETRIEVE_MORE,REPLAN,RETRIEVE_MORE,RETRIEVE_MORE,RETRIEVE_MORE,RETRIEVE_MORE,RETRIEVE_MORE,RETRIEVE_MORE,RETRIEVE_MORE
459,RETRIEVE_MORE,1.00,RETRIEVE_MORE,RETRIEVE_MORE,RETRIEVE_MORE,RETRIEVE_MORE,RETRIEVE_MORE,RETRIEVE_MORE,RETRIEVE_MORE,RETRIEVE_MORE,RETRIEVE_MORE,RETRIEVE_MORE,RETRIEVE_MORE,RETRIEVE_MORE,RETRIEVE_MORE
460,REPLAN,1.00,REPLAN,REPLAN,REPLAN,REPLAN,REPLAN,REPLAN,REPLAN,RETRIEVE_MORE,RETRIEVE_MORE,RETRIEVE_MORE,REPLAN,RETRIEVE_MORE,RETRIEVE_MORE
461,RETRIEVE_MORE,1.00,RETRIEVE_MORE,RETRIEVE_MORE,RETRIEVE_MORE,RETRIEVE_MORE,RETRIEVE_MORE,RETRIEVE_MORE,RETRIEVE_MORE,RETRIEVE_MORE,RETRIEVE_MORE,RETRIEVE_MORE,RETRIEVE_MORE,RETRIEVE_MORE,RETRIEVE_MORE
462,TOOL_FIX,0.67,TOOL_FIX,RETRIEVE_MORE,RETRIEVE_MORE,TOOL_FIX,TOOL_FIX,TOOL_FIX,TOOL_FIX,RETRIEVE_MORE,RETRIEVE_MORE,RETRIEVE_MORE,TOOL_FIX,RETRIEVE_MORE,RETRIEVE_MORE
463,RETRIEVE_MORE,1.00,RETRIEVE_MORE,RETRIEVE_MORE,RETRIEVE_MORE,RETRIEVE_MORE,RETRIEVE_MORE,RETRIEVE_MORE,RETRIEVE_MORE,REPLAN,REPLAN,RETRIEVE_MORE,RETRIEVE_MORE,REPLAN,RETRIEVE_MORE
464,RETRIEVE_MORE,1.00,RETRIEVE_MORE,RETRIEVE_MORE,RETRIEVE_MORE,RETRIEVE_MORE,RETRIEVE_MORE,RETRIEVE_MORE,TOOL_FIX,TOOL_FIX,RETRIEVE_MORE,RETRY,TOOL_FIX,RETRIEVE_MORE,TOOL_FIX
465,RETRIEVE_MORE,1.00,RETRIEVE_MORE,RETRIEVE_MORE,RETRIEVE_MORE,RETRIEVE_MORE,RETRIEVE_MORE,RETRIEVE_MORE,TOOL_FIX,TOOL_FIX,RETRIEVE_MORE,TOOL_FIX,TOOL_FIX,RETRIEVE_MORE,TOOL_FIX
466,RETRIEVE_MORE,0.67,RETRIEVE_MORE,RETRIEVE_MORE,RETRIEVE_MORE,RETRIEVE_MORE,TOOL_FIX,TOOL_FIX,TOOL_FIX,TOOL_FIX,RETRY,RETRIEVE_MORE,TOOL_FIX,RETRY,TOOL_FIX
467,RETRIEVE_MORE,0.83,RETRIEVE_MORE,RETRIEVE_MORE,RETRIEVE_MORE,RETRIEVE_MORE,TOOL_FIX,RETRIEVE_MORE,TOOL_FIX,TOOL_FIX,RETRIEVE_MORE,RETRIEVE_MORE,TOOL_FIX,RETRIEVE_MORE,TOOL_FIX
468,RETRIEVE_MORE,0.83,RETRIEVE_MORE,RETRIEVE_MORE,RETRIEVE_MORE,RETRIEVE_MORE,TOOL_FIX,RETRIEVE_MORE,RETRIEVE_MORE,TOOL_FIX,RETRIEVE_MORE,RETRY,RETRIEVE_MORE,RETRIEVE_MORE,RETRIEVE_MORE
469,TOOL_FIX,1.00,TOOL_FIX,TOOL_FIX,TOOL_FIX,TOOL_FIX,TOOL_FIX,TOOL_FIX,RETRIEVE_MORE,TOOL_FIX,RETRIEVE_MORE,RETRIEVE_MORE,RETRIEVE_MORE,RETRIEVE_MORE,RETRIEVE_MORE
470,RETRIEVE_MORE,0.67,RETRIEVE_MORE,TOOL_FIX,TOOL_FIX,RETRIEVE_MORE,RETRIEVE_MORE,RETRIEVE_MORE,RETRIEVE_MORE,RETRIEVE_MORE,RETRIEVE_MORE,RETRIEVE_MORE,RETRIEVE_MORE,RETRIEVE_MORE,RETRIEVE_MORE
471,TOOL_FIX,1.00,TOOL_FIX,TOOL_FIX,TOOL_FIX,TOOL_FIX,TOOL_FIX,TOOL_FIX,TOOL_FIX,TOOL_FIX,RETRIEVE_MORE,RETRIEVE_MORE,TOOL_FIX,RETRIEVE_MORE,TOOL_FIX
472,TOOL_FIX,1.00,TOOL_FIX,TOOL_FIX,TOOL_FIX,TOOL_FIX,TOOL_FIX,TOOL_FIX,TOOL_FIX,RETRIEVE_MORE,RETRY,RETRY,TOOL_FIX,RETRY,RETRY
473,TOOL_FIX,1.00,TOOL_FIX,TOOL_FIX,TOOL_FIX,TOOL_FIX,TOOL_FIX,TOOL_FIX,RETRIEVE_MORE,RETRIEVE_MORE,RETRIEVE_MORE,RETRIEVE_MORE,RETRIEVE_MORE,RETRIEVE_MORE,RETRIEVE_MORE
474,TOOL_FIX,1.00,TOOL_FIX,TOOL_FIX,TOOL_FIX,TOOL_FIX,TOOL_FIX,TOOL_FIX,RETRIEVE_MORE,RETRIEVE_MORE,RETRIEVE_MORE,RETRIEVE_MORE,RETRIEVE_MORE,RETRIEVE_MORE,RETRIEVE_MORE
475,TOOL_FIX,1.00,TOOL_FIX,TOOL_FIX,TOOL_FIX,TOOL_FIX,TOOL_FIX,TOOL_FIX,TOOL_FIX,TOOL_FIX,RETRIEVE_MORE,RETRIEVE_MORE,TOOL_FIX,RETRIEVE_MORE,TOOL_FIX
476,TOOL_FIX,1.00,TOOL_FIX,TOOL_FIX,TOOL_FIX,TOOL_FIX,TOOL_FIX,TOOL_FIX,TOOL_FIX,TOOL_FIX,RETRIEVE_MORE,RETRIEVE_MORE,TOOL_FIX,RETRIEVE_MORE,TOOL_FIX
477,TOOL_FIX,1.00,TOOL_FIX,TOOL_FIX,TOOL_FIX,TOOL_FIX,TOOL_FIX,TOOL_FIX,TOOL_FIX,TOOL_FIX,RETRY,RETRIEVE_MORE,TOOL_FIX,RETRY,TOOL_FIX
478,REPLAN,0.50,REPLAN,TOOL_FIX,TOOL_FIX,REPLAN,TOOL_FIX,REPLAN,RETRIEVE_MORE,TOOL_FIX,RETRIEVE_MORE,RETRIEVE_MORE,RETRIEVE_MORE,RETRIEVE_MORE,RETRIEVE_MORE
479,REPLAN,0.50,REPLAN,TOOL_FIX,TOOL_FIX,REPLAN,RETRIEVE_MORE,REPLAN,RETRIEVE_MORE,RETRIEVE_MORE,RETRIEVE_MORE,RETRIEVE_MORE,RETRIEVE_MORE,RETRIEVE_MORE,RETRIEVE_MORE
480,TOOL_FIX,1.00,TOOL_FIX,TOOL_FIX,TOOL_FIX,TOOL_FIX,TOOL_FIX,TOOL_FIX,TOOL_FIX,TOOL_FIX,RETRIEVE_MORE,RETRIEVE_MORE,TOOL_FIX,RETRIEVE_MORE,TOOL_FIX
481,TOOL_FIX,1.00,TOOL_FIX,TOOL_FIX,TOOL_FIX,TOOL_FIX,TOOL_FIX,TOOL_FIX,TOOL_FIX,TOOL_FIX,RETRIEVE_MORE,RETRY,TOOL_FIX,RETRIEVE_MORE,TOOL_FIX
482,TOOL_FIX,1.00,TOOL_FIX,TOOL_FIX,TOOL_FIX,TOOL_FIX,TOOL_FIX,TOOL_FIX,TOOL_FIX,TOOL_FIX,TOOL_FIX,TOOL_FIX,TOOL_FIX,TOOL_FIX,TOOL_FIX
483,TOOL_FIX,0.67,TOOL_FIX,TOOL_FIX,TOOL_FIX,RETRIEVE_MORE,TOOL_FIX,RETRIEVE_MORE,RETRIEVE_MORE,TOOL_FIX,RETRIEVE_MORE,RETRIEVE_MORE,RETRIEVE_MORE,RETRIEVE_MORE,RETRIEVE_MORE
484,TOOL_FIX,1.00,TOOL_FIX,TOOL_FIX,TOOL_FIX,TOOL_FIX,TOOL_FIX,TOOL_FIX,TOOL_FIX,TOOL_FIX,TOOL_FIX,RETRIEVE_MORE,TOOL_FIX,TOOL_FIX,TOOL_FIX
485,TOOL_FIX,1.00,TOOL_FIX,TOOL_FIX,TOOL_FIX,TOOL_FIX,TOOL_FIX,TOOL_FIX,TOOL_FIX,TOOL_FIX,RETRIEVE_MORE,RETRIEVE_MORE,TOOL_FIX,RETRIEVE_MORE,TOOL_FIX
486,TOOL_FIX,1.00,TOOL_FIX,TOOL_FIX,TOOL_FIX,TOOL_FIX,TOOL_FIX,TOOL_FIX,RETRIEVE_MORE,RETRIEVE_MORE,RETRIEVE_MORE,RETRIEVE_MORE,RETRIEVE_MORE,RETRIEVE_MORE,RETRIEVE_MORE
487,TOOL_FIX,1.00,TOOL_FIX,TOOL_FIX,TOOL_FIX,TOOL_FIX,TOOL_FIX,TOOL_FIX,TOOL_FIX,TOOL_FIX,RETRY,RETRY,TOOL_FIX,RETRY,TOOL_FIX
488,TOOL_FIX,1.00,TOOL_FIX,TOOL_FIX,TOOL_FIX,TOOL_FIX,TOOL_FIX,TOOL_FIX,TOOL_FIX,TOOL_FIX,RETRIEVE_MORE,RETRIEVE_MORE,TOOL_FIX,RETRIEVE_MORE,TOOL_FIX
489,TOOL_FIX,1.00,TOOL_FIX,TOOL_FIX,TOOL_FIX,TOOL_FIX,TOOL_FIX,TOOL_FIX,TOOL_FIX,RETRIEVE_MORE,RETRY,RETRY,TOOL_FIX,RETRY,RETRY
490,TOOL_FIX,1.00,TOOL_FIX,TOOL_FIX,TOOL_FIX,TOOL_FIX,TOOL_FIX,TOOL_FIX,TOOL_FIX,TOOL_FIX,RETRIEVE_MORE,RETRIEVE_MORE,TOOL_FIX,RETRIEVE_MORE,TOOL_FIX
491,TOOL_FIX,1.00,TOOL_FIX,TOOL_FIX,TOOL_FIX,TOOL_FIX,TOOL_FIX,TOOL_FIX,RETRIEVE_MORE,TOOL_FIX,RETRIEVE_MORE,RETRIEVE_MORE,RETRIEVE_MORE,RETRIEVE_MORE,RETRIEVE_MORE
492,TOOL_FIX,1.00,TOOL_FIX,TOOL_FIX,TOOL_FIX,TOOL_FIX,TOOL_FIX,TOOL_FIX,TOOL_FIX,TOOL_FIX,TOOL_FIX,TOOL_FIX,TOOL_FIX,TOOL_FIX,TOOL_FIX
493,TOOL_FIX,1.00,TOOL_FIX,TOOL_FIX,TOOL_FIX,TOOL_FIX,TOOL_FIX,TOOL_FIX,TOOL_FIX,TOOL_FIX,RETRY,RETRIEVE_MORE,TOOL_FIX,RETRY,TOOL_FIX
494,TOOL_FIX,0.83,TOOL_FIX,TOOL_FIX,TOOL_FIX,RETRIEVE_MORE,TOOL_FIX,TOOL_FIX,TOOL_FIX,TOOL_FIX,RETRIEVE_MORE,RETRIEVE_MORE,TOOL_FIX,RETRIEVE_MORE,TOOL_FIX
495,REPLAN,0.50,REPLAN,TOOL_FIX,TOOL_FIX,REPLAN,RETRIEVE_MORE,REPLAN,RETRIEVE_MORE,RETRIEVE_MORE,RETRIEVE_MORE,RETRIEVE_MORE,RETRIEVE_MORE,RETRIEVE_MORE,RETRIEVE_MORE
496,TOOL_FIX,1.00,TOOL_FIX,TOOL_FIX,TOOL_FIX,TOOL_FIX,TOOL_FIX,TOOL_FIX,TOOL_FIX,TOOL_FIX,RETRIEVE_MORE,RETRIEVE_MORE,TOOL_FIX,RETRIEVE_MORE,TOOL_FIX
497,TOOL_FIX,1.00,TOOL_FIX,TOOL_FIX,TOOL_FIX,TOOL_FIX,TOOL_FIX,TOOL_FIX,RETRIEVE_MORE,TOOL_FIX,RETRIEVE_MORE,RETRIEVE_MORE,RETRIEVE_MORE,RETRIEVE_MORE,RETRIEVE_MORE
498,REPLAN,0.83,REPLAN,REPLAN,REPLAN,REPLAN,TOOL_FIX,REPLAN,TOOL_FIX,TOOL_FIX,RETRY,TOOL_FIX,TOOL_FIX,RETRY,TOOL_FIX
499,RETRIEVE_MORE,0.67,RETRIEVE_MORE,RETRIEVE_MORE,TOOL_FIX,RETRIEVE_MORE,TOOL_FIX,RETRIEVE_MORE,TOOL_FIX,TOOL_FIX,RETRIEVE_MORE,RETRIEVE_MORE,TOOL_FIX,RETRIEVE_MORE,TOOL_FIX
500,REPLAN,0.83,REPLAN,REPLAN,REPLAN,REPLAN,TOOL_FIX,REPLAN,RETRIEVE_MORE,TOOL_FIX,RETRIEVE_MORE,RETRIEVE_MORE,RETRIEVE_MORE,RETRIEVE_MORE,RETRIEVE_MORE
501,RETRIEVE_MORE,0.83,RETRIEVE_MORE,RETRIEVE_MORE,RETRIEVE_MORE,RETRIEVE_MORE,TOOL_FIX,RETRIEVE_MORE,RETRIEVE_MORE,TOOL_FIX,RETRIEVE_MORE,RETRY,RETRIEVE_MORE,RETRIEVE_MORE,RETRIEVE_MORE
502,RETRIEVE_MORE,0.83,RETRIEVE_MORE,RETRIEVE_MORE,RETRIEVE_MORE,RETRIEVE_MORE,TOOL_FIX,RETRIEVE_MORE,RETRIEVE_MORE,TOOL_FIX,TOOL_FIX,RETRIEVE_MORE,RETRIEVE_MORE,TOOL_FIX,RETRIEVE_MORE
503,REPLAN,0.83,REPLAN,REPLAN,REPLAN,REPLAN,TOOL_FIX,REPLAN,TOOL_FIX,TOOL_FIX,TOOL_FIX,TOOL_FIX,TOOL_FIX,TOOL_FIX,TOOL_FIX
504,REPLAN,0.83,REPLAN,REPLAN,REPLAN,REPLAN,TOOL_FIX,REPLAN,RETRIEVE_MORE,TOOL_FIX,RETRIEVE_MORE,RETRIEVE_MORE,RETRIEVE_MORE,RETRIEVE_MORE,RETRIEVE_MORE
505,RETRIEVE_MORE,0.83,RETRIEVE_MORE,RETRIEVE_MORE,RETRIEVE_MORE,RETRIEVE_MORE,TOOL_FIX,RETRIEVE_MORE,TOOL_FIX,RETRIEVE_MORE,RETRIEVE_MORE,RETRIEVE_MORE,TOOL_FIX,RETRIEVE_MORE,RETRIEVE_MORE
506,REPLAN,0.50,REPLAN,REPLAN,REPLAN,TOOL_FIX,TOOL_FIX,TOOL_FIX,TOOL_FIX,RETRIEVE_MORE,RETRIEVE_MORE,RETRIEVE_MORE,TOOL_FIX,RETRIEVE_MORE,RETRIEVE_MORE
507,REPLAN,0.83,REPLAN,REPLAN,REPLAN,REPLAN,TOOL_FIX,REPLAN,TOOL_FIX,TOOL_FIX,TOOL_FIX,TOOL_FIX,TOOL_FIX,TOOL_FIX,TOOL_FIX
508,RETRIEVE_MORE,0.83,RETRIEVE_MORE,RETRIEVE_MORE,RETRIEVE_MORE,RETRIEVE_MORE,TOOL_FIX,RETRIEVE_MORE,TOOL_FIX,TOOL_FIX,RETRIEVE_MORE,RETRIEVE_MORE,TOOL_FIX,RETRIEVE_MORE,TOOL_FIX
509,REPLAN,0.83,REPLAN,REPLAN,REPLAN,REPLAN,TOOL_FIX,REPLAN,TOOL_FIX,RETRIEVE_MORE,RETRIEVE_MORE,RETRIEVE_MORE,TOOL_FIX,RETRIEVE_MORE,RETRIEVE_MORE
510,RETRIEVE_MORE,1.00,RETRIEVE_MORE,RETRIEVE_MORE,RETRIEVE_MORE,RETRIEVE_MORE,RETRIEVE_MORE,RETRIEVE_MORE,RETRIEVE_MORE,RETRIEVE_MORE,RETRIEVE_MORE,RETRIEVE_MORE,RETRIEVE_MORE,RETRIEVE_MORE,RETRIEVE_MORE
511,RETRIEVE_MORE,0.83,RETRIEVE_MORE,RETRIEVE_MORE,RETRIEVE_MORE,RETRIEVE_MORE,TOOL_FIX,RETRIEVE_MORE,TOOL_FIX,TOOL_FIX,RETRIEVE_MORE,RETRIEVE_MORE,TOOL_FIX,RETRIEVE_MORE,TOOL_FIX
512,RETRIEVE_MORE,0.83,RETRIEVE_MORE,RETRIEVE_MORE,RETRIEVE_MORE,RETRIEVE_MORE,TOOL_FIX,RETRIEVE_MORE,TOOL_FIX,TOOL_FIX,RETRIEVE_MORE,RETRIEVE_MORE,TOOL_FIX,RETRIEVE_MORE,TOOL_FIX
513,RETRIEVE_MORE,0.83,RETRIEVE_MORE,RETRIEVE_MORE,RETRIEVE_MORE,RETRIEVE_MORE,TOOL_FIX,RETRIEVE_MORE,TOOL_FIX,TOOL_FIX,RETRIEVE_MORE,TOOL_FIX,TOOL_FIX,RETRIEVE_MORE,TOOL_FIX
514,RETRIEVE_MORE,0.83,RETRIEVE_MORE,RETRIEVE_MORE,RETRIEVE_MORE,RETRIEVE_MORE,TOOL_FIX,RETRIEVE_MORE,TOOL_FIX,TOOL_FIX,RETRIEVE_MORE,RETRIEVE_MORE,TOOL_FIX,RETRIEVE_MORE,TOOL_FIX
515,RETRIEVE_MORE,0.83,RETRIEVE_MORE,RETRIEVE_MORE,RETRIEVE_MORE,RETRIEVE_MORE,TOOL_FIX,RETRIEVE_MORE,TOOL_FIX,TOOL_FIX,TOOL_FIX,TOOL_FIX,TOOL_FIX,TOOL_FIX,TOOL_FIX
516,RETRIEVE_MORE,1.00,RETRIEVE_MORE,RETRIEVE_MORE,RETRIEVE_MORE,RETRIEVE_MORE,RETRIEVE_MORE,RETRIEVE_MORE,TOOL_FIX,RETRIEVE_MORE,RETRIEVE_MORE,RETRIEVE_MORE,TOOL_FIX,RETRIEVE_MORE,RETRIEVE_MORE
517,RETRIEVE_MORE,0.83,RETRIEVE_MORE,RETRIEVE_MORE,RETRIEVE_MORE,RETRIEVE_MORE,TOOL_FIX,RETRIEVE_MORE,RETRIEVE_MORE,RETRIEVE_MORE,RETRIEVE_MORE,RETRIEVE_MORE,RETRIEVE_MORE,RETRIEVE_MORE,RETRIEVE_MORE
518,RETRIEVE_MORE,0.83,RETRIEVE_MORE,RETRIEVE_MORE,RETRIEVE_MORE,RETRIEVE_MORE,TOOL_FIX,RETRIEVE_MORE,TOOL_FIX,RETRIEVE_MORE,RETRIEVE_MORE,RETRIEVE_MORE,TOOL_FIX,RETRIEVE_MORE,RETRIEVE_MORE
519,RETRY,0.50,RETRY,RETRY,REPLAN,REPLAN,RETRY,REPLAN,RETRY,RETRY,RETRIEVE_MORE,RETRIEVE_MORE,RETRY,RETRIEVE_MORE,RETRY
520,REPLAN,1.00,REPLAN,REPLAN,REPLAN,REPLAN,REPLAN,REPLAN,REPLAN,RETRIEVE_MORE,REPLAN,REPLAN,REPLAN,REPLAN,REPLAN
521,RETRIEVE_MORE,1.00,RETRIEVE_MORE,RETRIEVE_MORE,RETRIEVE_MORE,RETRIEVE_MORE,RETRIEVE_MORE,RETRIEVE_MORE,RETRIEVE_MORE,RETRY,RETRIEVE_MORE,RETRIEVE_MORE,RETRIEVE_MORE,RETRIEVE_MORE,RETRIEVE_MORE
522,REPLAN,0.83,REPLAN,REPLAN,REPLAN,REPLAN,RETRIEVE_MORE,REPLAN,RETRIEVE_MORE,RETRIEVE_MORE,RETRIEVE_MORE,RETRIEVE_MORE,RETRIEVE_MORE,RETRIEVE_MORE,RETRIEVE_MORE
523,RETRIEVE_MORE,1.00,RETRIEVE_MORE,RETRIEVE_MORE,RETRIEVE_MORE,RETRIEVE_MORE,RETRIEVE_MORE,RETRIEVE_MORE,RETRIEVE_MORE,RETRIEVE_MORE,RETRIEVE_MORE,RETRIEVE_MORE,RETRIEVE_MORE,RETRIEVE_MORE,RETRIEVE_MORE
524,REPLAN,0.83,REPLAN,REPLAN,REPLAN,REPLAN,RETRIEVE_MORE,REPLAN,RETRIEVE_MORE,RETRIEVE_MORE,RETRIEVE_MORE,RETRIEVE_MORE,RETRIEVE_MORE,RETRIEVE_MORE,RETRIEVE_MORE
525,REPLAN,0.83,REPLAN,REPLAN,REPLAN,REPLAN,RETRIEVE_MORE,REPLAN,REPLAN,REPLAN,REPLAN,REPLAN,REPLAN,REPLAN,REPLAN
526,RETRIEVE_MORE,1.00,RETRIEVE_MORE,RETRIEVE_MORE,RETRIEVE_MORE,RETRIEVE_MORE,RETRIEVE_MORE,RETRIEVE_MORE,TOOL_FIX,RETRIEVE_MORE,RETRIEVE_MORE,RETRIEVE_MORE,TOOL_FIX,RETRIEVE_MORE,RETRIEVE_MORE
527,REPLAN,1.00,REPLAN,REPLAN,REPLAN,REPLAN,REPLAN,REPLAN,RETRIEVE_MORE,RETRIEVE_MORE,RETRIEVE_MORE,RETRIEVE_MORE,RETRIEVE_MORE,RETRIEVE_MORE,RETRIEVE_MORE
528,RETRIEVE_MORE,1.00,RETRIEVE_MORE,RETRIEVE_MORE,RETRIEVE_MORE,RETRIEVE_MORE,RETRIEVE_MORE,RETRIEVE_MORE,RETRIEVE_MORE,RETRIEVE_MORE,RETRIEVE_MORE,RETRIEVE_MORE,RETRIEVE_MORE,RETRIEVE_MORE,RETRIEVE_MORE
529,REPLAN,0.83,REPLAN,REPLAN,REPLAN,REPLAN,RETRY,REPLAN,REPLAN,RETRIEVE_MORE,RETRY,RETRIEVE_MORE,REPLAN,RETRY,RETRIEVE_MORE
530,RETRIEVE_MORE,1.00,RETRIEVE_MORE,RETRIEVE_MORE,RETRIEVE_MORE,RETRIEVE_MORE,RETRIEVE_MORE,RETRIEVE_MORE,RETRIEVE_MORE,RETRIEVE_MORE,RETRIEVE_MORE,RETRIEVE_MORE,RETRIEVE_MORE,RETRIEVE_MORE,RETRIEVE_MORE
531,REPLAN,1.00,REPLAN,REPLAN,REPLAN,REPLAN,REPLAN,REPLAN,RETRIEVE_MORE,RETRIEVE_MORE,RETRIEVE_MORE,RETRIEVE_MORE,RETRIEVE_MORE,RETRIEVE_MORE,RETRIEVE_MORE
532,RETRIEVE_MORE,1.00,RETRIEVE_MORE,RETRIEVE_MORE,RETRIEVE_MORE,RETRIEVE_MORE,RETRIEVE_MORE,RETRIEVE_MORE,RETRIEVE_MORE,RETRIEVE_MORE,RETRIEVE_MORE,RETRIEVE_MORE,RETRIEVE_MORE,RETRIEVE_MORE,RETRIEVE_MORE
533,RETRIEVE_MORE,0.83,RETRIEVE_MORE,RETRIEVE_MORE,RETRIEVE_MORE,RETRIEVE_MORE,RETRIEVE_MORE,TOOL_FIX,TOOL_FIX,RETRIEVE_MORE,RETRIEVE_MORE,RETRIEVE_MORE,TOOL_FIX,RETRIEVE_MORE,RETRIEVE_MORE
534,RETRIEVE_MORE,0.83,TOOL_FIX,RETRIEVE_MORE,RETRIEVE_MORE,RETRIEVE_MORE,RETRIEVE_MORE,RETRIEVE_MORE,RETRIEVE_MORE,RETRIEVE_MORE,RETRIEVE_MORE,RETRIEVE_MORE,RETRIEVE_MORE,RETRIEVE_MORE,RETRIEVE_MORE
535,REPLAN,0.83,REPLAN,REPLAN,REPLAN,REPLAN,RETRIEVE_MORE,REPLAN,RETRIEVE_MORE,REPLAN,RETRIEVE_MORE,RETRIEVE_MORE,RETRIEVE_MORE,RETRIEVE_MORE,RETRIEVE_MORE
536,TOOL_FIX,1.00,TOOL_FIX,TOOL_FIX,TOOL_FIX,TOOL_FIX,TOOL_FIX,TOOL_FIX,RETRIEVE_MORE,RETRIEVE_MORE,RETRIEVE_MORE,RETRIEVE_MORE,RETRIEVE_MORE,RETRIEVE_MORE,RETRIEVE_MORE
537,RETRY,1.00,RETRY,RETRY,RETRY,RETRY,RETRY,RETRY,RETRIEVE_MORE,RETRIEVE_MORE,RETRIEVE_MORE,RETRIEVE_MORE,RETRIEVE_MORE,RETRIEVE_MORE,RETRIEVE_MORE
538,REPLAN,1.00,REPLAN,REPLAN,REPLAN,REPLAN,REPLAN,REPLAN,RETRY,REPLAN,REPLAN,REPLAN,RETRY,REPLAN,REPLAN
539,RETRIEVE_MORE,1.00,RETRIEVE_MORE,RETRIEVE_MORE,RETRIEVE_MORE,RETRIEVE_MORE,RETRIEVE_MORE,RETRIEVE_MORE,RETRIEVE_MORE,RETRIEVE_MORE,RETRIEVE_MORE,RETRIEVE_MORE,RETRIEVE_MORE,RETRIEVE_MORE,RETRIEVE_MORE
540,REPLAN,1.00,REPLAN,REPLAN,REPLAN,REPLAN,REPLAN,REPLAN,REPLAN,RETRIEVE_MORE,REPLAN,REPLAN,REPLAN,REPLAN,REPLAN
541,RETRIEVE_MORE,1.00,RETRIEVE_MORE,RETRIEVE_MORE,RETRIEVE_MORE,RETRIEVE_MORE,RETRIEVE_MORE,RETRIEVE_MORE,RETRIEVE_MORE,RETRIEVE_MORE,RETRIEVE_MORE,RETRIEVE_MORE,RETRIEVE_MORE,RETRIEVE_MORE,RETRIEVE_MORE
542,REPLAN,1.00,REPLAN,REPLAN,REPLAN,REPLAN,REPLAN,REPLAN,RETRIEVE_MORE,RETRIEVE_MORE,RETRIEVE_MORE,REPLAN,RETRIEVE_MORE,RETRIEVE_MORE,RETRIEVE_MORE
543,REPLAN,0.83,REPLAN,REPLAN,REPLAN,REPLAN,RETRIEVE_MORE,REPLAN,RETRIEVE_MORE,REPLAN,RETRIEVE_MORE,RETRIEVE_MORE,RETRIEVE_MORE,RETRIEVE_MORE,RETRIEVE_MORE
544,REPLAN,0.83,REPLAN,REPLAN,REPLAN,REPLAN,RETRIEVE_MORE,REPLAN,RETRIEVE_MORE,RETRIEVE_MORE,RETRIEVE_MORE,RETRIEVE_MORE,RETRIEVE_MORE,RETRIEVE_MORE,RETRIEVE_MORE
545,RETRY,0.50,RETRY,RETRY,REPLAN,RETRY,ESCALATE,ESCALATE,ESCALATE,ESCALATE,ESCALATE,ESCALATE,ESCALATE,ESCALATE,ESCALATE
546,REPLAN,1.00,REPLAN,REPLAN,REPLAN,REPLAN,REPLAN,REPLAN,RETRIEVE_MORE,RETRIEVE_MORE,RETRIEVE_MORE,RETRIEVE_MORE,RETRIEVE_MORE,RETRIEVE_MORE,RETRIEVE_MORE
547,REPLAN,1.00,REPLAN,REPLAN,REPLAN,REPLAN,REPLAN,REPLAN,RETRIEVE_MORE,RETRIEVE_MORE,RETRIEVE_MORE,RETRIEVE_MORE,RETRIEVE_MORE,RETRIEVE_MORE,RETRIEVE_MORE
548,RETRIEVE_MORE,1.00,RETRIEVE_MORE,RETRIEVE_MORE,RETRIEVE_MORE,RETRIEVE_MORE,RETRIEVE_MORE,RETRIEVE_MORE,REPLAN,RETRIEVE_MORE,RETRY,RETRY,REPLAN,RETRY,RETRY
549,REPLAN,1.00,REPLAN,REPLAN,REPLAN,REPLAN,REPLAN,REPLAN,REPLAN,REPLAN,REPLAN,REPLAN,REPLAN,REPLAN,REPLAN
550,REPLAN,0.83,REPLAN,REPLAN,REPLAN,REPLAN,RETRIEVE_MORE,REPLAN,RETRIEVE_MORE,RETRIEVE_MORE,RETRIEVE_MORE,RETRIEVE_MORE,RETRIEVE_MORE,RETRIEVE_MORE,RETRIEVE_MORE
551,RETRIEVE_MORE,1.00,RETRIEVE_MORE,RETRIEVE_MORE,RETRIEVE_MORE,RETRIEVE_MORE,RETRIEVE_MORE,RETRIEVE_MORE,RETRIEVE_MORE,RETRIEVE_MORE,RETRIEVE_MORE,RETRIEVE_MORE,RETRIEVE_MORE,RETRIEVE_MORE,RETRIEVE_MORE
552,RETRY,0.83,RETRY,RETRY,REPLAN,RETRY,RETRY,RETRY,RETRY,RETRY,ESCALATE,ESCALATE,RETRY,ESCALATE,RETRY
553,REPLAN,1.00,REPLAN,REPLAN,REPLAN,REPLAN,REPLAN,REPLAN,REPLAN,RETRIEVE_MORE,RETRIEVE_MORE,RETRIEVE_MORE,REPLAN,RETRIEVE_MORE,RETRIEVE_MORE
554,REPLAN,1.00,REPLAN,REPLAN,REPLAN,REPLAN,REPLAN,REPLAN,REPLAN,RETRIEVE_MORE,REPLAN,REPLAN,REPLAN,REPLAN,REPLAN
555,RETRIEVE_MORE,0.83,RETRIEVE_MORE,RETRIEVE_MORE,REPLAN,RETRIEVE_MORE,RETRIEVE_MORE,RETRIEVE_MORE,RETRY,RETRY,RETRIEVE_MORE,RETRIEVE_MORE,RETRY,RETRIEVE_MORE,RETRY
556,RETRIEVE_MORE,0.83,RETRIEVE_MORE,RETRIEVE_MORE,REPLAN,RETRIEVE_MORE,RETRIEVE_MORE,RETRIEVE_MORE,REPLAN,RETRIEVE_MORE,RETRIEVE_MORE,RETRIEVE_MORE,REPLAN,RETRIEVE_MORE,RETRIEVE_MORE
557,REPLAN,1.00,REPLAN,REPLAN,REPLAN,REPLAN,REPLAN,REPLAN,RETRIEVE_MORE,RETRIEVE_MORE,RETRIEVE_MORE,RETRIEVE_MORE,RETRIEVE_MORE,RETRIEVE_MORE,RETRIEVE_MORE
558,REPLAN,1.00,REPLAN,REPLAN,REPLAN,REPLAN,REPLAN,REPLAN,RETRIEVE_MORE,RETRIEVE_MORE,ESCALATE,ESCALATE,RETRIEVE_MORE,ESCALATE,RETRIEVE_MORE
559,RETRIEVE_MORE,1.00,RETRIEVE_MORE,RETRIEVE_MORE,RETRIEVE_MORE,RETRIEVE_MORE,RETRIEVE_MORE,RETRIEVE_MORE,RETRIEVE_MORE,RETRIEVE_MORE,REPLAN,REPLAN,RETRIEVE_MORE,REPLAN,RETRIEVE_MORE
560,REPLAN,0.83,REPLAN,REPLAN,REPLAN,REPLAN,RETRIEVE_MORE,REPLAN,RETRIEVE_MORE,RETRIEVE_MORE,REPLAN,REPLAN,RETRIEVE_MORE,REPLAN,RETRIEVE_MORE
561,REPLAN,0.83,REPLAN,REPLAN,REPLAN,REPLAN,RETRIEVE_MORE,REPLAN,RETRIEVE_MORE,RETRIEVE_MORE,RETRIEVE_MORE,RETRIEVE_MORE,RETRIEVE_MORE,RETRIEVE_MORE,RETRIEVE_MORE
562,REPLAN,0.83,REPLAN,REPLAN,REPLAN,REPLAN,RETRIEVE_MORE,REPLAN,REPLAN,RETRIEVE_MORE,RETRIEVE_MORE,RETRIEVE_MORE,REPLAN,RETRIEVE_MORE,RETRIEVE_MORE
563,RETRIEVE_MORE,1.00,RETRIEVE_MORE,RETRIEVE_MORE,RETRIEVE_MORE,RETRIEVE_MORE,RETRIEVE_MORE,RETRIEVE_MORE,RETRIEVE_MORE,RETRIEVE_MORE,RETRIEVE_MORE,RETRIEVE_MORE,RETRIEVE_MORE,RETRIEVE_MORE,RETRIEVE_MORE
564,RETRIEVE_MORE,0.83,RETRIEVE_MORE,RETRIEVE_MORE,RETRIEVE_MORE,RETRIEVE_MORE,REPLAN,RETRIEVE_MORE,RETRIEVE_MORE,RETRIEVE_MORE,RETRIEVE_MORE,RETRIEVE_MORE,RETRIEVE_MORE,RETRIEVE_MORE,RETRIEVE_MORE
565,REPLAN,1.00,REPLAN,REPLAN,REPLAN,REPLAN,REPLAN,REPLAN,RETRIEVE_MORE,REPLAN,RETRIEVE_MORE,RETRIEVE_MORE,RETRIEVE_MORE,RETRIEVE_MORE,RETRIEVE_MORE
566,REPLAN,0.50,REPLAN,REPLAN,REPLAN,RETRIEVE_MORE,RETRIEVE_MORE,RETRIEVE_MORE,REPLAN,RETRIEVE_MORE,RETRIEVE_MORE,RETRIEVE_MORE,REPLAN,RETRIEVE_MORE,RETRIEVE_MORE
567,REPLAN,1.00,REPLAN,REPLAN,REPLAN,REPLAN,REPLAN,REPLAN,RETRIEVE_MORE,RETRIEVE_MORE,RETRY,RETRIEVE_MORE,RETRIEVE_MORE,RETRY,RETRIEVE_MORE
568,RETRIEVE_MORE,1.00,RETRIEVE_MORE,RETRIEVE_MORE,RETRIEVE_MORE,RETRIEVE_MORE,RETRIEVE_MORE,RETRIEVE_MORE,RETRIEVE_MORE,RETRIEVE_MORE,RETRIEVE_MORE,RETRIEVE_MORE,RETRIEVE_MORE,RETRIEVE_MORE,RETRIEVE_MORE
569,REPLAN,1.00,REPLAN,REPLAN,REPLAN,REPLAN,REPLAN,REPLAN,RETRIEVE_MORE,RETRY,RETRIEVE_MORE,RETRIEVE_MORE,RETRIEVE_MORE,RETRIEVE_MORE,RETRIEVE_MORE
570,RETRIEVE_MORE,1.00,RETRIEVE_MORE,RETRIEVE_MORE,RETRIEVE_MORE,RETRIEVE_MORE,RETRIEVE_MORE,RETRIEVE_MORE,RETRIEVE_MORE,RETRIEVE_MORE,RETRIEVE_MORE,RETRIEVE_MORE,RETRIEVE_MORE,RETRIEVE_MORE,RETRIEVE_MORE
571,REPLAN,1.00,REPLAN,REPLAN,REPLAN,REPLAN,REPLAN,REPLAN,RETRIEVE_MORE,RETRIEVE_MORE,RETRIEVE_MORE,RETRIEVE_MORE,RETRIEVE_MORE,RETRIEVE_MORE,RETRIEVE_MORE
572,REPLAN,0.83,REPLAN,REPLAN,RETRY,REPLAN,REPLAN,REPLAN,RETRIEVE_MORE,RETRIEVE_MORE,RETRIEVE_MORE,RETRIEVE_MORE,RETRIEVE_MORE,RETRIEVE_MORE,RETRIEVE_MORE
573,RETRIEVE_MORE,1.00,RETRIEVE_MORE,RETRIEVE_MORE,RETRIEVE_MORE,RETRIEVE_MORE,RETRIEVE_MORE,RETRIEVE_MORE,RETRIEVE_MORE,RETRIEVE_MORE,RETRY,RETRY,RETRIEVE_MORE,RETRY,RETRIEVE_MORE
574,RETRIEVE_MORE,1.00,RETRIEVE_MORE,RETRIEVE_MORE,RETRIEVE_MORE,RETRIEVE_MORE,RETRIEVE_MORE,RETRIEVE_MORE,TOOL_FIX,RETRIEVE_MORE,RETRIEVE_MORE,RETRIEVE_MORE,TOOL_FIX,RETRIEVE_MORE,RETRIEVE_MORE
575,REPLAN,1.00,REPLAN,REPLAN,REPLAN,REPLAN,REPLAN,REPLAN,RETRIEVE_MORE,RETRIEVE_MORE,RETRIEVE_MORE,RETRIEVE_MORE,RETRIEVE_MORE,RETRIEVE_MORE,RETRIEVE_MORE
576,RETRY,1.00,RETRY,RETRY,RETRY,RETRY,RETRY,RETRY,RETRY,RETRY,RETRY,RETRY,RETRY,RETRY,RETRY
577,REPLAN,0.83,REPLAN,REPLAN,REPLAN,REPLAN,RETRIEVE_MORE,REPLAN,RETRIEVE_MORE,RETRIEVE_MORE,RETRIEVE_MORE,RETRIEVE_MORE,RETRIEVE_MORE,RETRIEVE_MORE,RETRIEVE_MORE
578,RETRIEVE_MORE,1.00,RETRIEVE_MORE,RETRIEVE_MORE,RETRIEVE_MORE,RETRIEVE_MORE,RETRIEVE_MORE,RETRIEVE_MORE,RETRIEVE_MORE,RETRIEVE_MORE,RETRIEVE_MORE,RETRIEVE_MORE,RETRIEVE_MORE,RETRIEVE_MORE,RETRIEVE_MORE
579,REPLAN,1.00,REPLAN,REPLAN,REPLAN,REPLAN,REPLAN,REPLAN,RETRIEVE_MORE,REPLAN,RETRIEVE_MORE,RETRIEVE_MORE,RETRIEVE_MORE,RETRIEVE_MORE,RETRIEVE_MORE
580,REPLAN,1.00,REPLAN,REPLAN,REPLAN,REPLAN,REPLAN,REPLAN,RETRIEVE_MORE,RETRIEVE_MORE,REPLAN,REPLAN,RETRIEVE_MORE,REPLAN,RETRIEVE_MORE
581,RETRIEVE_MORE,1.00,RETRIEVE_MORE,RETRIEVE_MORE,RETRIEVE_MORE,RETRIEVE_MORE,RETRIEVE_MORE,RETRIEVE_MORE,RETRIEVE_MORE,REPLAN,REPLAN,REPLAN,RETRIEVE_MORE,REPLAN,REPLAN
582,RETRIEVE_MORE,1.00,RETRIEVE_MORE,RETRIEVE_MORE,RETRIEVE_MORE,RETRIEVE_MORE,RETRIEVE_MORE,RETRIEVE_MORE,RETRIEVE_MORE,RETRIEVE_MORE,RETRIEVE_MORE,RETRIEVE_MORE,RETRIEVE_MORE,RETRIEVE_MORE,RETRIEVE_MORE
583,REPLAN,0.83,REPLAN,REPLAN,REPLAN,REPLAN,RETRIEVE_MORE,REPLAN,RETRIEVE_MORE,RETRIEVE_MORE,RETRIEVE_MORE,RETRIEVE_MORE,RETRIEVE_MORE,RETRIEVE_MORE,RETRIEVE_MORE
584,RETRIEVE_MORE,1.00,RETRIEVE_MORE,RETRIEVE_MORE,RETRIEVE_MORE,RETRIEVE_MORE,RETRIEVE_MORE,RETRIEVE_MORE,REPLAN,REPLAN,RETRY,RETRY,REPLAN,RETRY,REPLAN
585,REPLAN,1.00,REPLAN,REPLAN,REPLAN,REPLAN,REPLAN,REPLAN,RETRIEVE_MORE,RETRIEVE_MORE,RETRIEVE_MORE,RETRIEVE_MORE,RETRIEVE_MORE,RETRIEVE_MORE,RETRIEVE_MORE
586,REPLAN,1.00,REPLAN,REPLAN,REPLAN,REPLAN,REPLAN,REPLAN,REPLAN,REPLAN,RETRIEVE_MORE,RETRIEVE_MORE,REPLAN,RETRIEVE_MORE,REPLAN
587,RETRIEVE_MORE,1.00,RETRIEVE_MORE,RETRIEVE_MORE,RETRIEVE_MORE,RETRIEVE_MORE,RETRIEVE_MORE,RETRIEVE_MORE,RETRIEVE_MORE,RETRIEVE_MORE,RETRIEVE_MORE,RETRIEVE_MORE,RETRIEVE_MORE,RETRIEVE_MORE,RETRIEVE_MORE
588,TOOL_FIX,1.00,TOOL_FIX,TOOL_FIX,TOOL_FIX,TOOL_FIX,TOOL_FIX,TOOL_FIX,TOOL_FIX,RETRIEVE_MORE,RETRIEVE_MORE,RETRIEVE_MORE,TOOL_FIX,RETRIEVE_MORE,RETRIEVE_MORE
589,RETRIEVE_MORE,1.00,RETRIEVE_MORE,RETRIEVE_MORE,RETRIEVE_MORE,RETRIEVE_MORE,RETRIEVE_MORE,RETRIEVE_MORE,RETRIEVE_MORE,RETRIEVE_MORE,RETRIEVE_MORE,REPLAN,RETRIEVE_MORE,RETRIEVE_MORE,RETRIEVE_MORE
590,REPLAN,0.83,REPLAN,REPLAN,RETRIEVE_MORE,REPLAN,REPLAN,REPLAN,RETRIEVE_MORE,RETRIEVE_MORE,RETRIEVE_MORE,RETRIEVE_MORE,RETRIEVE_MORE,RETRIEVE_MORE,RETRIEVE_MORE
591,RETRIEVE_MORE,1.00,RETRIEVE_MORE,RETRIEVE_MORE,RETRIEVE_MORE,RETRIEVE_MORE,RETRIEVE_MORE,RETRIEVE_MORE,RETRIEVE_MORE,RETRIEVE_MORE,RETRY,RETRY,RETRIEVE_MORE,RETRY,RETRIEVE_MORE
592,RETRIEVE_MORE,1.00,RETRIEVE_MORE,RETRIEVE_MORE,RETRIEVE_MORE,RETRIEVE_MORE,RETRIEVE_MORE,RETRIEVE_MORE,RETRIEVE_MORE,RETRIEVE_MORE,RETRIEVE_MORE,RETRIEVE_MORE,RETRIEVE_MORE,RETRIEVE_MORE,RETRIEVE_MORE
593,RETRIEVE_MORE,1.00,RETRIEVE_MORE,RETRIEVE_MORE,RETRIEVE_MORE,RETRIEVE_MORE,RETRIEVE_MORE,RETRIEVE_MORE,RETRIEVE_MORE,RETRIEVE_MORE,RETRIEVE_MORE,RETRIEVE_MORE,RETRIEVE_MORE,RETRIEVE_MORE,RETRIEVE_MORE
594,RETRIEVE_MORE,1.00,RETRIEVE_MORE,RETRIEVE_MORE,RETRIEVE_MORE,RETRIEVE_MORE,RETRIEVE_MORE,RETRIEVE_MORE,RETRIEVE_MORE,RETRIEVE_MORE,RETRIEVE_MORE,RETRIEVE_MORE,RETRIEVE_MORE,RETRIEVE_MORE,RETRIEVE_MORE
595,RETRIEVE_MORE,0.83,RETRIEVE_MORE,RETRIEVE_MORE,RETRIEVE_MORE,RETRIEVE_MORE,REPLAN,RETRIEVE_MORE,RETRIEVE_MORE,RETRIEVE_MORE,REPLAN,RETRIEVE_MORE,RETRIEVE_MORE,REPLAN,RETRIEVE_MORE
596,RETRIEVE_MORE,1.00,RETRIEVE_MORE,RETRIEVE_MORE,RETRIEVE_MORE,RETRIEVE_MORE,RETRIEVE_MORE,RETRIEVE_MORE,RETRIEVE_MORE,RETRIEVE_MORE,RETRIEVE_MORE,RETRIEVE_MORE,RETRIEVE_MORE,RETRIEVE_MORE,RETRIEVE_MORE
597,RETRIEVE_MORE,0.67,RETRIEVE_MORE,RETRY,RETRIEVE_MORE,RETRIEVE_MORE,REPLAN,RETRIEVE_MORE,RETRIEVE_MORE,RETRIEVE_MORE,RETRY,RETRY,RETRIEVE_MORE,RETRY,RETRIEVE_MORE
598,RETRIEVE_MORE,1.00,RETRIEVE_MORE,RETRIEVE_MORE,RETRIEVE_MORE,RETRIEVE_MORE,RETRIEVE_MORE,RETRIEVE_MORE,RETRIEVE_MORE,RETRIEVE_MORE,RETRIEVE_MORE,RETRIEVE_MORE,RETRIEVE_MORE,RETRIEVE_MORE,RETRIEVE_MORE
599,REPLAN,1.00,REPLAN,REPLAN,REPLAN,REPLAN,REPLAN,REPLAN,RETRIEVE_MORE,RETRIEVE_MORE,RETRY,RETRY,RETRIEVE_MORE,RETRY,RETRIEVE_MORE
600,REPLAN,1.00,REPLAN,REPLAN,REPLAN,REPLAN,REPLAN,REPLAN,RETRIEVE_MORE,RETRIEVE_MORE,RETRY,RETRY,RETRIEVE_MORE,RETRY,RETRIEVE_MORE
601,REPLAN,0.83,REPLAN,REPLAN,REPLAN,REPLAN,RETRIEVE_MORE,REPLAN,RETRIEVE_MORE,RETRIEVE_MORE,RETRIEVE_MORE,RETRY,RETRIEVE_MORE,RETRIEVE_MORE,RETRIEVE_MORE
602,RETRIEVE_MORE,1.00,RETRIEVE_MORE,RETRIEVE_MORE,RETRIEVE_MORE,RETRIEVE_MORE,RETRIEVE_MORE,RETRIEVE_MORE,RETRIEVE_MORE,RETRIEVE_MORE,RETRIEVE_MORE,RETRIEVE_MORE,RETRIEVE_MORE,RETRIEVE_MORE,RETRIEVE_MORE
603,RETRY,0.83,RETRY,RETRY,RETRY,RETRY,REPLAN,RETRY,REPLAN,RETRIEVE_MORE,RETRY,RETRY,REPLAN,RETRY,RETRY
604,REPLAN,0.83,REPLAN,REPLAN,REPLAN,REPLAN,RETRIEVE_MORE,REPLAN,RETRIEVE_MORE,RETRIEVE_MORE,RETRIEVE_MORE,RETRIEVE_MORE,RETRIEVE_MORE,RETRIEVE_MORE,RETRIEVE_MORE
605,RETRIEVE_MORE,0.67,RETRIEVE_MORE,RETRIEVE_MORE,REPLAN,RETRIEVE_MORE,RETRIEVE_MORE,REPLAN,REPLAN,REPLAN,RETRIEVE_MORE,RETRIEVE_MORE,REPLAN,RETRIEVE_MORE,REPLAN
606,REPLAN,1.00,REPLAN,REPLAN,REPLAN,REPLAN,REPLAN,REPLAN,RETRIEVE_MORE,RETRIEVE_MORE,RETRIEVE_MORE,RETRIEVE_MORE,RETRIEVE_MORE,RETRIEVE_MORE,RETRIEVE_MORE
607,RETRIEVE_MORE,1.00,RETRIEVE_MORE,RETRIEVE_MORE,RETRIEVE_MORE,RETRIEVE_MORE,RETRIEVE_MORE,RETRIEVE_MORE,RETRIEVE_MORE,RETRIEVE_MORE,RETRIEVE_MORE,RETRIEVE_MORE,RETRIEVE_MORE,RETRIEVE_MORE,RETRIEVE_MORE
608,RETRIEVE_MORE,0.83,RETRIEVE_MORE,RETRIEVE_MORE,RETRIEVE_MORE,RETRIEVE_MORE,REPLAN,RETRIEVE_MORE,REPLAN,REPLAN,RETRY,REPLAN,REPLAN,RETRY,REPLAN
609,REPLAN,1.00,REPLAN,REPLAN,REPLAN,REPLAN,REPLAN,REPLAN,RETRIEVE_MORE,RETRIEVE_MORE,RETRIEVE_MORE,RETRIEVE_MORE,RETRIEVE_MORE,RETRIEVE_MORE,RETRIEVE_MORE
610,RETRIEVE_MORE,1.00,RETRIEVE_MORE,RETRIEVE_MORE,RETRIEVE_MORE,RETRIEVE_MORE,RETRIEVE_MORE,RETRIEVE_MORE,RETRIEVE_MORE,RETRIEVE_MORE,RETRIEVE_MORE,RETRIEVE_MORE,RETRIEVE_MORE,RETRIEVE_MORE,RETRIEVE_MORE
611,RETRIEVE_MORE,1.00,RETRIEVE_MORE,RETRIEVE_MORE,RETRIEVE_MORE,RETRIEVE_MORE,RETRIEVE_MORE,RETRIEVE_MORE,RETRIEVE_MORE,RETRIEVE_MORE,RETRIEVE_MORE,RETRIEVE_MORE,RETRIEVE_MORE,RETRIEVE_MORE,RETRIEVE_MORE
612,REPLAN,0.50,REPLAN,RETRIEVE_MORE,REPLAN,RETRIEVE_MORE,RETRIEVE_MORE,REPLAN,RETRIEVE_MORE,RETRIEVE_MORE,RETRIEVE_MORE,RETRIEVE_MORE,RETRIEVE_MORE,RETRIEVE_MORE,RETRIEVE_MORE
613,RETRIEVE_MORE,1.00,RETRIEVE_MORE,RETRIEVE_MORE,RETRIEVE_MORE,RETRIEVE_MORE,RETRIEVE_MORE,RETRIEVE_MORE,RETRIEVE_MORE,TOOL_FIX,RETRIEVE_MORE,RETRIEVE_MORE,RETRIEVE_MORE,RETRIEVE_MORE,RETRIEVE_MORE
614,RETRIEVE_MORE,0.83,RETRIEVE_MORE,RETRIEVE_MORE,REPLAN,RETRIEVE_MORE,RETRIEVE_MORE,RETRIEVE_MORE,TOOL_FIX,TOOL_FIX,RETRIEVE_MORE,RETRY,TOOL_FIX,RETRIEVE_MORE,TOOL_FIX
615,REPLAN,0.33,REPLAN,RETRY,REPLAN,RETRY,RETRIEVE_MORE,RETRIEVE_MORE,RETRIEVE_MORE,RETRY,RETRY,RETRY,RETRIEVE_MORE,RETRY,RETRY
616,RETRIEVE_MORE,1.00,RETRIEVE_MORE,RETRIEVE_MORE,RETRIEVE_MORE,RETRIEVE_MORE,RETRIEVE_MORE,RETRIEVE_MORE,RETRIEVE_MORE,RETRIEVE_MORE,RETRIEVE_MORE,RETRIEVE_MORE,RETRIEVE_MORE,RETRIEVE_MORE,RETRIEVE_MORE
617,RETRIEVE_MORE,0.83,RETRIEVE_MORE,RETRIEVE_MORE,RETRIEVE_MORE,RETRIEVE_MORE,TOOL_FIX,RETRIEVE_MORE,TOOL_FIX,TOOL_FIX,RETRIEVE_MORE,RETRIEVE_MORE,TOOL_FIX,RETRIEVE_MORE,TOOL_FIX
618,RETRIEVE_MORE,0.83,REPLAN,RETRIEVE_MORE,RETRIEVE_MORE,RETRIEVE_MORE,RETRIEVE_MORE,RETRIEVE_MORE,RETRIEVE_MORE,RETRIEVE_MORE,RETRIEVE_MORE,RETRIEVE_MORE,RETRIEVE_MORE,RETRIEVE_MORE,RETRIEVE_MORE
619,RETRIEVE_MORE,1.00,RETRIEVE_MORE,RETRIEVE_MORE,RETRIEVE_MORE,RETRIEVE_MORE,RETRIEVE_MORE,RETRIEVE_MORE,RETRIEVE_MORE,RETRIEVE_MORE,RETRIEVE_MORE,RETRIEVE_MORE,RETRIEVE_MORE,RETRIEVE_MORE,RETRIEVE_MORE
620,RETRIEVE_MORE,0.50,RETRIEVE_MORE,RETRY,RETRIEVE_MORE,RETRY,RETRY,RETRIEVE_MORE,RETRIEVE_MORE,RETRIEVE_MORE,RETRY,RETRIEVE_MORE,RETRIEVE_MORE,RETRY,RETRIEVE_MORE
621,REPLAN,1.00,REPLAN,REPLAN,REPLAN,REPLAN,REPLAN,REPLAN,RETRIEVE_MORE,RETRIEVE_MORE,RETRIEVE_MORE,REPLAN,RETRIEVE_MORE,RETRIEVE_MORE,RETRIEVE_MORE
622,RETRIEVE_MORE,1.00,RETRIEVE_MORE,RETRIEVE_MORE,RETRIEVE_MORE,RETRIEVE_MORE,RETRIEVE_MORE,RETRIEVE_MORE,REPLAN,REPLAN,REPLAN,REPLAN,REPLAN,REPLAN,REPLAN
623,REPLAN,1.00,REPLAN,REPLAN,REPLAN,REPLAN,REPLAN,REPLAN,RETRIEVE_MORE,RETRIEVE_MORE,RETRIEVE_MORE,RETRIEVE_MORE,RETRIEVE_MORE,RETRIEVE_MORE,RETRIEVE_MORE
624,REPLAN,1.00,REPLAN,REPLAN,REPLAN,REPLAN,REPLAN,REPLAN,TOOL_FIX,RETRIEVE_MORE,RETRIEVE_MORE,RETRIEVE_MORE,TOOL_FIX,RETRIEVE_MORE,RETRIEVE_MORE
625,RETRIEVE_MORE,1.00,RETRIEVE_MORE,RETRIEVE_MORE,RETRIEVE_MORE,RETRIEVE_MORE,RETRIEVE_MORE,RETRIEVE_MORE,RETRIEVE_MORE,RETRIEVE_MORE,RETRIEVE_MORE,RETRIEVE_MORE,RETRIEVE_MORE,RETRIEVE_MORE,RETRIEVE_MORE
626,RETRIEVE_MORE,1.00,RETRIEVE_MORE,RETRIEVE_MORE,RETRIEVE_MORE,RETRIEVE_MORE,RETRIEVE_MORE,RETRIEVE_MORE,RETRIEVE_MORE,RETRIEVE_MORE,RETRIEVE_MORE,RETRIEVE_MORE,RETRIEVE_MORE,RETRIEVE_MORE,RETRIEVE_MORE
627,REPLAN,0.67,REPLAN,REPLAN,REPLAN,RETRIEVE_MORE,RETRIEVE_MORE,REPLAN,RETRIEVE_MORE,RETRIEVE_MORE,RETRIEVE_MORE,RETRIEVE_MORE,RETRIEVE_MORE,RETRIEVE_MORE,RETRIEVE_MORE
628,REPLAN,1.00,REPLAN,REPLAN,REPLAN,REPLAN,REPLAN,REPLAN,REPLAN,RETRIEVE_MORE,ESCALATE,ESCALATE,REPLAN,ESCALATE,ESCALATE
629,RETRIEVE_MORE,0.50,RETRIEVE_MORE,RETRIEVE_MORE,REPLAN,RETRIEVE_MORE,REPLAN,REPLAN,RETRIEVE_MORE,RETRIEVE_MORE,RETRIEVE_MORE,RETRY,RETRIEVE_MORE,RETRIEVE_MORE,RETRIEVE_MORE
630,REPLAN,1.00,REPLAN,REPLAN,REPLAN,REPLAN,REPLAN,REPLAN,REPLAN,REPLAN,REPLAN,REPLAN,REPLAN,REPLAN,REPLAN
631,REPLAN,0.83,REPLAN,REPLAN,REPLAN,REPLAN,RETRIEVE_MORE,REPLAN,RETRIEVE_MORE,REPLAN,REPLAN,RETRIEVE_MORE,RETRIEVE_MORE,REPLAN,RETRIEVE_MORE
632,RETRY,0.67,RETRY,RETRY,RETRY,REPLAN,REPLAN,RETRY,RETRY,RETRY,ESCALATE,REPLAN,RETRY,ESCALATE,RETRY
633,RETRIEVE_MORE,1.00,RETRIEVE_MORE,RETRIEVE_MORE,RETRIEVE_MORE,RETRIEVE_MORE,RETRIEVE_MORE,RETRIEVE_MORE,RETRIEVE_MORE,RETRIEVE_MORE,RETRIEVE_MORE,RETRIEVE_MORE,RETRIEVE_MORE,RETRIEVE_MORE,RETRIEVE_MORE
634,REPLAN,0.83,REPLAN,REPLAN,REPLAN,REPLAN,RETRIEVE_MORE,REPLAN,RETRIEVE_MORE,RETRIEVE_MORE,RETRIEVE_MORE,RETRIEVE_MORE,RETRIEVE_MORE,RETRIEVE_MORE,RETRIEVE_MORE
635,RETRIEVE_MORE,1.00,RETRIEVE_MORE,RETRIEVE_MORE,RETRIEVE_MORE,RETRIEVE_MORE,RETRIEVE_MORE,RETRIEVE_MORE,RETRIEVE_MORE,RETRIEVE_MORE,RETRIEVE_MORE,RETRIEVE_MORE,RETRIEVE_MORE,RETRIEVE_MORE,RETRIEVE_MORE
636,REPLAN,1.00,REPLAN,REPLAN,REPLAN,REPLAN,REPLAN,REPLAN,RETRIEVE_MORE,REPLAN,RETRIEVE_MORE,RETRIEVE_MORE,RETRIEVE_MORE,RETRIEVE_MORE,RETRIEVE_MORE
637,RETRIEVE_MORE,1.00,RETRIEVE_MORE,RETRIEVE_MORE,RETRIEVE_MORE,RETRIEVE_MORE,RETRIEVE_MORE,RETRIEVE_MORE,RETRIEVE_MORE,RETRIEVE_MORE,RETRIEVE_MORE,RETRIEVE_MORE,RETRIEVE_MORE,RETRIEVE_MORE,RETRIEVE_MORE
638,REPLAN,1.00,REPLAN,REPLAN,REPLAN,REPLAN,REPLAN,REPLAN,RETRIEVE_MORE,REPLAN,ESCALATE,ESCALATE,RETRIEVE_MORE,ESCALATE,ESCALATE
