Trace #,Kavin,Fahim,Yurun,Daivik,Gerard,Gezheng,AI output (Kavin's OpenAI),AI output (Fahim's OpenAI),AI output (Kavin's Llama),AI output (Fahim's Llama)
1,RETRIEVE_MORE,RETRIEVE_MORE,RETRIEVE_MORE,RETRIEVE_MORE,RETRIEVE_MORE,RETRIEVE_MORE,RETRIEVE_MORE,RETRIEVE_MORE,RETRIEVE_MORE,RETRIEVE_MORE
2,RETRIEVE_MORE,RETRIEVE_MORE,RETRIEVE_MORE,RETRIEVE_MORE,RETRIEVE_MORE,RETRIEVE_MORE,RETRIEVE_MORE,RETRIEVE_MORE,RETRIEVE_MORE,ESCALATE
3,RETRIEVE_MORE,RETRIEVE_MORE,RETRIEVE_MORE,RETRIEVE_MORE,RETRIEVE_MORE,RETRIEVE_MORE,RETRIEVE_MORE,RETRIEVE_MORE,ESCALATE,ESCALATE
4,REPLAN,REPLAN,REPLAN,REPLAN,REPLAN,REPLAN,REPLAN,REPLAN,REPLAN,REPLAN
5,REPLAN,REPLAN,REPLAN,RETRY,REPLAN,RETRY,REPLAN,REPLAN,RETRY,RETRY
6,REPLAN,RETRY,RETRY,RETRY,REPLAN,RETRY,REPLAN,REPLAN,REPLAN,REPLAN
7,REPLAN,REPLAN,REPLAN,REPLAN,REPLAN,REPLAN,REPLAN,REPLAN,RETRY,RETRY
8,REPLAN,REPLAN,REPLAN,REPLAN,LOCAL_REPAIR,REPLAN,REPLAN,REPLAN,REPLAN,REPLAN
9,REPLAN,RETRY,REPLAN,REPLAN,LOCAL_REPAIR,REPLAN,REPLAN,RETRY,RETRY,RETRY
10,REPLAN,REPLAN,REPLAN,RETRY,REPLAN,RETRY,REPLAN,REPLAN,REPLAN,REPLAN
11,LOCAL_REPAIR,LOCAL_REPAIR,LOCAL_REPAIR,LOCAL_REPAIR,REPLAN,LOCAL_REPAIR,REPLAN,REPLAN,RETRY,RETRY
12,REPLAN,REPLAN,REPLAN,RETRY/REPLAN,REPLAN,REPLAN,REPLAN,REPLAN,REPLAN,REPLAN
13,REPLAN,REPLAN,REPLAN,REPLAN,RETRY,REPLAN,REPLAN,REPLAN,RETRY,RETRY
14,REPLAN,REPLAN,REPLAN,REPLAN,REPLAN,REPLAN,RETRY,REPLAN,REPLAN,REPLAN
15,REPLAN,REPLAN,REPLAN,REPLAN,REPLAN,REPLAN,REPLAN,REPLAN,REPLAN,REPLAN
16,REPLAN,REPLAN,REPLAN,RETRY/REPLAN,REPLAN,REPLAN,REPLAN,REPLAN,REPLAN,REPLAN
17,REPLAN,REPLAN,REPLAN,REPLAN,LOCAL_REPAIR,REPLAN,REPLAN,REPLAN,REPLAN,RETRY
18,REPLAN,REPLAN,REPLAN,REPLAN,ESCELATE,REPLAN,ESCALATE,ESCALATE,REPLAN,REPLAN
19,REPLAN,REPLAN,REPLAN,REPLAN,REPLAN,REPLAN,REPLAN,REPLAN,REPLAN,REPLAN
20,LOCAL_REPAIR,RETRY,LOCAL_REPAIR,RETRY,LOCAL_REPAIR,RETRY,RETRY,RETRY,RETRY,RETRY
21,REPLAN,REPLAN,REPLAN,REPLAN,REPLAN,REPLAN,REPLAN,REPLAN,RETRY,RETRY
22,REPLAN,REPLAN,REPLAN,REPLAN,REPLAN,REPLAN,REPLAN,REPLAN,REPLAN,REPLAN
23,REPLAN,REPLAN,REPLAN,REPLAN,REPLAN,REPLAN,REPLAN,REPLAN,REPLAN,REPLAN
24,REPLAN,REPLAN,RETRY,RETRY,ESCELATE,REPLAN,REPLAN,REPLAN,REPLAN,REPLAN
25,TOOL_FIX,TOOL_FIX,REPLAN,REPLAN,TOOL_FIX,REPLAN,TOOL_FIX,REPLAN,REPLAN,TOOL_FIX
26,REPLAN,TOOL_FIX,REPLAN,REPLAN,TOOL_FIX,REPLAN,RETRY,RETRY,REPLAN,REPLAN
27,REPLAN,REPLAN,REPLAN,REPLAN,REPLAN,REPLAN,REPLAN,RETRY,REPLAN,REPLAN
28,REPLAN,LOCAL_REPAIR,REPLAN,REPLAN,TOOL_FIX,REPLAN,REPLAN,REPLAN,REPLAN,REPLAN
29,TOOL_FIX,RETRY,TOOL_FIX,TOOL_FIX/LOCAL_REPAIR,TOOL_FIX,LOCAL_REPAIR,RETRY,TOOL_FIX,TOOL_FIX,REPLAN
30,REPLAN,REPLAN,REPLAN,REPLAN,REPLAN,REPLAN,REPLAN,REPLAN,REPLAN,REPLAN
31,TOOL_FIX,TOOL_FIX,TOOL_FIX,LOCAL_REPAIR,TOOL_FIX,TOOL_FIX,TOOL_FIX,TOOL_FIX,REPLAN,REPLAN
32,TOOL_FIX,REPLAN,TOOL_FIX,TOOL_FIX,TOOL_FIX,TOOL_FIX,RETRY,TOOL_FIX,TOOL_FIX,TOOL_FIX
33,TOOL_FIX,TOOL_FIX,TOOL_FIX,TOOL_FIX,TOOL_FIX,TOOL_FIX,REPLAN,REPLAN,REPLAN,REPLAN
34,REPLAN,TOOL_FIX,RETRY,REPLAN,TOOL_FIX,REPLAN,REPLAN,RETRY,REPLAN,REPLAN
35,REPLAN,REPLAN,REPLAN,REPLAN,TOOL_FIX,REPLAN,TOOL_FIX,TOOL_FIX,REPLAN,REPLAN
36,REPLAN,REPLAN,REPLAN,REPLAN,REPLAN,REPLAN,REPLAN,REPLAN,REPLAN,REPLAN
37,TOOL_FIX,REPLAN,TOOL_FIX,REPLAN,TOOL_FIX,REPLAN,TOOL_FIX,TOOL_FIX,REPLAN,REPLAN
38,REPLAN,REPLAN,REPLAN,RETRY,TOOL_FIX,REPLAN,REPLAN,TOOL_FIX,REPLAN,REPLAN
39,REPLAN,REPLAN,REPLAN,REPLAN,TOOL_FIX,REPLAN,TOOL_FIX,REPLAN,REPLAN,RETRY
40,REPLAN,REPLAN,REPLAN,REPLAN,REPLAN,REPLAN,REPLAN,REPLAN,REPLAN,REPLAN
41,REPLAN,REPLAN,RETRY,RETRY,TOOL_FIX,REPLAN,RETRY,RETRY,REPLAN,REPLAN
42,RETRY,REPLAN,REPLAN,REPLAN,REPLAN,REPLAN,REPLAN,REPLAN,REPLAN,REPLAN
43,REPLAN,REPLAN,REPLAN,REPLAN,TOOL_FIX,REPLAN,REPLAN,REPLAN,REPLAN,REPLAN
44,TOOL_FIX,TOOL_FIX,TOOL_FIX,TOOL_FIX,TOOL_FIX,TOOL_FIX,TOOL_FIX,REPLAN,REPLAN,REPLAN
45,TOOL_FIX,TOOL_FIX,TOOL_FIX,TOOL_FIX,REPLAN,TOOL_FIX,TOOL_FIX,TOOL_FIX,TOOL_FIX,TOOL_FIX
46,REPLAN,REPLAN,REPLAN,REPLAN,REPLAN,REPLAN,REPLAN,REPLAN,REPLAN,REPLAN
47,TOOL_FIX,REPLAN,TOOL_FIX,REPAN,REPLAN,REPLAN,REPLAN,TOOL_FIX,TOOL_FIX,TOOL_FIX
48,TOOL_FIX,TOOL_FIX,TOOL_FIX,TOOL_FIX,TOOL_FIX,TOOL_FIX,TOOL_FIX,RETRY,TOOL_FIX,TOOL_FIX
49,REPLAN,TOOL_FIX,REPLAN,TOOL_FIX,TOOL_FIX,TOOL_FIX,REPLAN,REPLAN,REPLAN,REPLAN
50,TOOL_FIX,TOOL_FIX,TOOL_FIX,TOOL_FIX/LOCAL_REPAIR,TOOL_FIX,TOOL_FIX,TOOL_FIX,RETRY,TOOL_FIX,TOOL_FIX
51,REPLAN,TOOL_FIX,REPLAN,TOOL_FIX,REPLAN,TOOL_FIX,REPLAN,REPLAN,REPLAN,REPLAN
52,REPLAN,REPLAN,REPLAN,REPLAN,REPLAN,REPLAN,RETRY,REPLAN,REPLAN,REPLAN
53,REPLAN,REPLAN,REPLAN,REPLAN,REPLAN,REPLAN,REPLAN,RETRY,REPLAN,REPLAN
54,REPLAN,RETRY,REPLAN,RETRY,RETRY,RETRY,RETRY,REPLAN,RETRY,RETRY
55,REPLAN,REPLAN,REPLAN,REPLAN,REPLAN,REPLAN,REPLAN,RETRY,REPLAN,REPLAN
56,REPLAN,REPLAN,REPLAN,RETRY/REPLAN,REPLAN,REPLAN,REPLAN,REPLAN,REPLAN,REPLAN
57,TOOL_FIX,REPLAN,TOOL_FIX,TOOL_FIX,TOOL_FIX,TOOL_FIX,REPLAN,TOOL_FIX,REPLAN,REPLAN
58,TOOL_FIX,TOOL_FIX,TOOL_FIX,TOOL_FIX,TOOL_FIX,TOOL_FIX,TOOL_FIX,TOOL_FIX,REPLAN,REPLAN
59,REPLAN,REPLAN,REPLAN,RETRY,REPLAN,REPLAN,REPLAN,REPLAN,REPLAN,REPLAN
60,TOOL_FIX,REPLAN,TOOL_FIX,REPLAN,TOOL_FIX,TOOL_FIX,REPLAN,TOOL_FIX,REPLAN,REPLAN
61,TOOL_FIX,REPLAN,TOOL_FIX,TOOL_FIX,TOOL_FIX,TOOL_FIX,RETRY,TOOL_FIX,TOOL_FIX,TOOL_FIX
62,REPLAN,TOOL_FIX,REPLAN,TOOL_FIX,REPLAN,TOOL_FIX,REPLAN,REPLAN,REPLAN,REPLAN
63,TOOL_FIX,REPLAN,TOOL_FIX,TOOL_FIX,TOOL_FIX,TOOL_FIX,TOOL_FIX,TOOL_FIX,TOOL_FIX,REPLAN
64,REPLAN,TOOL_FIX,REPLAN,REPLAN,REPLAN,REPLAN,REPLAN,REPLAN,REPLAN,REPLAN
65,TOOL_FIX,TOOL_FIX,TOOL_FIX,TOOL_FIX,TOOL_FIX,TOOL_FIX,TOOL_FIX,RETRY,REPLAN,REPLAN
66,RETRY,REPLAN,REPLAN,REPLAN,RETRY,RETRY,RETRY,RETRY,REPLAN,REPLAN
67,REPLAN,REPLAN,REPLAN,REPLAN,REPLAN,REPLAN,REPLAN,REPLAN,REPLAN,REPLAN
68,REPLAN,REPLAN,REPLAN,REPLAN,REPLAN,REPLAN,REPLAN,RETRY,REPLAN,REPLAN
69,LOCAL_REPAIR,TOOL_FIX,REPLAN,LOCAL_REPAIR,RETRY,REPLAN,REPLAN,REPLAN,REPLAN,RETRY
70,TOOL_FIX,REPLAN,RETRY,RETRY,TOOL_FIX,REPLAN,TOOL_FIX,TOOL_FIX,TOOL_FIX,TOOL_FIX
71,REPLAN,REPLAN,REPLAN,REPLAN,REPLAN,REPLAN,REPLAN,REPLAN,REPLAN,REPLAN
72,TOOL_FIX,REPLAN,TOOL_FIX,REPLAN,TOOL_FIX,REPLAN,REPLAN,REPLAN,REPLAN,TOOL_FIX
73,REPLAN,REPLAN,REPLAN,REPLAN,REPLAN,REPLAN,REPLAN,ESCALATE,REPLAN,REPLAN
74,TOOL_FIX,TOOL_FIX,TOOL_FIX,TOOL_FIX,TOOL_FIX,TOOL_FIX,TOOL_FIX,REPLAN,REPLAN,TOOL_FIX
75,REPLAN,REPLAN,REPLAN,REPLAN,REPLAN,REPLAN,REPLAN,REPLAN,REPLAN,REPLAN
76,TOOL_FIX,TOOL_FIX,TOOL_FIX,TOOL_FIX,TOOL_FIX,TOOL_FIX,RETRY,RETRY,TOOL_FIX,TOOL_FIX
77,TOOL_FIX,TOOL_FIX,TOOL_FIX,TOOL_FIX/REPLAN,TOOL_FIX,TOOL_FIX,REPLAN,REPLAN,REPLAN,REPLAN
78,REPLAN,REPLAN,REPLAN,REPLAN,REPLAN,REPLAN,RETRY,REPLAN,REPLAN,REPLAN
79,REPLAN,TOOL_FIX,REPLAN,REPLAN,REPLAN,REPLAN,REPLAN,REPLAN,REPLAN,REPLAN
80,REPLAN,REPLAN,REPLAN,REPLAN,REPLAN,REPLAN,REPLAN,REPLAN,REPLAN,REPLAN
81,TOOL_FIX,REPLAN,TOOL_FIX,TOOL_FIX,TOOL_FIX,TOOL_FIX,TOOL_FIX,TOOL_FIX,TOOL_FIX,TOOL_FIX
82,REPLAN,REPLAN,REPLAN,REPLAN,REPLAN,REPLAN,REPLAN,REPLAN,REPLAN,REPLAN
83,REPLAN,REPLAN,REPLAN,REPLAN,REPLAN,REPLAN,REPLAN,REPLAN,REPLAN,REPLAN
84,REPLAN,TOOL_FIX,REPLAN,REPLAN,RETRY,REPLAN,REPLAN,RETRY,REPLAN,REPLAN
85,TOOL_FIX,TOOL_FIX,TOOL_FIX,TOOL_FIX,TOOL_FIX,TOOL_FIX,TOOL_FIX,REPLAN,REPLAN,REPLAN
86,REPLAN,REPLAN,REPLAN,REPLAN,RETRY,REPLAN,RETRY,RETRY,REPLAN,REPLAN
87,LOCAL_REPAIR,REPLAN,REPLAN,REPLAN,REPLAN,REPLAN,REPLAN,REPLAN,REPLAN,REPLAN
88,TOOL_FIX,REPLAN,TOOL_FIX,REPLAN,TOOL_FIX,REPLAN,TOOL_FIX,TOOL_FIX,REPLAN,REPLAN
89,REPLAN,REPLAN,REPLAN,REPLAN,REPLAN,REPLAN,REPLAN,REPLAN,REPLAN,REPLAN
90,REPLAN,REPLAN,REPLAN,REPLAN,REPLAN,REPLAN,REPLAN,REPLAN,REPLAN,REPLAN
91,TOOL_FIX,REPLAN,TOOL_FIX,TOOL_FIX,TOOL_FIX,TOOL_FIX,TOOL_FIX,RETRY,TOOL_FIX,TOOL_FIX
92,LOCAL_REPAIR,RETRY,REPLAN,RETRY,REPLAN,RETRY,ESCALATE,TOOL_FIX,REPLAN,REPLAN
93,REPLAN,REPLAN,REPLAN,RETRY,REPLAN,RETRY,RETRY,REPLAN,RETRY,RETRY
94,REPLAN,REPLAN,REPLAN,REPLAN,REPLAN,REPLAN,REPLAN,REPLAN,REPLAN,REPLAN
95,TOOL_FIX,REPLAN,TOOL_FIX,TOOL_FIX,TOOL_FIX,TOOL_FIX,RETRY,TOOL_FIX,REPLAN,REPLAN
96,LOCAL_REPAIR,REPLAN,REPLAN,RETRY,RETRY,RETRY,RETRY,RETRY,RETRY,REPLAN
97,REPLAN,REPLAN,REPLAN,REPLAN,REPLAN,REPLAN,REPLAN,TOOL_FIX,REPLAN,REPLAN
98,REPLAN,REPLAN,REPLAN,REPLAN,REPLAN,REPLAN,REPLAN,REPLAN,REPLAN,REPLAN
99,TOOL_FIX,TOOL_FIX,TOOL_FIX,TOOL_FIX,TOOL_FIX,TOOL_FIX,REPLAN,REPLAN,TOOL_FIX,TOOL_FIX
100,TOOL_FIX,TOOL_FIX,TOOL_FIX,TOOL_FIX,TOOL_FIX,TOOL_FIX,REPLAN,RETRY,TOOL_FIX,TOOL_FIX
101,REPLAN,REPLAN,REPLAN,REPLAN,REPLAN,REPLAN,REPLAN,REPLAN,REPLAN,REPLAN
102,REPLAN,REPLAN,REPLAN,REPLAN,REPLAN,REPLAN,RETRY,REPLAN,REPLAN,REPLAN
103,REPLAN,REPLAN,REPLAN,REPLAN,RETRY,REPLAN,RETRY,RETRY,REPLAN,REPLAN
104,TOOL_FIX,TOOL_FIX,TOOL_FIX,TOOL_FIX,TOOL_FIX,TOOL_FIX,REPLAN,REPLAN,REPLAN,REPLAN
105,TOOL_FIX,TOOL_FIX,TOOL_FIX,TOOL_FIX,TOOL_FIX,TOOL_FIX,REPLAN,REPLAN,REPLAN,REPLAN
106,REPLAN,REPLAN,REPLAN,REPLAN,REPLAN,REPLAN,REPLAN,REPLAN,REPLAN,REPLAN
107,REPLAN,REPLAN,REPLAN,REPLAN,REPLAN,REPLAN,REPLAN,REPLAN,REPLAN,REPLAN
108,REPLAN,REPLAN,REPLAN,REPLAN,REPLAN,REPLAN,REPLAN,REPLAN,REPLAN,REPLAN
109,REPLAN,REPLAN,REPLAN,REPLAN,RETRY,REPLAN,RETRY,REPLAN,RETRY,RETRY
110,REPLAN,REPLAN,REPLAN,REPLAN,REPLAN,REPLAN,REPLAN,TOOL_FIX,REPLAN,REPLAN
111,TOOL_FIX,TOOL_FIX,TOOL_FIX,TOOL_FIX,TOOL_FIX,TOOL_FIX,TOOL_FIX,RETRY,TOOL_FIX,TOOL_FIX
112,REPLAN,REPLAN,REPLAN,REPLAN,REPLAN,REPLAN,REPLAN,RETRY,REPLAN,REPLAN
113,REPLAN,REPLAN,REPLAN,REPLAN,REPLAN,REPLAN,REPLAN,REPLAN,REPLAN,REPLAN
114,TOOL_FIX,TOOL_FIX,TOOL_FIX,TOOL_FIX,TOOL_FIX,TOOL_FIX,RETRY,REPLAN,REPLAN,REPLAN
115,TOOL_FIX,REPLAN,REPLAN,TOOL_FIX,RETRY,REPLAN,REPLAN,RETRY,REPLAN,REPLAN
116,REPLAN,REPLAN,REPLAN,REPLAN,REPLAN,REPLAN,TOOL_FIX,REPLAN,REPLAN,REPLAN
117,REPLAN,REPLAN,REPLAN,REPLAN,REPLAN,REPLAN,RETRY,RETRY,REPLAN,REPLAN
118,REPLAN,REPLAN,REPLAN,REPLAN,REPLAN,REPLAN,REPLAN,RETRY,REPLAN,REPLAN
119,REPLAN,REPLAN,REPLAN,REPLAN,REPLAN,REPLAN,REPLAN,RETRY,REPLAN,REPLAN
120,TOOL_FIX,TOOL_FIX,TOOL_FIX,TOOL_FIX,REPLAN,TOOL_FIX,REPLAN,REPLAN,REPLAN,REPLAN
121,TOOL_FIX,TOOL_FIX,REPLAN,TOOL_FIX,TOOL_FIX,REPLAN,REPLAN,TOOL_FIX,REPLAN,REPLAN
122,REPLAN,TOOL_FIX,REPLAN,REPLAN,REPLAN,REPLAN,REPLAN,REPLAN,REPLAN,REPLAN
123,REPLAN,REPLAN,REPLAN,REPLAN,REPLAN,REPLAN,REPLAN,REPLAN,REPLAN,REPLAN
124,TOOL_FIX,LOCAL_REPAIR,LOCAL_REPAIR,LOCAL_REPAIR,LOCAL_REPAIR,LOCAL_REPAIR,TOOL_FIX,TOOL_FIX,TOOL_FIX,TOOL_FIX
125,REPLAN,REPLAN,LOCAL_REPAIR,LOCAL_REPAIR,REPLAN,REPLAN,TOOL_FIX,TOOL_FIX,REPLAN,REPLAN
126,REPLAN,REPLAN,REPLAN,REPLAN,REPLAN,REPLAN,REPLAN,REPLAN,REPLAN,REPLAN
127,REPLAN,REPLAN,REPLAN,REPLAN,REPLAN,REPLAN,REPLAN,REPLAN,REPLAN,REPLAN
128,TOOL_FIX,TOOL_FIX,TOOL_FIX,TOOL_FIX,TOOL_FIX,TOOL_FIX,REPLAN,TOOL_FIX,TOOL_FIX,REPLAN
129,REPLAN,RETRY,REPLAN,RETRY,REPLAN,RETRY,RETRY,REPLAN,REPLAN,REPLAN
130,REPLAN,REPLAN,REPLAN,REPLAN,REPLAN,REPLAN,REPLAN,TOOL_FIX,REPLAN,REPLAN
131,REPLAN,REPLAN,REPLAN,RETRY,REPLAN,RETRY,RETRY,REPLAN,REPLAN,REPLAN
132,REPLAN,REPLAN,REPLAN,REPLAN,REPLAN,REPLAN,REPLAN,REPLAN,REPLAN,REPLAN
133,REPLAN,REPLAN,REPLAN,REPLAN,REPLAN,REPLAN,REPLAN,REPLAN,REPLAN,REPLAN
134,TOOL_FIX,TOOL_FIX,TOOL_FIX,TOOL_FIX,TOOL_FIX,TOOL_FIX,TOOL_FIX,TOOL_FIX,TOOL_FIX,TOOL_FIX
135,REPLAN,REPLAN,REPLAN,REPLAN,REPLAN,REPLAN,REPLAN,RETRY,RETRY,RETRY
136,REPLAN,REPLAN,REPLAN,REPLAN,REPLAN,REPLAN,REPLAN,TOOL_FIX,REPLAN,REPLAN
137,TOOL_FIX,TOOL_FIX,TOOL_FIX,TOOL_FIX,TOOL_FIX,TOOL_FIX,TOOL_FIX,TOOL_FIX,REPLAN,REPLAN
138,REPLAN,REPLAN,REPLAN,REPLAN,REPLAN,REPLAN,REPLAN,TOOL_FIX,REPLAN,REPLAN
139,REPLAN,REPLAN,REPLAN,REPLAN,REPLAN,REPLAN,REPLAN,RETRY,REPLAN,REPLAN
140,REPLAN,REPLAN,REPLAN,REPLAN,REPLAN,REPLAN,TOOL_FIX,TOOL_FIX,REPLAN,REPLAN
141,RETRY,REPLAN,REPLAN,REPLAN,REPLAN,REPLAN,RETRY,RETRY,REPLAN,REPLAN
142,LOCAL_REPAIR,REPLAN,REPLAN,RETRY/REPLAN,RETRY,LOCAL_REPAIR,RETRY,REPLAN,REPLAN,REPLAN
143,REPLAN,REPLAN,REPLAN,REPLAN,REPLAN,REPLAN,REPLAN,RETRY,REPLAN,REPLAN
144,LOCAL_REPAIR,REPLAN,REPLAN,REPLAN,REPLAN,REPLAN,REPLAN,REPLAN,REPLAN,REPLAN
145,REPLAN,RETRY,REPLAN,REPLAN,RETRY,REPLAN,REPLAN,RETRY,REPLAN,REPLAN
146,RETRY,RETRY,RETRY,RETRY,RETRY,RETRY,RETRY,RETRY,REPLAN,REPLAN
147,TOOL_FIX,TOOL_FIX,TOOL_FIX,TOOL_FIX,TOOL_FIX,TOOL_FIX,REPLAN,REPLAN,REPLAN,REPLAN
148,REPLAN,REPLAN,REPLAN,REPLAN,REPLAN,REPLAN,REPLAN,TOOL_FIX,REPLAN,REPLAN
149,REPLAN,REPLAN,REPLAN,REPLAN,REPLAN,REPLAN,REPLAN,REPLAN,REPLAN,RETRY
150,REPLAN,REPLAN,REPLAN,REPLAN,REPLAN,REPLAN,RETRY,REPLAN,REPLAN,REPLAN
151,REPLAN,REPLAN,REPLAN,REPLAN,REPLAN,REPLAN,RETRY,REPLAN,REPLAN,REPLAN
152,REPLAN,REPLAN,LOCAL_REPAIR,LOCAL_REPAIR,LOCAL_REPAIR,REPLAN,TOOL_FIX,REPLAN,REPLAN,REPLAN
153,TOOL_FIX,TOOL_FIX,LOCAL_REPAIR,LOCAL_REPAIR,TOOL_FIX,TOOL_FIX,TOOL_FIX,TOOL_FIX,REPLAN,REPLAN
154,TOOL_FIX,TOOL_FIX,TOOL_FIX,TOOL_FIX,REPLAN,TOOL_FIX,REPLAN,REPLAN,REPLAN,REPLAN
155,TOOL_FIX,TOOL_FIX,TOOL_FIX,TOOL_FIX,TOOL_FIX,TOOL_FIX,RETRY,RETRY,REPLAN,REPLAN
156,TOOL_FIX,RETRY,RETRY,TOOL_FIX,TOOL_FIX,RETRY,REPLAN,TOOL_FIX,REPLAN,REPLAN
157,RETRY,REPLAN,REPLAN,RETRY,REPLAN,RETRY,RETRY,RETRY,REPLAN,REPLAN
158,REPLAN,REPLAN,REPLAN,REPLAN,RETRY,REPLAN,RETRY,RETRY,REPLAN,REPLAN
159,TOOL_FIX,TOOL_FIX,LOCAL_REPAIR,TOOL_FIX,TOOL_FIX,TOOL_FIX,REPLAN,REPLAN,REPLAN,REPLAN
160,TOOL_FIX,TOOL_FIX,TOOL_FIX,TOOL_FIX,TOOL_FIX,TOOL_FIX,TOOL_FIX,TOOL_FIX,TOOL_FIX,TOOL_FIX
161,REPLAN,TOOL_FIX,TOOL_FIX,TOOL_FIX,TOOL_FIX,REPLAN,REPLAN,REPLAN,REPLAN,REPLAN
162,TOOL_FIX,TOOL_FIX,TOOL_FIX,LOCAL_REPAIR,TOOL_FIX,TOOL_FIX,TOOL_FIX,TOOL_FIX,TOOL_FIX,TOOL_FIX
163,REPLAN,REPLAN,REPLAN,REPLAN,REPLAN,REPLAN,REPLAN,TOOL_FIX,REPLAN,REPLAN
164,REPLAN,RETRY,REPLAN,REPLAN,RETRY,RETRY,REPLAN,REPLAN,REPLAN,REPLAN
165,LOCAL_REPAIR,RETRY,REPLAN,RETRY,LOCAL_REPAIR,RETRY,REPLAN,RETRY,REPLAN,REPLAN
166,LOCAL_REPAIR,REPLAN,REPLAN,REPLAN,RETRY,REPLAN,RETRY,RETRY,REPLAN,REPLAN
167,RETRY,REPLAN,REPLAN,RETRY,RETRY,RETRY,REPLAN,REPLAN,REPLAN,RETRY
168,REPLAN,REPLAN,REPLAN,REPLAN,REPLAN,REPLAN,RETRY,REPLAN,REPLAN,REPLAN
169,REPLAN,TOOL_FIX,REPLAN,TOOL_FIX,REPLAN,REPLAN,REPLAN,REPLAN,REPLAN,REPLAN
170,TOOL_FIX,TOOL_FIX,TOOL_FIX,TOOL_FIX,TOOL_FIX,TOOL_FIX,RETRY,TOOL_FIX,TOOL_FIX,TOOL_FIX
171,REPLAN,REPLAN,REPLAN,REPLAN,REPLAN,REPLAN,RETRY,REPLAN,REPLAN,REPLAN
172,TOOL_FIX,TOOL_FIX,TOOL_FIX,TOOL_FIX,TOOL_FIX,TOOL_FIX,REPLAN,REPLAN,REPLAN,REPLAN
173,TOOL_FIX,TOOL_FIX,TOOL_FIX,TOOL_FIX,REPLAN,TOOL_FIX,TOOL_FIX,REPLAN,REPLAN,REPLAN
174,LOCAL_REPAIR,TOOL_FIX,LOCAL_REPAIR,LOCAL_REPAIR,RETRY,LOCAL_REPAIR,RETRY,RETRY,REPLAN,REPLAN
175,TOOL_FIX,TOOL_FIX,TOOL_FIX,TOOL_FIX,TOOL_FIX,TOOL_FIX,REPLAN,RETRY,TOOL_FIX,TOOL_FIX
176,TOOL_FIX,TOOL_FIX,TOOL_FIX,TOOL_FIX,TOOL_FIX,TOOL_FIX,RETRY,RETRY,TOOL_FIX,TOOL_FIX
177,TOOL_FIX,TOOL_FIX,TOOL_FIX,TOOL_FIX,TOOL_FIX,TOOL_FIX,REPLAN,RETRY,REPLAN,REPLAN
178,REPLAN,REPLAN,REPLAN,REPLAN,REPLAN,REPLAN,REPLAN,REPLAN,REPLAN,REPLAN
179,REPLAN,RETRY,REPLAN,RETRY,REPLAN,REPLAN,REPLAN,RETRY,REPLAN,REPLAN
180,REPLAN,REPLAN,REPLAN,REPLAN,REPLAN,REPLAN,RETRY,REPLAN,REPLAN,REPLAN
181,TOOL_FIX,TOOL_FIX,TOOL_FIX,TOOL_FIX ,TOOL_FIX,TOOL_FIX,TOOL_FIX,TOOL_FIX,REPLAN,REPLAN
182,REPLAN,REPLAN,REPLAN,REPLAN,REPLAN,REPLAN,TOOL_FIX,REPLAN,REPLAN,REPLAN
183,TOOL_FIX,TOOL_FIX,TOOL_FIX,TOOL_FIX,TOOL_FIX,TOOL_FIX,TOOL_FIX,TOOL_FIX,REPLAN,REPLAN
184,TOOL_FIX,TOOL_FIX,TOOL_FIX,TOOL_FIX,TOOL_FIX,TOOL_FIX,TOOL_FIX,TOOL_FIX,REPLAN,REPLAN
185,TOOL_FIX,TOOL_FIX,TOOL_FIX,TOOL_FIX,TOOL_FIX,TOOL_FIX,RETRY,TOOL_FIX,TOOL_FIX,TOOL_FIX
186,TOOL_FIX,TOOL_FIX,TOOL_FIX,TOOL_FIX,TOOL_FIX,TOOL_FIX,REPLAN,REPLAN,TOOL_FIX,TOOL_FIX
187,REPLAN,REPLAN,REPLAN,REPLAN,REPLAN,REPLAN,REPLAN,REPLAN,REPLAN,REPLAN
188,TOOL_FIX,TOOL_FIX,TOOL_FIX,TOOL_FIX,TOOL_FIX,TOOL_FIX,TOOL_FIX,TOOL_FIX,REPLAN,REPLAN
189,REPLAN,RETRY,REPLAN,REPLAN/RETRY,REPLAN,REPLAN,REPLAN,RETRY,REPLAN,REPLAN
190,REPLAN,REPLAN,REPLAN,REPLAN,REPLAN,REPLAN,REPLAN,REPLAN,REPLAN,REPLAN
191,TOOL_FIX,TOOL_FIX,TOOL_FIX,TOOL_FIX,TOOL_FIX,TOOL_FIX,REPLAN,REPLAN,REPLAN,TOOL_FIX
192,TOOL_FIX,TOOL_FIX,TOOL_FIX,TOOL_FIX,TOOL_FIX,TOOL_FIX,REPLAN,REPLAN,REPLAN,REPLAN
193,REPLAN,REPLAN,REPLAN,REPLAN,REPLAN,REPLAN,REPLAN,RETRY,REPLAN,REPLAN
194,REPLAN,REPLAN,REPLAN,REPLAN,REPLAN,REPLAN,REPLAN,TOOL_FIX,REPLAN,REPLAN
195,REPLAN,REPLAN,REPLAN,REPLAN,REPLAN,REPLAN,REPLAN,RETRY,REPLAN,REPLAN
196,LOCAL_REPAIR,RETRY,REPLAN,LOCAL_REPAIR,REPLAN,LOCAL_REPAIR,RETRY,TOOL_FIX,REPLAN,REPLAN
197,TOOL_FIX,TOOL_FIX,TOOL_FIX,LOCAL_REPAIR,TOOL_FIX,TOOL_FIX,TOOL_FIX,TOOL_FIX,TOOL_FIX,TOOL_FIX
198,REPLAN,REPLAN,REPLAN,REPLAN,REPLAN,REPLAN,RETRY,REPLAN,REPLAN,REPLAN
199,RETRY,REPLAN,REPLAN,REPLAN,REPLAN,RETRY,REPLAN,REPLAN,REPLAN,REPLAN
200,REPLAN,REPLAN,REPLAN,REPLAN,REPLAN,REPLAN,REPLAN,REPLAN,REPLAN,REPLAN
201,TOOL_FIX,REPLAN,TOOL_FIX,REPLAN,TOOL_FIX,TOOL_FIX,REPLAN,REPLAN,REPLAN,TOOL_FIX
202,REPLAN,REPLAN,REPLAN,REPLAN,REPLAN,REPLAN,REPLAN,REPLAN,REPLAN,REPLAN
203,TOOL_FIX,TOOL_FIX,TOOL_FIX,TOOL_FIX,REPLAN,TOOL_FIX,REPLAN,REPLAN,REPLAN,REPLAN
204,REPLAN,REPLAN,REPLAN,REPLAN,REPLAN,REPLAN,ESCALATE,RETRY,REPLAN,REPLAN
205,TOOL_FIX,TOOL_FIX,TOOL_FIX,TOOL_FIX,TOOL_FIX,TOOL_FIX,REPLAN,RETRY,REPLAN,REPLAN
206,REPLAN,REPLAN,REPLAN,REPLAN,REPLAN,REPLAN,RETRY,REPLAN,REPLAN,REPLAN
207,TOOL_FIX,TOOL_FIX,TOOL_FIX,TOOL_FIX,TOOL_FIX,TOOL_FIX,TOOL_FIX,REPLAN,TOOL_FIX,TOOL_FIX
208,REPLAN,REPLAN,REPLAN,REPLAN,REPLAN,REPLAN,RETRY,REPLAN,REPLAN,REPLAN
209,TOOL_FIX,REPLAN,LOCAL_REPAIR,REPLAN,TOOL_FIX,TOOL_FIX,REPLAN,TOOL_FIX,REPLAN,REPLAN
210,REPLAN,REPLAN,REPLAN,REPLAN,REPLAN,REPLAN,RETRY,RETRY,REPLAN,REPLAN
211,REPLAN,REPLAN,REPLAN,REPLAN,REPLAN,REPLAN,REPLAN,REPLAN,REPLAN,REPLAN
212,REPLAN,REPLAN,REPLAN,REPLAN,REPLAN,REPLAN,REPLAN,REPLAN,REPLAN,REPLAN
213,LOCAL_REPAIR,LOCAL_REPAIR,RETRY,LOCAL_REPAIR,REPLAN,LOCAL_REPAIR,REPLAN,REPLAN,REPLAN,REPLAN
214,TOOL_FIX,TOOL_FIX,TOOL_FIX,TOOL_FIX,TOOL_FIX,TOOL_FIX,RETRY,TOOL_FIX,REPLAN,REPLAN
215,REPLAN,REPLAN,REPLAN,REPLAN,REPLAN,REPLAN,TOOL_FIX,REPLAN,REPLAN,REPLAN
216,TOOL_FIX,TOOL_FIX,TOOL_FIX,TOOL_FIX,TOOL_FIX,TOOL_FIX,RETRY,REPLAN,REPLAN,REPLAN
217,TOOL_FIX,TOOL_FIX,TOOL_FIX,TOOL_FIX,TOOL_FIX,TOOL_FIX,TOOL_FIX,RETRY,REPLAN,REPLAN
218,LOCAL_REPAIR,LOCAL_REPAIR,LOCAL_REPAIR,LOCAL_REPAIR,RETRY,LOCAL_REPAIR,REPLAN,RETRY,REPLAN,REPLAN
219,TOOL_FIX,TOOL_FIX,TOOL_FIX,TOOL_FIX,TOOL_FIX,TOOL_FIX,TOOL_FIX,REPLAN,TOOL_FIX,TOOL_FIX
220,REPLAN,REPLAN,REPLAN,REPLAN,REPLAN,REPLAN,REPLAN,REPLAN,REPLAN,REPLAN
221,RETRY,RETRY,REPLAN,REPLAN,REPLAN,REPLAN,RETRY,RETRY,REPLAN,REPLAN
222,TOOL_FIX,TOOL_FIX,TOOL_FIX,TOOL_FIX,TOOL_FIX,TOOL_FIX,RETRY,RETRY,TOOL_FIX,TOOL_FIX
223,LOCAL_REPAIR,TOOL_FIX,LOCAL_REPAIR,LOCAL_REPAIR/TOOL_FIX,LOCAL_REPAIR,LOCAL_REPAIR,REPLAN,TOOL_FIX,REPLAN,REPLAN
224,TOOL_FIX,TOOL_FIX,TOOL_FIX,REPLAN,TOOL_FIX,LOCAL_REPAIR,REPLAN,REPLAN,TOOL_FIX,TOOL_FIX
225,LOCAL_REPAIR,REPLAN,LOCAL_REPAIR,LOCAL_REPAIR,RETRY,TOOL_FIX,REPLAN,REPLAN,REPLAN,REPLAN
226,TOOL_FIX,TOOL_FIX,TOOL_FIX,TOOL_FIX,TOOL_FIX,REPLAN,REPLAN,REPLAN,TOOL_FIX,REPLAN
227,REPLAN,REPLAN,REPLAN,REPLAN,REPLAN,REPLAN,REPLAN,RETRY,REPLAN,REPLAN
228,REPLAN,REPLAN,REPLAN,REPLAN,REPLAN,REPLAN,REPLAN,REPLAN,REPLAN,REPLAN
229,REPLAN,REPLAN,REPLAN,REPLAN,REPLAN,REPLAN,REPLAN,REPLAN,REPLAN,REPLAN
230,TOOL_FIX,TOOL_FIX,TOOL_FIX,TOOL_FIX,TOOL_FIX,TOOL_FIX,TOOL_FIX,RETRY,REPLAN,REPLAN
231,REPLAN,REPLAN,REPLAN,REPLAN,REPLAN,REPLAN,REPLAN,REPLAN,REPLAN,REPLAN
232,REPLAN,REPLAN,REPLAN,REPLAN,REPLAN,REPLAN,RETRY,TOOL_FIX,REPLAN,REPLAN
233,LOCAL_REPAIR,RETRY,REPLAN,LOCAL_REPAIR,LOCAL_REPAIR,LOCAL_REPAIR,RETRY,RETRY,REPLAN,REPLAN
234,REPLAN,REPLAN,REPLAN,REPLAN,REPLAN,REPLAN,REPLAN,REPLAN,REPLAN,REPLAN
235,LOCAL_REPAIR,LOCAL_REPAIR,LOCAL_REPAIR,LOCAL_REPAIR,LOCAL_REPAIR,LOCAL_REPAIR,REPLAN,REPLAN,REPLAN,REPLAN
236,TOOL_FIX,TOOL_FIX,TOOL_FIX,TOOL_FIX,TOOL_FIX,TOOL_FIX,TOOL_FIX,TOOL_FIX,TOOL_FIX,TOOL_FIX
237,TOOL_FIX,TOOL_FIX,TOOL_FIX,TOOL_FIX,TOOL_FIX,TOOL_FIX,TOOL_FIX,RETRY,TOOL_FIX,TOOL_FIX
238,REPLAN,REPLAN,REPLAN,REPLAN,REPLAN,REPLAN,REPLAN,REPLAN,REPLAN,REPLAN
239,TOOL_FIX,TOOL_FIX,TOOL_FIX,TOOL_FIX,TOOL_FIX,TOOL_FIX,TOOL_FIX,TOOL_FIX,REPLAN,REPLAN
240,REPLAN,REPLAN,REPLAN,REPLAN,REPLAN,REPLAN,REPLAN,REPLAN,REPLAN,REPLAN
241,REPLAN,REPLAN,REPLAN,TOOL_FIX,REPLAN,REPLAN,TOOL_FIX,REPLAN,REPLAN,REPLAN
242,REPLAN,REPLAN,REPLAN,REPLAN,REPLAN,REPLAN,REPLAN,REPLAN,REPLAN,REPLAN
243,REPLAN,REPLAN,REPLAN,REPLAN,REPLAN,REPLAN,REPLAN,REPLAN,REPLAN,REPLAN
244,TOOL_FIX,TOOL_FIX,TOOL_FIX,TOOL_FIX,REPLAN,TOOL_FIX,REPLAN,TOOL_FIX,REPLAN,REPLAN
245,TOOL_FIX,TOOL_FIX,TOOL_FIX,TOOL_FIX,TOOL_FIX,TOOL_FIX,REPLAN,REPLAN,REPLAN,REPLAN
246,TOOL_FIX,TOOL_FIX,TOOL_FIX,TOOL_FIX,TOOL_FIX,TOOL_FIX,REPLAN,TOOL_FIX,REPLAN,REPLAN
247,TOOL_FIX,TOOL_FIX,TOOL_FIX,TOOL_FIX,TOOL_FIX,TOOL_FIX,TOOL_FIX,REPLAN,REPLAN,REPLAN
248,REPLAN,REPLAN,REPLAN,REPLAN,REPLAN,REPLAN,REPLAN,TOOL_FIX,REPLAN,REPLAN
249,REPLAN,RETRY,REPLAN,REPLAN,REPLAN,REPLAN,RETRY,REPLAN,REPLAN,REPLAN
250,TOOL_FIX,TOOL_FIX,TOOL_FIX,TOOL_FIX,TOOL_FIX,TOOL_FIX,RETRY,RETRY,TOOL_FIX,TOOL_FIX
251,RETRY,REPLAN,REPLAN,RETRY,RETRY,RETRY,REPLAN,REPLAN,REPLAN,REPLAN
252,REPLAN,REPLAN,REPLAN,REPLAN,REPLAN,REPLAN,REPLAN,REPLAN,REPLAN,REPLAN
253,LOCAL_REPAIR,REPLAN,REPLAN,REPLAN,REPLAN,REPLAN,RETRY,REPLAN,REPLAN,REPLAN
254,REPLAN,REPLAN,REPLAN,REPLAN,REPLAN,REPLAN,TOOL_FIX,REPLAN,REPLAN,REPLAN
255,REPLAN,REPLAN,REPLAN,REPLAN,REPLAN,REPLAN,REPLAN,REPLAN,REPLAN,REPLAN
256,REPLAN,REPLAN,REPLAN,REPLAN,REPLAN,REPLAN,REPLAN,REPLAN,REPLAN,REPLAN
257,REPLAN,REPLAN,REPLAN,REPLAN,REPLAN,REPLAN,REPLAN,REPLAN,REPLAN,REPLAN
258,TOOL_FIX,TOOL_FIX,TOOL_FIX,TOOL_FIX,TOOL_FIX,TOOL_FIX,TOOL_FIX,TOOL_FIX,TOOL_FIX,TOOL_FIX
259,REPLAN,REPLAN,REPLAN,REPLAN,REPLAN,REPLAN,REPLAN,RETRY,REPLAN,REPLAN
260,REPLAN,REPLAN,REPLAN,REPLAN,REPLAN,REPLAN,REPLAN,REPLAN,REPLAN,REPLAN
261,REPLAN,REPLAN,REPLAN,REPLAN,REPLAN,REPLAN,REPLAN,REPLAN,REPLAN,REPLAN
262,RETRY,REPLAN,LOCAL_REPAIR,REPLAN,RETRY,REPLAN,REPLAN,TOOL_FIX,REPLAN,RETRY
263,TOOL_FIX,REPLAN,REPLAN,REPLAN,REPLAN,REPLAN,TOOL_FIX,REPLAN,REPLAN,REPLAN
264,REPLAN,REPLAN,REPLAN,REPLAN,REPLAN,REPLAN,REPLAN,REPLAN,REPLAN,REPLAN
265,TOOL_FIX,TOOL_FIX,TOOL_FIX,TOOL_FIX,TOOL_FIX,TOOL_FIX,REPLAN,TOOL_FIX,TOOL_FIX,TOOL_FIX
266,LOCAL_REPAIR,REPLAN,REPLAN,REPLAN,REPLAN,REPLAN,RETRY,REPLAN,REPLAN,REPLAN
267,TOOL_FIX,TOOL_FIX,TOOL_FIX,TOOL_FIX,TOOL_FIX,TOOL_FIX,TOOL_FIX,TOOL_FIX,REPLAN,REPLAN
268,REPLAN,REPLAN,REPLAN,REPLAN,REPLAN,REPLAN,REPLAN,RETRY,REPLAN,REPLAN
269,REPLAN,REPLAN,REPLAN,REPLAN,REPLAN,REPLAN,REPLAN,REPLAN,REPLAN,REPLAN
270,TOOL_FIX,TOOL_FIX,TOOL_FIX,TOOL_FIX,TOOL_FIX,TOOL_FIX,TOOL_FIX,TOOL_FIX,TOOL_FIX,TOOL_FIX
271,REPLAN,REPLAN,REPLAN,REPLAN,REPLAN,REPLAN,REPLAN,REPLAN,REPLAN,REPLAN
272,TOOL_FIX,TOOL_FIX,TOOL_FIX,TOOL_FIX,TOOL_FIX,TOOL_FIX,TOOL_FIX,REPLAN,REPLAN,REPLAN
273,LOCAL_REPAIR,REPLAN,REPLAN,REPLAN,LOCAL_REPAIR,REPLAN,RETRY,REPLAN,REPLAN,REPLAN
274,TOOL_FIX,TOOL_FIX,TOOL_FIX,TOOL_FIX,TOOL_FIX,TOOL_FIX,TOOL_FIX,TOOL_FIX,TOOL_FIX,TOOL_FIX
275,RETRY,RETRY,RETRY,RETRY,RETRY,RETRY,RETRY,RETRY,REPLAN,RETRY
276,REPLAN,REPLAN,REPLAN,REPLAN,REPLAN,REPLAN,REPLAN,REPLAN,REPLAN,REPLAN
277,TOOL_FIX,TOOL_FIX,TOOL_FIX,TOOL_FIX,TOOL_FIX,TOOL_FIX,TOOL_FIX,TOOL_FIX,REPLAN,REPLAN
278,REPLAN,REPLAN,REPLAN,REPLAN,REPLAN,REPLAN,REPLAN,REPLAN,REPLAN,REPLAN
279,REPLAN,REPLAN,REPLAN,REPLAN,REPLAN,REPLAN,REPLAN,RETRY,REPLAN,REPLAN
280,REPLAN,REPLAN,REPLAN,REPLAN,REPLAN,REPLAN,REPLAN,REPLAN,REPLAN,REPLAN
281,REPLAN,REPLAN,REPLAN,REPLAN,REPLAN,REPLAN,REPLAN,RETRY,REPLAN,REPLAN
282,REPLAN,REPLAN,REPLAN,REPLAN,REPLAN,REPLAN,REPLAN,REPLAN,REPLAN,REPLAN
283,TOOL_FIX,REPLAN,TOOL_FIX,REPLAN,TOOL_FIX,TOOL_FIX,TOOL_FIX,REPLAN,TOOL_FIX,TOOL_FIX
284,RETRIEVE_MORE,RETRIEVE_MORE,RETRIEVE_MORE,RETRIEVE_MORE,RETRIEVE_MORE,RETRIEVE_MORE,RETRIEVE_MORE,RETRIEVE_MORE,RETRIEVE_MORE,RETRY
285,REPLAN,REPLAN,REPLAN,REPLAN,REPLAN,REPLAN,RETRIEVE_MORE,RETRIEVE_MORE,RETRIEVE_MORE,RETRIEVE_MORE
286,REPLAN,REPLAN,RETRIEVE_MORE,RETRIEVE_MORE,RETRIEVE_MORE,RETRIEVE_MORE,RETRIEVE_MORE,RETRIEVE_MORE,RETRIEVE_MORE,RETRIEVE_MORE
287,RETRIEVE_MORE,RETRIEVE_MORE,RETRIEVE_MORE,RETRIEVE_MORE,RETRIEVE_MORE,RETRIEVE_MORE,RETRIEVE_MORE,RETRIEVE_MORE,RETRIEVE_MORE,RETRIEVE_MORE
288,RETRY,RETRY,REPLAN,REPLAN,RETRY,REPLAN,RETRY,RETRIEVE_MORE,RETRY,RETRY
289,REPLAN,REPLAN,REPLAN,REPLAN,REPLAN,REPLAN,RETRIEVE_MORE,RETRIEVE_MORE,RETRY,RETRIEVE_MORE
290,RETRIEVE_MORE,RETRIEVE_MORE,RETRIEVE_MORE,RETRIEVE_MORE,RETRIEVE_MORE,RETRIEVE_MORE,TOOL_FIX,TOOL_FIX,RETRIEVE_MORE,RETRY
291,REPLAN,REPLAN,REPLAN,REPLAN,RETRIEVE_MORE,REPLAN,RETRIEVE_MORE,RETRIEVE_MORE,RETRIEVE_MORE,RETRIEVE_MORE
292,RETRIEVE_MORE,RETRY,RETRY,RETRIEVE_MORE/RETRY,RETRIEVE_MORE,RETRIEVE_MORE,RETRIEVE_MORE,RETRIEVE_MORE,RETRY,RETRY
293,RETRY,RETRY,RETRY,RETRY,RETRY,RETRY,RETRIEVE_MORE,RETRIEVE_MORE,RETRY,RETRY
294,REPLAN,REPLAN,REPLAN,REPLAN,REPLAN,REPLAN,RETRIEVE_MORE,RETRIEVE_MORE,RETRIEVE_MORE,RETRIEVE_MORE
295,REPLAN,REPLAN,REPLAN,REPLAN,REPLAN,REPLAN,RETRIEVE_MORE,RETRIEVE_MORE,RETRIEVE_MORE,RETRIEVE_MORE
296,RETRIEVE_MORE,RETRIEVE_MORE,RETRIEVE_MORE,RETRIEVE_MORE,RETRIEVE_MORE,RETRIEVE_MORE,RETRIEVE_MORE,RETRIEVE_MORE,RETRIEVE_MORE,RETRIEVE_MORE
297,REPLAN,REPLAN,REPLAN,REPLAN,REPLAN,REPLAN,RETRIEVE_MORE,RETRIEVE_MORE,RETRIEVE_MORE,RETRIEVE_MORE
298,RETRIEVE_MORE,RETRIEVE_MORE,RETRIEVE_MORE,RETRIEVE_MORE,RETRIEVE_MORE,RETRIEVE_MORE,RETRIEVE_MORE,RETRIEVE_MORE,RETRIEVE_MORE,RETRIEVE_MORE
299,REPLAN,REPLAN,REPLAN,REPLAN,REPLAN,REPPLAN,RETRIEVE_MORE,RETRIEVE_MORE,RETRIEVE_MORE,RETRIEVE_MORE
300,ESCALATE,RETRIEVE_MORE,REPLAN,ESCALATE,RETRIEVE_MORE,RETRIEVE_MORE,RETRIEVE_MORE,RETRIEVE_MORE,RETRIEVE_MORE,RETRIEVE_MORE
301,TOOL_FIX,TOOL_FIX,TOOL_FIX,TOOL_FIX,TOOL_FIX,TOOL_FIX,RETRIEVE_MORE,RETRIEVE_MORE,RETRIEVE_MORE,RETRIEVE_MORE
302,RETRIEVE_MORE,RETRIEVE_MORE,RETRIEVE_MORE,RETRIEVE_MORE,RETRIEVE_MORE,RETRIEVE_MORE,REPLAN,RETRIEVE_MORE,RETRIEVE_MORE,RETRIEVE_MORE
303,RETRIEVE_MORE,RETRIEVE_MORE,RETRIEVE_MORE,RETRIEVE_MORE,RETRIEVE_MORE,RETRIEVE_MORE,RETRIEVE_MORE,RETRIEVE_MORE,RETRIEVE_MORE,RETRIEVE_MORE
304,RETRIEVE_MORE,RETRIEVE_MORE,RETRIEVE_MORE,RETRIEVE_MORE,RETRIEVE_MORE,RETRIEVE_MORE,RETRIEVE_MORE,RETRIEVE_MORE,RETRIEVE_MORE,RETRIEVE_MORE
305,RETRIEVE_MORE,RETRIEVE_MORE,RETRIEVE_MORE,RETRIEVE_MORE,RETRIEVE_MORE,RETRIEVE_MORE,RETRIEVE_MORE,RETRIEVE_MORE,RETRIEVE_MORE,RETRIEVE_MORE
306,RETRIEVE_MORE,RETRIEVE_MORE,RETRIEVE_MORE,RETRIEVE_MORE,RETRIEVE_MORE,RETRIEVE_MORE,RETRIEVE_MORE,RETRIEVE_MORE,RETRIEVE_MORE,RETRIEVE_MORE
307,RETRIEVE_MORE,RETRIEVE_MORE,RETRIEVE_MORE,RETRIEVE_MORE,RETRIEVE_MORE,RETRIEVE_MORE,RETRIEVE_MORE,RETRIEVE_MORE,RETRIEVE_MORE,RETRIEVE_MORE
308,RETRIEVE_MORE,RETRIEVE_MORE,RETRIEVE_MORE,RETRIEVE_MORE,RETRIEVE_MORE,RETRIEVE_MORE,RETRIEVE_MORE,RETRIEVE_MORE,RETRIEVE_MORE,RETRIEVE_MORE
309,REPLAN,RETRIEVE_MORE,RETRIEVE_MORE,RETRY,REPLAN,REPLAN,RETRIEVE_MORE,RETRIEVE_MORE,RETRIEVE_MORE,RETRIEVE_MORE
310,RETRIEVE_MORE,RETRIEVE_MORE,RETRIEVE_MORE,RETRIEVE_MORE,RETRIEVE_MORE,RETRIEVE_MORE,RETRIEVE_MORE,RETRIEVE_MORE,RETRIEVE_MORE,RETRIEVE_MORE
311,RETRY,RETRY,RETRY,RETRY,RETRY,RETRY,RETRY,RETRY,RETRY,RETRY
312,RETRIEVE_MORE,RETRIEVE_MORE,RETRIEVE_MORE,RETRIEVE_MORE,RETRIEVE_MORE,RETRIEVE_MORE,RETRIEVE_MORE,RETRIEVE_MORE,RETRIEVE_MORE,RETRIEVE_MORE
313,RETRIEVE_MORE,RETRIEVE_MORE,RETRIEVE_MORE,RETRIEVE_MORE,RETRIEVE_MORE,RETRIEVE_MORE,RETRIEVE_MORE,REPLAN,RETRIEVE_MORE,RETRIEVE_MORE
314,RETRIEVE_MORE,RETRIEVE_MORE,RETRIEVE_MORE,RETRIEVE_MORE,RETRIEVE_MORE,RETRIEVE_MORE,RETRIEVE_MORE,RETRIEVE_MORE,RETRIEVE_MORE,RETRIEVE_MORE
315,RETRY,RETRIEVE_MORE,RETRIEVE_MORE,RETRY,RETRY,RETRY,RETRIEVE_MORE,RETRIEVE_MORE,RETRY,RETRY
316,RETRIEVE_MORE,RETRIEVE_MORE,RETRIEVE_MORE,RETRIEVE_MORE,RETRIEVE_MORE,RETRIEVE_MORE,RETRIEVE_MORE,RETRIEVE_MORE,RETRIEVE_MORE,RETRIEVE_MORE
317,RETRY,RETRY,RETRY,RETRY,RETRY,RETRY,RETRY,RETRY,RETRY,RETRY
318,RETRY,REPLAN,REPLAN,REPLAN,RETRY,REPLAN,RETRIEVE_MORE,RETRIEVE_MORE,RETRIEVE_MORE,RETRIEVE_MORE
319,REPLAN,REPLAN,REPLAN,REPLAN,RETRIEVE_MORE,REPLAN,REPLAN,RETRIEVE_MORE,RETRIEVE_MORE,RETRIEVE_MORE
320,RETRIEVE_MORE,RETRIEVE_MORE,RETRIEVE_MORE,RETRIEVE_MORE,RETRIEVE_MORE,RETRIEVE_MORE,RETRY,RETRIEVE_MORE,RETRIEVE_MORE,RETRIEVE_MORE
321,RETRIEVE_MORE,RETRIEVE_MORE,RETRIEVE_MORE,RETRIEVE_MORE,RETRIEVE_MORE,RETRIEVE_MORE,RETRIEVE_MORE,RETRIEVE_MORE,RETRIEVE_MORE,RETRIEVE_MORE
322,RETRIEVE_MORE,RETRIEVE_MORE,RETRIEVE_MORE,RETRIEVE_MORE,RETRIEVE_MORE,RETRIEVE_MORE,RETRIEVE_MORE,RETRIEVE_MORE,RETRIEVE_MORE,RETRIEVE_MORE
323,RETRIEVE_MORE,RETRIEVE_MORE,RETRIEVE_MORE,RETRIEVE_MORE,RETRIEVE_MORE,RETRIEVE_MORE,RETRIEVE_MORE,RETRIEVE_MORE,RETRIEVE_MORE,RETRIEVE_MORE
324,RETRIEVE_MORE,RETRIEVE_MORE,RETRIEVE_MORE,RETRIEVE_MORE,RETRIEVE_MORE,RETRIEVE_MORE,RETRIEVE_MORE,RETRIEVE_MORE,RETRIEVE_MORE,RETRIEVE_MORE
325,RETRIEVE_MORE,RETRIEVE_MORE,RETRIEVE_MORE,RETRIEVE_MORE,RETRIEVE_MORE,RETRIEVE_MORE,RETRIEVE_MORE,RETRIEVE_MORE,RETRIEVE_MORE,RETRIEVE_MORE
326,RETRIEVE_MORE,RETRIEVE_MORE,RETRIEVE_MORE,RETRIEVE_MORE,RETRIEVE_MORE,RETRIEVE_MORE,RETRIEVE_MORE,RETRIEVE_MORE,RETRIEVE_MORE,RETRIEVE_MORE
327,RETRIEVE_MORE,RETRIEVE_MORE,RETRIEVE_MORE,RETRIEVE_MORE,RETRIEVE_MORE,RETRIEVE_MORE,RETRIEVE_MORE,RETRIEVE_MORE,RETRIEVE_MORE,RETRIEVE_MORE
328,REPLAN,RETRIEVE_MORE,RETRIEVE_MORE,RETRIEVE_MORE,RETRIEVE_MORE,RETRIEVE_MORE,RETRIEVE_MORE,RETRIEVE_MORE,RETRIEVE_MORE,RETRIEVE_MORE
329,RETRIEVE_MORE,RETRIEVE_MORE,RETRIEVE_MORE,RETRIEVE_MORE,RETRIEVE_MORE,RETRIEVE_MORE,RETRIEVE_MORE,RETRIEVE_MORE,RETRIEVE_MORE,RETRIEVE_MORE
330,RETRIEVE_MORE,RETRIEVE_MORE,RETRIEVE_MORE,RETRIEVE_MORE,RETRIEVE_MORE,RETRIEVE_MORE,RETRIEVE_MORE,RETRIEVE_MORE,RETRIEVE_MORE,RETRIEVE_MORE
331,RETRY,RETRIEVE_MORE,RETRIEVE_MORE,RETRIEVE_MORE/RETRY,RETRIEVE_MORE,RETRIEVE_MORE,RETRIEVE_MORE,RETRIEVE_MORE,RETRIEVE_MORE,RETRIEVE_MORE
332,RETRIEVE_MORE,RETRIEVE_MORE,RETRIEVE_MORE,RETRIEVE_MORE,RETRIEVE_MORE,RETRIEVE_MORE,RETRIEVE_MORE,RETRIEVE_MORE,RETRIEVE_MORE,RETRIEVE_MORE
333,RETRIEVE_MORE,RETRIEVE_MORE,RETRIEVE_MORE,RETRIEVE_MORE,RETRIEVE_MORE,RETRIEVE_MORE,RETRIEVE_MORE,RETRIEVE_MORE,RETRIEVE_MORE,RETRIEVE_MORE
334,RETRY,RETRY,RETRY,RETRY,RETRY,RETRY,RETRY,RETRY,RETRY,RETRY
335,REPLAN,REPLAN,REPLAN,REPLAN,RETRIEVE_MORE,REPLAN,RETRIEVE_MORE,RETRIEVE_MORE,RETRIEVE_MORE,RETRIEVE_MORE
336,RETRIEVE_MORE,RETRIEVE_MORE,RETRIEVE_MORE,RETRIEVE_MORE,RETRIEVE_MORE,RETRIEVE_MORE,RETRIEVE_MORE,RETRIEVE_MORE,RETRIEVE_MORE,RETRIEVE_MORE
337,RETRIEVE_MORE,RETRIEVE_MORE,RETRIEVE_MORE,RETRIEVE_MORE,RETRIEVE_MORE,RETRIEVE_MORE,TOOL_FIX,RETRIEVE_MORE,RETRIEVE_MORE,RETRIEVE_MORE
338,RETRIEVE_MORE,RETRIEVE_MORE,RETRIEVE_MORE,RETRIEVE_MORE,RETRIEVE_MORE,RETRIEVE_MORE,RETRIEVE_MORE,RETRIEVE_MORE,RETRIEVE_MORE,RETRIEVE_MORE
339,REPLAN,REPLAN,REPLAN,REPLAN,RETRIEVE_MORE,REPLAN,RETRIEVE_MORE,RETRIEVE_MORE,RETRIEVE_MORE,RETRIEVE_MORE
340,RETRIEVE_MORE,RETRIEVE_MORE,RETRIEVE_MORE,RETRIEVE_MORE,RETRIEVE_MORE,RETRIEVE_MORE,RETRIEVE_MORE,RETRIEVE_MORE,RETRIEVE_MORE,RETRIEVE_MORE
341,RETRY,RETRY,REPLAN,RETRY,RETRY,RETRY,RETRY,RETRY,RETRY,RETRY
342,RETRIEVE_MORE,RETRIEVE_MORE,RETRIEVE_MORE,RETRIEVE_MORE,RETRIEVE_MORE,RETRIEVE_MORE,RETRIEVE_MORE,RETRIEVE_MORE,RETRIEVE_MORE,RETRIEVE_MORE
343,RETRIEVE_MORE,RETRIEVE_MORE,RETRIEVE_MORE,RETRIEVE_MORE,RETRIEVE_MORE,RETRIEVE_MORE,RETRIEVE_MORE,RETRIEVE_MORE,RETRIEVE_MORE,RETRIEVE_MORE
344,RETRIEVE_MORE,RETRIEVE_MORE,RETRIEVE_MORE,RETRIEVE_MORE,RETRIEVE_MORE,RETRIEVE_MORE,RETRIEVE_MORE,RETRIEVE_MORE,RETRIEVE_MORE,RETRIEVE_MORE
345,ESCALATE,RETRIEVE_MORE,ESCALATE,ESCALATE,ESCALATE,ESCALATE,RETRIEVE_MORE,RETRIEVE_MORE,RETRIEVE_MORE,RETRIEVE_MORE
346,REPLAN,REPLAN,REPLAN,REPLAN,RETRIEVE_MORE,REPLAN,REPLAN,RETRIEVE_MORE,RETRIEVE_MORE,RETRIEVE_MORE
347,REPLAN,REPLAN,REPLAN,REPLAN,RETRIEVE_MORE,REPLAN,RETRIEVE_MORE,RETRIEVE_MORE,RETRIEVE_MORE,RETRIEVE_MORE
348,REPLAN,REPLAN,REPLAN,RETRY,RETRIEVE_MORE,REPLAN,RETRIEVE_MORE,RETRIEVE_MORE,RETRIEVE_MORE,RETRIEVE_MORE
349,RETRIEVE_MORE,RETRIEVE_MORE,RETRIEVE_MORE,RETRIEVE_MORE,RETRIEVE_MORE,RETRIEVE_MORE,RETRIEVE_MORE,RETRIEVE_MORE,RETRIEVE_MORE,RETRIEVE_MORE
350,RETRIEVE_MORE,RETRIEVE_MORE,RETRIEVE_MORE,RETRIEVE_MORE,RETRIEVE_MORE,RETRIEVE_MORE,RETRIEVE_MORE,RETRIEVE_MORE,RETRIEVE_MORE,RETRIEVE_MORE
351,RETRIEVE_MORE,RETRIEVE_MORE,RETRIEVE_MORE,RETRIEVE_MORE,RETRIEVE_MORE,RETRIEVE_MORE,TOOL_FIX,RETRIEVE_MORE,RETRIEVE_MORE,RETRIEVE_MORE
352,RETRIEVE_MORE,RETRIEVE_MORE,RETRIEVE_MORE,RETRIEVE_MORE,RETRIEVE_MORE,RETRIEVE_MORE,RETRIEVE_MORE,RETRIEVE_MORE,RETRIEVE_MORE,RETRIEVE_MORE
353,RETRIEVE_MORE,RETRIEVE_MORE,RETRIEVE_MORE,RETRIEVE_MORE,RETRIEVE_MORE,RETRIEVE_MORE,RETRIEVE_MORE,RETRIEVE_MORE,RETRIEVE_MORE,RETRIEVE_MORE
354,REPLAN,RETRIEVE_MORE,RETRIEVE_MORE,RETRIEVE_MORE,RETRIEVE_MORE,RETRIEVE_MORE,RETRIEVE_MORE,RETRIEVE_MORE,RETRIEVE_MORE,RETRIEVE_MORE
355,REPLAN,RETRIEVE_MORE,REPLAN,REPLAN,RETRIEVE_MORE,REPLAN,TOOL_FIX,TOOL_FIX,RETRIEVE_MORE,RETRIEVE_MORE
356,RETRIEVE_MORE,RETRIEVE_MORE,RETRIEVE_MORE,RETRIEVE_MORE,RETRIEVE_MORE,RETRIEVE_MORE,RETRIEVE_MORE,RETRIEVE_MORE,RETRIEVE_MORE,RETRIEVE_MORE
357,RETRIEVE_MORE,RETRIEVE_MORE,RETRIEVE_MORE,RETRIEVE_MORE,RETRIEVE_MORE,RETRIEVE_MORE,RETRIEVE_MORE,RETRIEVE_MORE,RETRIEVE_MORE,RETRIEVE_MORE
358,RETRIEVE_MORE,RETRIEVE_MORE,RETRIEVE_MORE,RETRIEVE_MORE,RETRIEVE_MORE,RETRIEVE_MORE,RETRIEVE_MORE,RETRIEVE_MORE,RETRIEVE_MORE,RETRIEVE_MORE
359,RETRIEVE_MORE,RETRIEVE_MORE,RETRIEVE_MORE,RETRIEVE_MORE,RETRIEVE_MORE,RETRIEVE_MORE,RETRIEVE_MORE,RETRIEVE_MORE,RETRIEVE_MORE,RETRIEVE_MORE
360,RETRIEVE_MORE,RETRIEVE_MORE,RETRIEVE_MORE,RETRIEVE_MORE,RETRIEVE_MORE,RETRIEVE_MORE,RETRIEVE_MORE,RETRIEVE_MORE,RETRIEVE_MORE,RETRIEVE_MORE
361,RETRIEVE_MORE,RETRIEVE_MORE,RETRIEVE_MORE,RETRIEVE_MORE,RETRIEVE_MORE,RETRIEVE_MORE,RETRIEVE_MORE,RETRIEVE_MORE,RETRIEVE_MORE,RETRIEVE_MORE
362,RETRIEVE_MORE,RETRIEVE_MORE,RETRIEVE_MORE,RETRIEVE_MORE,RETRIEVE_MORE,RETRIEVE_MORE,RETRIEVE_MORE,RETRIEVE_MORE,RETRIEVE_MORE,RETRIEVE_MORE
363,REPLAN,REPLAN,REPLAN,REPLAN,REPLAN,REPLAN,RETRIEVE_MORE,RETRIEVE_MORE,RETRIEVE_MORE,RETRIEVE_MORE
364,REPLAN,REPLAN,REPLAN,REPLAN,REPLAN,REPLAN,RETRIEVE_MORE,RETRIEVE_MORE,RETRIEVE_MORE,RETRIEVE_MORE
365,RETRIEVE_MORE,RETRIEVE_MORE,RETRIEVE_MORE,RETRIEVE_MORE,RETRIEVE_MORE,RETRIEVE_MORE,RETRIEVE_MORE,RETRIEVE_MORE,RETRIEVE_MORE,RETRIEVE_MORE
366,REPLAN,RETRIEVE_MORE,RETRIEVE_MORE,REPLAN,REPLAN,RETRIEVE_MORE,RETRIEVE_MORE,RETRIEVE_MORE,RETRIEVE_MORE,RETRIEVE_MORE
367,RETRIEVE_MORE,RETRIEVE_MORE,RETRIEVE_MORE,RETRIEVE_MORE,RETRIEVE_MORE,RETRIEVE_MORE,RETRIEVE_MORE,RETRIEVE_MORE,RETRIEVE_MORE,RETRIEVE_MORE
368,RETRIEVE_MORE,RETRIEVE_MORE,RETRIEVE_MORE,RETRIEVE_MORE,RETRIEVE_MORE,RETRIEVE_MORE,RETRIEVE_MORE,RETRIEVE_MORE,RETRIEVE_MORE,RETRIEVE_MORE
369,RETRIEVE_MORE,RETRIEVE_MORE,RETRIEVE_MORE,RETRIEVE_MORE,RETRIEVE_MORE,RETRIEVE_MORE,RETRIEVE_MORE,RETRIEVE_MORE,RETRIEVE_MORE,RETRIEVE_MORE
370,RETRIEVE_MORE,RETRIEVE_MORE,RETRIEVE_MORE,RETRIEVE_MORE,RETRIEVE_MORE,RETRIEVE_MORE,RETRIEVE_MORE,RETRIEVE_MORE,RETRIEVE_MORE,RETRIEVE_MORE
371,RETRIEVE_MORE,RETRIEVE_MORE,RETRIEVE_MORE,RETRIEVE_MORE,RETRIEVE_MORE,RETRIEVE_MORE,RETRIEVE_MORE,RETRIEVE_MORE,RETRIEVE_MORE,RETRIEVE_MORE
372,RETRIEVE_MORE,RETRIEVE_MORE,RETRIEVE_MORE,RETRIEVE_MORE,RETRIEVE_MORE,RETRIEVE_MORE,RETRIEVE_MORE,RETRIEVE_MORE,RETRIEVE_MORE,RETRIEVE_MORE
373,REPLAN,RETRIEVE_MORE,RETRIEVE_MORE,REPLAN,RETRIEVE_MORE,REPLAN,RETRIEVE_MORE,RETRIEVE_MORE,RETRIEVE_MORE,RETRIEVE_MORE
374,RETRIEVE_MORE,RETRIEVE_MORE,RETRIEVE_MORE,RETRIEVE_MORE,RETRIEVE_MORE,RETRIEVE_MORE,RETRIEVE_MORE,RETRIEVE_MORE,RETRIEVE_MORE,RETRIEVE_MORE
375,REPLAN,REPLAN,REPLAN,REPLAN,RETRIEVE_MORE,REPLAN,TOOL_FIX,RETRIEVE_MORE,RETRIEVE_MORE,RETRIEVE_MORE
376,RETRIEVE_MORE,RETRIEVE_MORE,RETRIEVE_MORE,RETRIEVE_MORE,RETRIEVE_MORE,RETRIEVE_MORE,RETRIEVE_MORE,RETRIEVE_MORE,RETRIEVE_MORE,RETRIEVE_MORE
377,RETRIEVE_MORE,RETRIEVE_MORE,RETRIEVE_MORE,RETRIEVE_MORE,RETRIEVE_MORE,RETRIEVE_MORE,RETRIEVE_MORE,RETRIEVE_MORE,RETRIEVE_MORE,RETRIEVE_MORE
378,RETRIEVE_MORE,RETRIEVE_MORE,RETRIEVE_MORE,RETRIEVE_MORE,RETRIEVE_MORE,RETRIEVE_MORE,RETRIEVE_MORE,RETRIEVE_MORE,RETRIEVE_MORE,RETRIEVE_MORE
379,RETRIEVE_MORE,RETRIEVE_MORE,RETRIEVE_MORE,RETRIEVE_MORE,RETRIEVE_MORE,RETRIEVE_MORE,RETRIEVE_MORE,RETRIEVE_MORE,RETRIEVE_MORE,RETRIEVE_MORE
380,RETRIEVE_MORE,RETRIEVE_MORE,RETRIEVE_MORE,RETRIEVE_MORE,RETRIEVE_MORE,RETRIEVE_MORE,RETRIEVE_MORE,RETRIEVE_MORE,RETRIEVE_MORE,RETRIEVE_MORE
381,REPLAN,REPLAN,REPLAN,REPLAN,REPLAN,REPLAN,RETRIEVE_MORE,RETRIEVE_MORE,RETRIEVE_MORE,RETRIEVE_MORE
382,REPLAN,RETRY,REPLAN,RETRY,RETRIEVE_MORE,RETRY,RETRIEVE_MORE,RETRIEVE_MORE,RETRIEVE_MORE,RETRIEVE_MORE
383,RETRIEVE_MORE,RETRIEVE_MORE,RETRIEVE_MORE,RETRIEVE_MORE,RETRIEVE_MORE,RETRIEVE_MORE,RETRIEVE_MORE,TOOL_FIX,RETRIEVE_MORE,RETRIEVE_MORE
384,RETRIEVE_MORE,RETRIEVE_MORE,RETRIEVE_MORE,RETRIEVE_MORE,RETRIEVE_MORE,RETRIEVE_MORE,RETRIEVE_MORE,RETRIEVE_MORE,RETRIEVE_MORE,RETRIEVE_MORE
385,REPLAN,REPLAN,REPLAN,REPLAN,RETRIEVE_MORE,REPLAN,RETRIEVE_MORE,RETRIEVE_MORE,RETRIEVE_MORE,RETRIEVE_MORE
386,RETRIEVE_MORE,REPLAN,REPLAN,RETRIEVE_MORE,RETRIEVE_MORE,REPLAN,TOOL_FIX,TOOL_FIX,REPLAN,REPLAN
387,RETRIEVE_MORE,RETRIEVE_MORE,RETRIEVE_MORE,RETRIEVE_MORE,RETRIEVE_MORE,RETRIEVE_MORE,RETRIEVE_MORE,RETRIEVE_MORE,RETRIEVE_MORE,RETRIEVE_MORE
388,RETRIEVE_MORE,RETRIEVE_MORE,RETRIEVE_MORE,RETRIEVE_MORE,RETRIEVE_MORE,RETRIEVE_MORE,RETRIEVE_MORE,RETRIEVE_MORE,RETRIEVE_MORE,RETRIEVE_MORE
389,RETRIEVE_MORE,RETRIEVE_MORE,RETRIEVE_MORE,RETRIEVE_MORE,RETRIEVE_MORE,RETRIEVE_MORE,TOOL_FIX,TOOL_FIX,RETRIEVE_MORE,RETRIEVE_MORE
390,RETRIEVE_MORE,RETRIEVE_MORE,RETRIEVE_MORE,RETRIEVE_MORE,RETRIEVE_MORE,RETRIEVE_MORE,RETRIEVE_MORE,RETRIEVE_MORE,RETRIEVE_MORE,RETRIEVE_MORE
391,REPLAN,REPLAN,REPLAN,REPLAN,REPLAN,REPLAN,RETRIEVE_MORE,RETRIEVE_MORE,RETRIEVE_MORE,RETRIEVE_MORE
392,RETRIEVE_MORE,RETRIEVE_MORE,RETRIEVE_MORE,RETRIEVE_MORE,RETRIEVE_MORE,RETRIEVE_MORE,RETRIEVE_MORE,RETRIEVE_MORE,RETRIEVE_MORE,RETRIEVE_MORE
393,RETRIEVE_MORE,RETRIEVE_MORE,RETRIEVE_MORE,RETRIEVE_MORE,RETRIEVE_MORE,RETRIEVE_MORE,RETRIEVE_MORE,RETRIEVE_MORE,RETRIEVE_MORE,RETRIEVE_MORE
394,REPLAN,REPLAN,REPLAN,RETRY,RETRIEVE_MORE,REPLAN,RETRIEVE_MORE,RETRIEVE_MORE,RETRY,RETRIEVE_MORE
395,REPLAN,REPLAN,REPLAN,REPLAN,RETRIEVE_MORE,REPLAN,RETRIEVE_MORE,RETRIEVE_MORE,RETRIEVE_MORE,RETRIEVE_MORE
396,RETRIEVE_MORE,RETRIEVE_MORE,RETRIEVE_MORE,RETRIEVE_MORE,RETRIEVE_MORE,RETRIEVE_MORE,RETRIEVE_MORE,RETRIEVE_MORE,REPLAN,REPLAN
397,RETRIEVE_MORE,RETRIEVE_MORE,RETRIEVE_MORE,RETRIEVE_MORE,RETRIEVE_MORE,RETRIEVE_MORE,RETRIEVE_MORE,RETRIEVE_MORE,RETRIEVE_MORE,RETRIEVE_MORE
398,RETRIEVE_MORE,RETRIEVE_MORE,RETRIEVE_MORE,RETRIEVE_MORE,RETRIEVE_MORE,RETRIEVE_MORE,RETRIEVE_MORE,RETRIEVE_MORE,RETRIEVE_MORE,RETRIEVE_MORE
399,RETRIEVE_MORE,RETRIEVE_MORE,RETRIEVE_MORE,RETRIEVE_MORE,RETRIEVE_MORE,RETRIEVE_MORE,RETRIEVE_MORE,RETRIEVE_MORE,RETRIEVE_MORE,RETRIEVE_MORE
400,RETRIEVE_MORE,RETRIEVE_MORE,RETRIEVE_MORE,RETRIEVE_MORE,RETRIEVE_MORE,RETRIEVE_MORE,RETRIEVE_MORE,RETRIEVE_MORE,RETRIEVE_MORE,RETRIEVE_MORE
401,RETRIEVE_MORE,RETRIEVE_MORE,RETRIEVE_MORE,RETRIEVE_MORE,RETRIEVE_MORE,RETRIEVE_MORE,RETRIEVE_MORE,RETRIEVE_MORE,RETRIEVE_MORE,RETRIEVE_MORE
402,REPLAN,REPLAN,REPLAN,REPLAN,REPLAN,REPLAN,RETRIEVE_MORE,RETRIEVE_MORE,RETRIEVE_MORE,RETRIEVE_MORE
403,RETRIEVE_MORE,RETRIEVE_MORE,RETRIEVE_MORE,RETRIEVE_MORE,RETRIEVE_MORE,RETRIEVE_MORE,RETRIEVE_MORE,RETRIEVE_MORE,RETRIEVE_MORE,RETRIEVE_MORE
404,RETRIEVE_MORE,RETRIEVE_MORE,REPLAN,RETRIEVE_MORE,RETRIEVE_MORE,RETRIEVE_MORE,REPLAN,RETRIEVE_MORE,RETRIEVE_MORE,RETRIEVE_MORE
405,REPLAN,REPLAN,REPLAN,REPLAN,RETRIEVE_MORE,REPLAN,RETRIEVE_MORE,RETRIEVE_MORE,RETRIEVE_MORE,RETRIEVE_MORE
406,RETRIEVE_MORE,RETRIEVE_MORE,RETRIEVE_MORE,RETRIEVE_MORE,RETRIEVE_MORE,RETRIEVE_MORE,RETRIEVE_MORE,RETRIEVE_MORE,RETRIEVE_MORE,RETRIEVE_MORE
407,RETRIEVE_MORE,RETRIEVE_MORE,REPLAN,RETRIEVE_MORE,RETRIEVE_MORE,RETRIEVE_MORE,REPLAN,RETRIEVE_MORE,RETRIEVE_MORE,RETRIEVE_MORE
408,REPLAN,REPLAN,REPLAN,REPLAN,RETRIEVE_MORE,REPLAN,RETRIEVE_MORE,RETRIEVE_MORE,RETRIEVE_MORE,RETRIEVE_MORE
409,RETRIEVE_MORE,RETRIEVE_MORE,RETRIEVE_MORE,RETRIEVE_MORE,RETRIEVE_MORE,RETRIEVE_MORE,RETRIEVE_MORE,RETRIEVE_MORE,RETRIEVE_MORE,RETRIEVE_MORE
410,RETRIEVE_MORE,RETRIEVE_MORE,RETRIEVE_MORE,RETRIEVE_MORE,RETRIEVE_MORE,RETRIEVE_MORE,RETRIEVE_MORE,RETRIEVE_MORE,RETRIEVE_MORE,RETRIEVE_MORE
411,REPLAN,REPLAN,REPLAN,REPLAN,RETRIEVE_MORE,REPLAN,RETRIEVE_MORE,RETRIEVE_MORE,RETRIEVE_MORE,RETRIEVE_MORE
412,RETRIEVE_MORE,RETRIEVE_MORE,RETRIEVE_MORE,RETRIEVE_MORE,RETRIEVE_MORE,RETRIEVE_MORE,RETRIEVE_MORE,RETRIEVE_MORE,RETRIEVE_MORE,RETRIEVE_MORE
413,REPLAN,REPLAN,REPLAN,REPLAN,RETRIEVE_MORE,REPLAN,RETRIEVE_MORE,RETRIEVE_MORE,RETRIEVE_MORE,RETRIEVE_MORE
414,RETRIEVE_MORE,RETRIEVE_MORE,RETRIEVE_MORE,RETRIEVE_MORE,RETRIEVE_MORE,RETRIEVE_MORE,RETRIEVE_MORE,RETRIEVE_MORE,RETRIEVE_MORE,RETRIEVE_MORE
415,RETRIEVE_MORE,RETRIEVE_MORE,RETRIEVE_MORE,RETRIEVE_MORE,RETRIEVE_MORE,RETRIEVE_MORE,RETRIEVE_MORE,RETRIEVE_MORE,RETRIEVE_MORE,RETRIEVE_MORE
416,RETRIEVE_MORE,RETRIEVE_MORE,RETRIEVE_MORE,RETRIEVE_MORE,RETRIEVE_MORE,RETRIEVE_MORE,RETRIEVE_MORE,RETRIEVE_MORE,REPLAN,REPLAN
417,REPLAN,REPLAN,REPLAN,REPLAN,REPLAN,REPLAN,RETRIEVE_MORE,RETRIEVE_MORE,RETRIEVE_MORE,RETRIEVE_MORE
418,REPLAN,REPLAN,REPLAN,REPLAN,RETRIEVE_MORE,REPLAN,RETRIEVE_MORE,RETRIEVE_MORE,RETRIEVE_MORE,RETRIEVE_MORE
419,RETRIEVE_MORE,RETRIEVE_MORE,RETRIEVE_MORE,RETRIEVE_MORE,RETRIEVE_MORE,RETRIEVE_MORE,RETRIEVE_MORE,RETRIEVE_MORE,RETRIEVE_MORE,RETRIEVE_MORE
420,RETRIEVE_MORE,RETRIEVE_MORE,RETRIEVE_MORE,RETRIEVE_MORE,RETRIEVE_MORE,RETRIEVE_MORE,RETRIEVE_MORE,RETRIEVE_MORE,RETRY,RETRIEVE_MORE
421,RETRIEVE_MORE,RETRIEVE_MORE,RETRIEVE_MORE,RETRIEVE_MORE,RETRIEVE_MORE,RETRIEVE_MORE,RETRIEVE_MORE,RETRIEVE_MORE,RETRIEVE_MORE,RETRIEVE_MORE
422,REPLAN,REPLAN,RETRIEVE_MORE,RETRIEVE_MORE,REPLAN,RETRIEVE_MORE,RETRIEVE_MORE,RETRIEVE_MORE,RETRIEVE_MORE,RETRIEVE_MORE
423,RETRIEVE_MORE,RETRIEVE_MORE,RETRIEVE_MORE,RETRIEVE_MORE,RETRIEVE_MORE,RETRIEVE_MORE,RETRIEVE_MORE,RETRIEVE_MORE,RETRIEVE_MORE,RETRIEVE_MORE
424,RETRIEVE_MORE,RETRIEVE_MORE,RETRIEVE_MORE,RETRIEVE_MORE,RETRIEVE_MORE,RETRIEVE_MORE,RETRIEVE_MORE,RETRIEVE_MORE,RETRIEVE_MORE,RETRIEVE_MORE
425,RETRIEVE_MORE,RETRIEVE_MORE,RETRIEVE_MORE,RETRIEVE_MORE,RETRIEVE_MORE,RETRIEVE_MORE,TOOL_FIX,RETRIEVE_MORE,RETRY,RETRY
426,RETRIEVE_MORE,RETRIEVE_MORE,RETRIEVE_MORE,RETRIEVE_MORE,RETRIEVE_MORE,RETRIEVE_MORE,RETRIEVE_MORE,RETRY,RETRIEVE_MORE,RETRIEVE_MORE
427,REPLAN,REPLAN,RETRIEVE_MORE,REPLAN,RETRIEVE_MORE,REPLAN,RETRIEVE_MORE,RETRIEVE_MORE,RETRIEVE_MORE,RETRIEVE_MORE
428,RETRIEVE_MORE,RETRIEVE_MORE,RETRIEVE_MORE,RETRIEVE_MORE,RETRIEVE_MORE,RETRIEVE_MORE,RETRIEVE_MORE,RETRIEVE_MORE,RETRIEVE_MORE,RETRIEVE_MORE
429,REPLAN,REPLAN,RETRIEVE_MORE,REPLAN,RETRIEVE_MORE,REPLAN,RETRIEVE_MORE,RETRIEVE_MORE,RETRIEVE_MORE,RETRIEVE_MORE
430,RETRIEVE_MORE,RETRIEVE_MORE,RETRIEVE_MORE,RETRIEVE_MORE,RETRIEVE_MORE,RETRIEVE_MORE,RETRIEVE_MORE,RETRIEVE_MORE,RETRIEVE_MORE,RETRIEVE_MORE
431,RETRIEVE_MORE,RETRIEVE_MORE,RETRIEVE_MORE,RETRIEVE_MORE,RETRIEVE_MORE,RETRIEVE_MORE,RETRIEVE_MORE,RETRIEVE_MORE,RETRIEVE_MORE,RETRIEVE_MORE
432,RETRIEVE_MORE,RETRIEVE_MORE,RETRIEVE_MORE,RETRIEVE_MORE,RETRIEVE_MORE,RETRIEVE_MORE,RETRIEVE_MORE,RETRIEVE_MORE,RETRIEVE_MORE,RETRIEVE_MORE
433,RETRIEVE_MORE,RETRIEVE_MORE,RETRIEVE_MORE,RETRIEVE_MORE,RETRIEVE_MORE,RETRIEVE_MORE,RETRIEVE_MORE,RETRIEVE_MORE,RETRIEVE_MORE,RETRIEVE_MORE
434,RETRIEVE_MORE,RETRIEVE_MORE,RETRIEVE_MORE,RETRIEVE_MORE,RETRIEVE_MORE,RETRIEVE_MORE,RETRIEVE_MORE,RETRIEVE_MORE,RETRIEVE_MORE,RETRIEVE_MORE
435,RETRIEVE_MORE,RETRIEVE_MORE,RETRIEVE_MORE,RETRIEVE_MORE,RETRIEVE_MORE,RETRIEVE_MORE,TOOL_FIX,RETRIEVE_MORE,RETRIEVE_MORE,RETRIEVE_MORE
436,RETRIEVE_MORE,RETRIEVE_MORE,RETRIEVE_MORE,RETRIEVE_MORE,RETRIEVE_MORE,RETRIEVE_MORE,RETRIEVE_MORE,RETRIEVE_MORE,RETRIEVE_MORE,RETRIEVE_MORE
437,RETRIEVE_MORE,RETRIEVE_MORE,RETRIEVE_MORE,RETRIEVE_MORE,RETRIEVE_MORE,RETRIEVE_MORE,REPLAN,RETRIEVE_MORE,RETRIEVE_MORE,RETRIEVE_MORE
438,RETRY,REPLAN,REPLAN,RETRY,TOOL_FIX,REPLAN,RETRY,TOOL_FIX,RETRIEVE_MORE,RETRIEVE_MORE
439,RETRIEVE_MORE,RETRIEVE_MORE,RETRIEVE_MORE,RETRIEVE_MORE,RETRIEVE_MORE,RETRIEVE_MORE,RETRIEVE_MORE,RETRIEVE_MORE,RETRIEVE_MORE,RETRIEVE_MORE
440,REPLAN,REPLAN,REPLAN,REPLAN,RETRIEVE_MORE,REPLAN,RETRIEVE_MORE,RETRIEVE_MORE,RETRIEVE_MORE,RETRIEVE_MORE
441,RETRIEVE_MORE,RETRIEVE_MORE,RETRIEVE_MORE,RETRIEVE_MORE,RETRIEVE_MORE,RETRIEVE_MORE,REPLAN,RETRIEVE_MORE,RETRIEVE_MORE,RETRIEVE_MORE
442,RETRIEVE_MORE,RETRIEVE_MORE,RETRIEVE_MORE,RETRIEVE_MORE,RETRIEVE_MORE,RETRIEVE_MORE,RETRIEVE_MORE,RETRIEVE_MORE,RETRIEVE_MORE,RETRIEVE_MORE
443,REPLAN,REPLAN,REPLAN,REPLAN,RETRIEVE_MORE,REPLAN,RETRIEVE_MORE,RETRIEVE_MORE,RETRIEVE_MORE,RETRIEVE_MORE
444,RETRIEVE_MORE,RETRIEVE_MORE,RETRIEVE_MORE,RETRIEVE_MORE,RETRIEVE_MORE,RETRIEVE_MORE,RETRIEVE_MORE,RETRIEVE_MORE,RETRIEVE_MORE,RETRIEVE_MORE
445,REPLAN,REPLAN,REPLAN,REPLAN,REPLAN,REPLAN,RETRIEVE_MORE,RETRIEVE_MORE,RETRIEVE_MORE,RETRIEVE_MORE
446,REPLAN,REPLAN,REPLAN,REPLAN,RETRIEVE_MORE,REPLAN,RETRIEVE_MORE,RETRIEVE_MORE,RETRIEVE_MORE,RETRIEVE_MORE
447,REPLAN,REPLAN,REPLAN,REPLAN,RETRIEVE_MORE,REPLAN,RETRIEVE_MORE,RETRIEVE_MORE,RETRIEVE_MORE,RETRIEVE_MORE
448,RETRIEVE_MORE,RETRIEVE_MORE,RETRIEVE_MORE,RETRIEVE_MORE,RETRIEVE_MORE,RETRIEVE_MORE,RETRIEVE_MORE,RETRIEVE_MORE,RETRIEVE_MORE,RETRIEVE_MORE
449,RETRY,RETRIEVE_MORE,RETRIEVE_MORE,RETRIEVE_MORE,RETRIEVE_MORE,REPLAN,RETRIEVE_MORE,RETRIEVE_MORE,RETRIEVE_MORE,RETRIEVE_MORE
450,RETRIEVE_MORE,RETRIEVE_MORE,RETRIEVE_MORE,RETRIEVE_MORE,RETRIEVE_MORE,RETRIEVE_MORE,RETRIEVE_MORE,RETRIEVE_MORE,RETRIEVE_MORE,RETRIEVE_MORE
451,RETRIEVE_MORE,RETRIEVE_MORE,RETRIEVE_MORE,RETRIEVE_MORE,RETRIEVE_MORE,RETRIEVE_MORE,RETRIEVE_MORE,RETRIEVE_MORE,RETRIEVE_MORE,RETRIEVE_MORE
452,RETRIEVE_MORE,RETRIEVE_MORE,RETRIEVE_MORE,RETRIEVE_MORE,RETRIEVE_MORE,RETRIEVE_MORE,RETRIEVE_MORE,RETRIEVE_MORE,RETRIEVE_MORE,RETRY
453,RETRIEVE_MORE,RETRIEVE_MORE,RETRIEVE_MORE,RETRIEVE_MORE,RETRIEVE_MORE,RETRIEVE_MORE,RETRIEVE_MORE,RETRIEVE_MORE,RETRIEVE_MORE,RETRIEVE_MORE
454,RETRIEVE_MORE,RETRIEVE_MORE,RETRIEVE_MORE,TOOL_FIX/RETRIEVE_MORE,TOOL_FIX,RETRIEVE_MORE,RETRIEVE_MORE,TOOL_FIX,RETRIEVE_MORE,RETRIEVE_MORE
455,RETRIEVE_MORE,RETRIEVE_MORE,RETRIEVE_MORE,RETRIEVE_MORE,RETRIEVE_MORE,RETRIEVE_MORE,RETRIEVE_MORE,RETRIEVE_MORE,RETRIEVE_MORE,RETRIEVE_MORE
456,RETRY,REPLAN,REPLAN,RETRY,RETRY,RETRY,RETRIEVE_MORE,RETRIEVE_MORE,RETRIEVE_MORE,RETRIEVE_MORE
457,RETRIEVE_MORE,RETRIEVE_MORE,RETRIEVE_MORE,RETRIEVE_MORE,RETRIEVE_MORE,RETRIEVE_MORE,RETRIEVE_MORE,RETRIEVE_MORE,RETRIEVE_MORE,RETRIEVE_MORE
458,REPLAN,REPLAN,REPLAN,REPLAN,RETRIEVE_MORE,REPLAN,RETRIEVE_MORE,RETRIEVE_MORE,RETRIEVE_MORE,RETRIEVE_MORE
459,RETRIEVE_MORE,RETRIEVE_MORE,RETRIEVE_MORE,RETRIEVE_MORE,RETRIEVE_MORE,RETRIEVE_MORE,RETRIEVE_MORE,RETRIEVE_MORE,RETRIEVE_MORE,RETRIEVE_MORE
460,REPLAN,REPLAN,REPLAN,REPLAN,REPLAN,REPLAN,REPLAN,RETRIEVE_MORE,RETRIEVE_MORE,RETRIEVE_MORE
461,RETRIEVE_MORE,RETRIEVE_MORE,RETRIEVE_MORE,RETRIEVE_MORE,RETRIEVE_MORE,RETRIEVE_MORE,RETRIEVE_MORE,RETRIEVE_MORE,RETRIEVE_MORE,RETRIEVE_MORE
462,TOOL_FIX,RETRIEVE_MORE,RETRIEVE_MORE,TOOL_FIX,TOOL_FIX,TOOL_FIX,TOOL_FIX,RETRIEVE_MORE,RETRIEVE_MORE,RETRIEVE_MORE
463,RETRIEVE_MORE,RETRIEVE_MORE,RETRIEVE_MORE,RETRIEVE_MORE,RETRIEVE_MORE,RETRIEVE_MORE,RETRIEVE_MORE,REPLAN,REPLAN,RETRIEVE_MORE
464,RETRIEVE_MORE,RETRIEVE_MORE,RETRIEVE_MORE,RETRIEVE_MORE,RETRIEVE_MORE,RETRIEVE_MORE,TOOL_FIX,TOOL_FIX,RETRIEVE_MORE,RETRY
465,RETRIEVE_MORE,RETRIEVE_MORE,RETRIEVE_MORE,RETRIEVE_MORE,RETRIEVE_MORE,RETRIEVE_MORE,TOOL_FIX,TOOL_FIX,RETRIEVE_MORE,TOOL_FIX
466,RETRIEVE_MORE,RETRIEVE_MORE,RETRIEVE_MORE,RETRIEVE_MORE,TOOL_FIX,TOOL_FIX,TOOL_FIX,TOOL_FIX,RETRY,RETRIEVE_MORE
467,RETRIEVE_MORE,RETRIEVE_MORE,RETRIEVE_MORE,RETRIEVE_MORE,TOOL_FIX,RETRIEVE_MORE,TOOL_FIX,TOOL_FIX,RETRIEVE_MORE,RETRIEVE_MORE
468,RETRIEVE_MORE,RETRIEVE_MORE,RETRIEVE_MORE,RETRIEVE_MORE,TOOL_FIX,RETRIEVE_MORE,RETRIEVE_MORE,TOOL_FIX,RETRIEVE_MORE,RETRY
469,TOOL_FIX,TOOL_FIX,TOOL_FIX,TOOL_FIX,TOOL_FIX,TOOL_FIX,RETRIEVE_MORE,TOOL_FIX,RETRIEVE_MORE,RETRIEVE_MORE
470,RETRIEVE_MORE,TOOL_FIX,TOOL_FIX,RETRIEVE_MORE,RETRIEVE_MORE,RETRIEVE_MORE,RETRIEVE_MORE,RETRIEVE_MORE,RETRIEVE_MORE,RETRIEVE_MORE
471,TOOL_FIX,TOOL_FIX,TOOL_FIX,TOOL_FIX,TOOL_FIX,TOOL_FIX,TOOL_FIX,TOOL_FIX,RETRIEVE_MORE,RETRIEVE_MORE
472,TOOL_FIX,TOOL_FIX,TOOL_FIX,TOOL_FIX,TOOL_FIX,TOOL_FIX,TOOL_FIX,RETRIEVE_MORE,RETRY,RETRY
473,TOOL_FIX,TOOL_FIX,TOOL_FIX,TOOL_FIX,TOOL_FIX,TOOL_FIX,RETRIEVE_MORE,RETRIEVE_MORE,RETRIEVE_MORE,RETRIEVE_MORE
474,TOOL_FIX,TOOL_FIX,TOOL_FIX,TOOL_FIX,TOOL_FIX,TOOL_FIX,RETRIEVE_MORE,RETRIEVE_MORE,RETRIEVE_MORE,RETRIEVE_MORE
475,TOOL_FIX,TOOL_FIX,TOOL_FIX,TOOL_FIX,TOOL_FIX,TOOL_FIX,TOOL_FIX,TOOL_FIX,RETRIEVE_MORE,RETRIEVE_MORE
476,TOOL_FIX,TOOL_FIX,TOOL_FIX,TOOL_FIX,TOOL_FIX,TOOL_FIX,TOOL_FIX,TOOL_FIX,RETRIEVE_MORE,RETRIEVE_MORE
477,TOOL_FIX,TOOL_FIX,TOOL_FIX,TOOL_FIX,TOOL_FIX,TOOL_FIX,TOOL_FIX,TOOL_FIX,RETRY,RETRIEVE_MORE
478,REPLAN,TOOL_FIX,TOOL_FIX,REPLAN,TOOL_FIX,REPLAN,RETRIEVE_MORE,TOOL_FIX,RETRIEVE_MORE,RETRIEVE_MORE
479,REPLAN,TOOL_FIX,TOOL_FIX,REPLAN,RETRIEVE_MORE,REPLAN,RETRIEVE_MORE,RETRIEVE_MORE,RETRIEVE_MORE,RETRIEVE_MORE
480,TOOL_FIX,TOOL_FIX,TOOL_FIX,TOOL_FIX,TOOL_FIX,TOOL_FIX,TOOL_FIX,TOOL_FIX,RETRIEVE_MORE,RETRIEVE_MORE
481,TOOL_FIX,TOOL_FIX,TOOL_FIX,TOOL_FIX,TOOL_FIX,TOOL_FIX,TOOL_FIX,TOOL_FIX,RETRIEVE_MORE,RETRY
482,TOOL_FIX,TOOL_FIX,TOOL_FIX,TOOL_FIX,TOOL_FIX,TOOL_FIX,TOOL_FIX,TOOL_FIX,TOOL_FIX,TOOL_FIX
483,TOOL_FIX,TOOL_FIX,TOOL_FIX,RETRIEVE_MORE,TOOL_FIX,RETRIEVE_MORE,RETRIEVE_MORE,TOOL_FIX,RETRIEVE_MORE,RETRIEVE_MORE
484,TOOL_FIX,TOOL_FIX,TOOL_FIX,TOOL_FIX,TOOL_FIX,TOOL_FIX,TOOL_FIX,TOOL_FIX,TOOL_FIX,RETRIEVE_MORE
485,TOOL_FIX,TOOL_FIX,TOOL_FIX,TOOL_FIX,TOOL_FIX,TOOL_FIX,TOOL_FIX,TOOL_FIX,RETRIEVE_MORE,RETRIEVE_MORE
486,TOOL_FIX,TOOL_FIX,TOOL_FIX,TOOL_FIX,TOOL_FIX,TOOL_FIX,RETRIEVE_MORE,RETRIEVE_MORE,RETRIEVE_MORE,RETRIEVE_MORE
487,TOOL_FIX,TOOL_FIX,TOOL_FIX,TOOL_FIX,TOOL_FIX,TOOL_FIX,TOOL_FIX,TOOL_FIX,RETRY,RETRY
488,TOOL_FIX,TOOL_FIX,TOOL_FIX,TOOL_FIX,TOOL_FIX,TOOL_FIX,TOOL_FIX,TOOL_FIX,RETRIEVE_MORE,RETRIEVE_MORE
489,TOOL_FIX,TOOL_FIX,TOOL_FIX,TOOL_FIX,TOOL_FIX,TOOL_FIX,TOOL_FIX,RETRIEVE_MORE,RETRY,RETRY
490,TOOL_FIX,TOOL_FIX,TOOL_FIX,TOOL_FIX,TOOL_FIX,TOOL_FIX,TOOL_FIX,TOOL_FIX,RETRIEVE_MORE,RETRIEVE_MORE
491,TOOL_FIX,TOOL_FIX,TOOL_FIX,TOOL_FIX,TOOL_FIX,TOOL_FIX,RETRIEVE_MORE,TOOL_FIX,RETRIEVE_MORE,RETRIEVE_MORE
492,TOOL_FIX,TOOL_FIX,TOOL_FIX,TOOL_FIX,TOOL_FIX,TOOL_FIX,TOOL_FIX,TOOL_FIX,TOOL_FIX,TOOL_FIX
493,TOOL_FIX,TOOL_FIX,TOOL_FIX,TOOL_FIX,TOOL_FIX,TOOL_FIX,TOOL_FIX,TOOL_FIX,RETRY,RETRIEVE_MORE
494,TOOL_FIX,TOOL_FIX,TOOL_FIX,RETRIEVE_MORE/TOOL_FIX,TOOL_FIX,TOOL_FIX,TOOL_FIX,TOOL_FIX,RETRIEVE_MORE,RETRIEVE_MORE
495,REPLAN,TOOL_FIX,TOOL_FIX,REPLAN,RETRIEVE_MORE,REPLAN,RETRIEVE_MORE,RETRIEVE_MORE,RETRIEVE_MORE,RETRIEVE_MORE
496,TOOL_FIX,TOOL_FIX,TOOL_FIX,TOOL_FIX,TOOL_FIX,TOOL_FIX,TOOL_FIX,TOOL_FIX,RETRIEVE_MORE,RETRIEVE_MORE
497,TOOL_FIX,TOOL_FIX,TOOL_FIX,TOOL_FIX,TOOL_FIX,TOOL_FIX,RETRIEVE_MORE,TOOL_FIX,RETRIEVE_MORE,RETRIEVE_MORE
498,REPLAN,REPLAN,REPLAN,REPLAN,TOOL_FIX,REPLAN,TOOL_FIX,TOOL_FIX,RETRY,TOOL_FIX
499,RETRIEVE_MORE,RETRIEVE_MORE,TOOL_FIX,RETRIEVE_MORE,TOOL_FIX,RETRIEVE_MORE,TOOL_FIX,TOOL_FIX,RETRIEVE_MORE,RETRIEVE_MORE
500,REPLAN,REPLAN,REPLAN,REPLAN,TOOL_FIX,REPLAN,RETRIEVE_MORE,TOOL_FIX,RETRIEVE_MORE,RETRIEVE_MORE
501,RETRIEVE_MORE,RETRIEVE_MORE,RETRIEVE_MORE,RETRIEVE_MORE,TOOL_FIX,RETRIEVE_MORE,RETRIEVE_MORE,TOOL_FIX,RETRIEVE_MORE,RETRY
502,RETRIEVE_MORE,RETRIEVE_MORE,RETRIEVE_MORE,RETRIEVE_MORE,TOOL_FIX,RETRIEVE_MORE,RETRIEVE_MORE,TOOL_FIX,TOOL_FIX,RETRIEVE_MORE
503,REPLAN,REPLAN,REPLAN,REPLAN,TOOL_FIX,REPLAN,TOOL_FIX,TOOL_FIX,TOOL_FIX,TOOL_FIX
504,REPLAN,REPLAN,REPLAN,REPLAN,TOOL_FIX,REPLAN,RETRIEVE_MORE,TOOL_FIX,RETRIEVE_MORE,RETRIEVE_MORE
505,RETRIEVE_MORE,RETRIEVE_MORE,RETRIEVE_MORE,RETRIEVE_MORE,TOOL_FIX,RETRIEVE_MORE,TOOL_FIX,RETRIEVE_MORE,RETRIEVE_MORE,RETRIEVE_MORE
506,REPLAN,REPLAN,REPLAN,TOOL_FIX,TOOL_FIX,TOOL_FIX,TOOL_FIX,RETRIEVE_MORE,RETRIEVE_MORE,RETRIEVE_MORE
507,REPLAN,REPLAN,REPLAN,REPLAN,TOOL_FIX,REPLAN,TOOL_FIX,TOOL_FIX,TOOL_FIX,TOOL_FIX
508,RETRIEVE_MORE,RETRIEVE_MORE,RETRIEVE_MORE,RETRIEVE_MORE,TOOL_FIX,RETRIEVE_MORE,TOOL_FIX,TOOL_FIX,RETRIEVE_MORE,RETRIEVE_MORE
509,REPLAN,REPLAN,REPLAN,REPLAN,TOOL_FIX,REPLAN,TOOL_FIX,RETRIEVE_MORE,RETRIEVE_MORE,RETRIEVE_MORE
510,RETRIEVE_MORE,RETRIEVE_MORE,RETRIEVE_MORE,RETRIEVE_MORE,RETRIEVE_MORE,RETRIEVE_MORE,RETRIEVE_MORE,RETRIEVE_MORE,RETRIEVE_MORE,RETRIEVE_MORE
511,RETRIEVE_MORE,RETRIEVE_MORE,RETRIEVE_MORE,RETRIEVE_MORE,TOOL_FIX,RETRIEVE_MORE,TOOL_FIX,TOOL_FIX,RETRIEVE_MORE,RETRIEVE_MORE
512,RETRIEVE_MORE,RETRIEVE_MORE,RETRIEVE_MORE,RETRIEVE_MORE,TOOL_FIX,RETRIEVE_MORE,TOOL_FIX,TOOL_FIX,RETRIEVE_MORE,RETRIEVE_MORE
513,RETRIEVE_MORE,RETRIEVE_MORE,RETRIEVE_MORE,RETRIEVE_MORE,TOOL_FIX,RETRIEVE_MORE,TOOL_FIX,TOOL_FIX,RETRIEVE_MORE,TOOL_FIX
514,RETRIEVE_MORE,RETRIEVE_MORE,RETRIEVE_MORE,RETRIEVE_MORE,TOOL_FIX,RETRIEVE_MORE,TOOL_FIX,TOOL_FIX,RETRIEVE_MORE,RETRIEVE_MORE
515,RETRIEVE_MORE,RETRIEVE_MORE,RETRIEVE_MORE,RETRIEVE_MORE,TOOL_FIX,RETRIEVE_MORE,TOOL_FIX,TOOL_FIX,TOOL_FIX,TOOL_FIX
516,RETRIEVE_MORE,RETRIEVE_MORE,RETRIEVE_MORE,RETRIEVE_MORE,RETRIEVE_MORE,RETRIEVE_MORE,TOOL_FIX,RETRIEVE_MORE,RETRIEVE_MORE,RETRIEVE_MORE
517,RETRIEVE_MORE,RETRIEVE_MORE,RETRIEVE_MORE,RETRIEVE_MORE,TOOL_FIX,RETRIEVE_MORE,RETRIEVE_MORE,RETRIEVE_MORE,RETRIEVE_MORE,RETRIEVE_MORE
518,RETRIEVE_MORE,RETRIEVE_MORE,RETRIEVE_MORE,RETRIEVE_MORE,TOOL_FIX,RETRIEVE_MORE,TOOL_FIX,RETRIEVE_MORE,RETRIEVE_MORE,RETRIEVE_MORE
519,RETRY,RETRY,REPLAN,REPLAN,RETRY,REPLAN,RETRY,RETRY,RETRIEVE_MORE,RETRIEVE_MORE
520,REPLAN,REPLAN,REPLAN,REPLAN,REPLAN,REPLAN,REPLAN,RETRIEVE_MORE,REPLAN,REPLAN
521,RETRIEVE_MORE,RETRIEVE_MORE,RETRIEVE_MORE,RETRIEVE_MORE,RETRIEVE_MORE,RETRIEVE_MORE,RETRIEVE_MORE,RETRY,RETRIEVE_MORE,RETRIEVE_MORE
522,REPLAN,REPLAN,REPLAN,REPLAN,RETRIEVE_MORE,REPLAN,RETRIEVE_MORE,RETRIEVE_MORE,RETRIEVE_MORE,RETRIEVE_MORE
523,RETRIEVE_MORE,RETRIEVE_MORE,RETRIEVE_MORE,RETRIEVE_MORE,RETRIEVE_MORE,RETRIEVE_MORE,RETRIEVE_MORE,RETRIEVE_MORE,RETRIEVE_MORE,RETRIEVE_MORE
524,REPLAN,REPLAN,REPLAN,REPLAN,RETRIEVE_MORE,REPLAN,RETRIEVE_MORE,RETRIEVE_MORE,RETRIEVE_MORE,RETRIEVE_MORE
525,REPLAN,REPLAN,REPLAN,REPLAN,RETRIEVE_MORE,REPLAN,REPLAN,REPLAN,REPLAN,REPLAN
526,RETRIEVE_MORE,RETRIEVE_MORE,RETRIEVE_MORE,RETRIEVE_MORE,RETRIEVE_MORE,RETRIEVE_MORE,TOOL_FIX,RETRIEVE_MORE,RETRIEVE_MORE,RETRIEVE_MORE
527,REPLAN,REPLAN,REPLAN,REPLAN,REPLAN,REPLAN,RETRIEVE_MORE,RETRIEVE_MORE,RETRIEVE_MORE,RETRIEVE_MORE
528,RETRIEVE_MORE,RETRIEVE_MORE,RETRIEVE_MORE,RETRIEVE_MORE,RETRIEVE_MORE,RETRIEVE_MORE,RETRIEVE_MORE,RETRIEVE_MORE,RETRIEVE_MORE,RETRIEVE_MORE
529,REPLAN,REPLAN,REPLAN,REPLAN,RETRY,REPLAN,REPLAN,RETRIEVE_MORE,RETRY,RETRIEVE_MORE
530,RETRIEVE_MORE,RETRIEVE_MORE,RETRIEVE_MORE,RETRIEVE_MORE,RETRIEVE_MORE,RETRIEVE_MORE,RETRIEVE_MORE,RETRIEVE_MORE,RETRIEVE_MORE,RETRIEVE_MORE
531,REPLAN,REPLAN,REPLAN,REPLAN,REPLAN,REPLAN,RETRIEVE_MORE,RETRIEVE_MORE,RETRIEVE_MORE,RETRIEVE_MORE
532,RETRIEVE_MORE,RETRIEVE_MORE,RETRIEVE_MORE,RETRIEVE_MORE,RETRIEVE_MORE,RETRIEVE_MORE,RETRIEVE_MORE,RETRIEVE_MORE,RETRIEVE_MORE,RETRIEVE_MORE
533,RETRIEVE_MORE,RETRIEVE_MORE,RETRIEVE_MORE,RETRIEVE_MORE,RETRIEVE_MORE,TOOL_FIX,TOOL_FIX,RETRIEVE_MORE,RETRIEVE_MORE,RETRIEVE_MORE
534,TOOL_FIX,RETRIEVE_MORE,RETRIEVE_MORE,RETRIEVE_MORE,RETRIEVE_MORE,RETRIEVE_MORE,RETRIEVE_MORE,RETRIEVE_MORE,RETRIEVE_MORE,RETRIEVE_MORE
535,REPLAN,REPLAN,REPLAN,REPLAN,RETRIEVE_MORE,REPLAN,RETRIEVE_MORE,REPLAN,RETRIEVE_MORE,RETRIEVE_MORE
536,TOOL_FIX,TOOL_FIX,TOOL_FIX,TOOL_FIX,TOOL_FIX,TOOL_FIX,RETRIEVE_MORE,RETRIEVE_MORE,RETRIEVE_MORE,RETRIEVE_MORE
537,RETRY,RETRY,RETRY,RETRY,RETRY,RETRY,RETRIEVE_MORE,RETRIEVE_MORE,RETRIEVE_MORE,RETRIEVE_MORE
538,REPLAN,REPLAN,REPLAN,REPLAN,REPLAN,REPLAN,RETRY,REPLAN,REPLAN,REPLAN
539,RETRIEVE_MORE,RETRIEVE_MORE,RETRIEVE_MORE,RETRIEVE_MORE,RETRIEVE_MORE,RETRIEVE_MORE,RETRIEVE_MORE,RETRIEVE_MORE,RETRIEVE_MORE,RETRIEVE_MORE
540,REPLAN,REPLAN,REPLAN,REPLAN,REPLAN,REPLAN,REPLAN,RETRIEVE_MORE,REPLAN,REPLAN
541,RETRIEVE_MORE,RETRIEVE_MORE,RETRIEVE_MORE,RETRIEVE_MORE,RETRIEVE_MORE,RETRIEVE_MORE,RETRIEVE_MORE,RETRIEVE_MORE,RETRIEVE_MORE,RETRIEVE_MORE
542,REPLAN,REPLAN,REPLAN,REPLAN,REPLAN,REPLAN,RETRIEVE_MORE,RETRIEVE_MORE,RETRIEVE_MORE,REPLAN
543,REPLAN,REPLAN,REPLAN,REPLAN,RETRIEVE_MORE,REPLAN,RETRIEVE_MORE,REPLAN,RETRIEVE_MORE,RETRIEVE_MORE
544,REPLAN,REPLAN,REPLAN,REPLAN,RETRIEVE_MORE,REPLAN,RETRIEVE_MORE,RETRIEVE_MORE,RETRIEVE_MORE,RETRIEVE_MORE
545,RETRY,RETRY,REPLAN,RETRY,ESCALATE,ESCALATE,ESCALATE,ESCALATE,ESCALATE,ESCALATE
546,REPLAN,REPLAN,REPLAN,REPLAN,REPLAN,REPLAN,RETRIEVE_MORE,RETRIEVE_MORE,RETRIEVE_MORE,RETRIEVE_MORE
547,REPLAN,REPLAN,REPLAN,REPLAN,REPLAN,REPLAN,RETRIEVE_MORE,RETRIEVE_MORE,RETRIEVE_MORE,RETRIEVE_MORE
548,RETRIEVE_MORE,RETRIEVE_MORE,RETRIEVE_MORE,RETRIEVE_MORE,RETRIEVE_MORE,RETRIEVE_MORE,REPLAN,RETRIEVE_MORE,RETRY,RETRY
549,REPLAN,REPLAN,REPLAN,REPLAN,REPLAN,REPLAN,REPLAN,REPLAN,REPLAN,REPLAN
550,REPLAN,REPLAN,REPLAN,REPLAN,RETRIEVE_MORE,REPLAN,RETRIEVE_MORE,RETRIEVE_MORE,RETRIEVE_MORE,RETRIEVE_MORE
551,RETRIEVE_MORE,RETRIEVE_MORE,RETRIEVE_MORE,RETRIEVE_MORE,RETRIEVE_MORE,RETRIEVE_MORE,RETRIEVE_MORE,RETRIEVE_MORE,RETRIEVE_MORE,RETRIEVE_MORE
552,RETRY,RETRY,REPLAN,RETRY,RETRY,RETRY,RETRY,RETRY,ESCALATE,ESCALATE
553,REPLAN,REPLAN,REPLAN,REPLAN,REPLAN,REPLAN,REPLAN,RETRIEVE_MORE,RETRIEVE_MORE,RETRIEVE_MORE
554,REPLAN,REPLAN,REPLAN,REPLAN,REPLAN,REPLAN,REPLAN,RETRIEVE_MORE,REPLAN,REPLAN
555,RETRIEVE_MORE,RETRIEVE_MORE,REPLAN,RETRIEVE_MORE,RETRIEVE_MORE,RETRIEVE_MORE,RETRY,RETRY,RETRIEVE_MORE,RETRIEVE_MORE
556,RETRIEVE_MORE,RETRIEVE_MORE,REPLAN,RETRIEVE_MORE,RETRIEVE_MORE,RETRIEVE_MORE,REPLAN,RETRIEVE_MORE,RETRIEVE_MORE,RETRIEVE_MORE
557,REPLAN,REPLAN,REPLAN,REPLAN,REPLAN,REPLAN,RETRIEVE_MORE,RETRIEVE_MORE,RETRIEVE_MORE,RETRIEVE_MORE
558,REPLAN,REPLAN,REPLAN,REPLAN,REPLAN,REPLAN,RETRIEVE_MORE,RETRIEVE_MORE,ESCALATE,ESCALATE
559,RETRIEVE_MORE,RETRIEVE_MORE,RETRIEVE_MORE,RETRIEVE_MORE,RETRIEVE_MORE,RETRIEVE_MORE,RETRIEVE_MORE,RETRIEVE_MORE,REPLAN,REPLAN
560,REPLAN,REPLAN,REPLAN,REPLAN,RETRIEVE_MORE,REPLAN,RETRIEVE_MORE,RETRIEVE_MORE,REPLAN,REPLAN
561,REPLAN,REPLAN,REPLAN,REPLAN,RETRIEVE_MORE,REPLAN,RETRIEVE_MORE,RETRIEVE_MORE,RETRIEVE_MORE,RETRIEVE_MORE
562,REPLAN,REPLAN,REPLAN,REPLAN,RETRIEVE_MORE,REPLAN,REPLAN,RETRIEVE_MORE,RETRIEVE_MORE,RETRIEVE_MORE
563,RETRIEVE_MORE,RETRIEVE_MORE,RETRIEVE_MORE,RETRIEVE_MORE,RETRIEVE_MORE,RETRIEVE_MORE,RETRIEVE_MORE,RETRIEVE_MORE,RETRIEVE_MORE,RETRIEVE_MORE
564,RETRIEVE_MORE,RETRIEVE_MORE,RETRIEVE_MORE,RETRIEVE_MORE/REPLAN,REPLAN,RETRIEVE_MORE,RETRIEVE_MORE,RETRIEVE_MORE,RETRIEVE_MORE,RETRIEVE_MORE
565,REPLAN,REPLAN,REPLAN,REPLAN,REPLAN,REPLAN,RETRIEVE_MORE,REPLAN,RETRIEVE_MORE,RETRIEVE_MORE
566,REPLAN,REPLAN,REPLAN,RETRIEVE_MORE/REPLAN,RETRIEVE_MORE,RETRIEVE_MORE,REPLAN,RETRIEVE_MORE,RETRIEVE_MORE,RETRIEVE_MORE
567,REPLAN,REPLAN,REPLAN,REPLAN,REPLAN,REPLAN,RETRIEVE_MORE,RETRIEVE_MORE,RETRY,RETRIEVE_MORE
568,RETRIEVE_MORE,RETRIEVE_MORE,RETRIEVE_MORE,RETRIEVE_MORE,RETRIEVE_MORE,RETRIEVE_MORE,RETRIEVE_MORE,RETRIEVE_MORE,RETRIEVE_MORE,RETRIEVE_MORE
569,REPLAN,REPLAN,REPLAN,REPLAN,REPLAN,REPLAN,RETRIEVE_MORE,RETRY,RETRIEVE_MORE,RETRIEVE_MORE
570,RETRIEVE_MORE,RETRIEVE_MORE,RETRIEVE_MORE,RETRIEVE_MORE,RETRIEVE_MORE,RETRIEVE_MORE,RETRIEVE_MORE,RETRIEVE_MORE,RETRIEVE_MORE,RETRIEVE_MORE
571,REPLAN,REPLAN,REPLAN,REPLAN,REPLAN,REPLAN,RETRIEVE_MORE,RETRIEVE_MORE,RETRIEVE_MORE,RETRIEVE_MORE
572,REPLAN,REPLAN,RETRY,REPLAN,REPLAN,REPLAN,RETRIEVE_MORE,RETRIEVE_MORE,RETRIEVE_MORE,RETRIEVE_MORE
573,RETRIEVE_MORE,RETRIEVE_MORE,RETRIEVE_MORE,RETRIEVE_MORE,RETRIEVE_MORE,RETRIEVE_MORE,RETRIEVE_MORE,RETRIEVE_MORE,RETRY,RETRY
574,RETRIEVE_MORE,RETRIEVE_MORE,RETRIEVE_MORE,RETRIEVE_MORE,RETRIEVE_MORE,RETRIEVE_MORE,TOOL_FIX,RETRIEVE_MORE,RETRIEVE_MORE,RETRIEVE_MORE
575,REPLAN,REPLAN,REPLAN,REPLAN,REPLAN,REPLAN,RETRIEVE_MORE,RETRIEVE_MORE,RETRIEVE_MORE,RETRIEVE_MORE
576,RETRY,RETRY,RETRY,RETRY,RETRY,RETRY,RETRY,RETRY,RETRY,RETRY
577,REPLAN,REPLAN,REPLAN,REPLAN,RETRIEVE_MORE,REPLAN,RETRIEVE_MORE,RETRIEVE_MORE,RETRIEVE_MORE,RETRIEVE_MORE
578,RETRIEVE_MORE,RETRIEVE_MORE,RETRIEVE_MORE,RETRIEVE_MORE,RETRIEVE_MORE,RETRIEVE_MORE,RETRIEVE_MORE,RETRIEVE_MORE,RETRIEVE_MORE,RETRIEVE_MORE
579,REPLAN,REPLAN,REPLAN,REPLAN,REPLAN,REPLAN,RETRIEVE_MORE,REPLAN,RETRIEVE_MORE,RETRIEVE_MORE
580,REPLAN,REPLAN,REPLAN,REPLAN,REPLAN,REPLAN,RETRIEVE_MORE,RETRIEVE_MORE,REPLAN,REPLAN
581,RETRIEVE_MORE,RETRIEVE_MORE,RETRIEVE_MORE,RETRIEVE_MORE,RETRIEVE_MORE,RETRIEVE_MORE,RETRIEVE_MORE,REPLAN,REPLAN,REPLAN
582,RETRIEVE_MORE,RETRIEVE_MORE,RETRIEVE_MORE,RETRIEVE_MORE,RETRIEVE_MORE,RETRIEVE_MORE,RETRIEVE_MORE,RETRIEVE_MORE,RETRIEVE_MORE,RETRIEVE_MORE
583,REPLAN,REPLAN,REPLAN,REPLAN,RETRIEVE_MORE,REPLAN,RETRIEVE_MORE,RETRIEVE_MORE,RETRIEVE_MORE,RETRIEVE_MORE
584,RETRIEVE_MORE,RETRIEVE_MORE,RETRIEVE_MORE,RETRIEVE_MORE,RETRIEVE_MORE,RETRIEVE_MORE,REPLAN,REPLAN,RETRY,RETRY
585,REPLAN,REPLAN,REPLAN,REPLAN,REPLAN,REPLAN,RETRIEVE_MORE,RETRIEVE_MORE,RETRIEVE_MORE,RETRIEVE_MORE
586,REPLAN,REPLAN,REPLAN,REPLAN,REPLAN,REPLAN,REPLAN,REPLAN,RETRIEVE_MORE,RETRIEVE_MORE
587,RETRIEVE_MORE,RETRIEVE_MORE,RETRIEVE_MORE,RETRIEVE_MORE,RETRIEVE_MORE,RETRIEVE_MORE,RETRIEVE_MORE,RETRIEVE_MORE,RETRIEVE_MORE,RETRIEVE_MORE
588,TOOL_FIX,TOOL_FIX,TOOL_FIX,TOOL_FIX,TOOL_FIX,TOOL_FIX,TOOL_FIX,RETRIEVE_MORE,RETRIEVE_MORE,RETRIEVE_MORE
589,RETRIEVE_MORE,RETRIEVE_MORE,RETRIEVE_MORE,RETRIEVE_MORE,RETRIEVE_MORE,RETRIEVE_MORE,RETRIEVE_MORE,RETRIEVE_MORE,RETRIEVE_MORE,REPLAN
590,REPLAN,REPLAN,RETRIEVE_MORE,REPLAN,REPLAN,REPLAN,RETRIEVE_MORE,RETRIEVE_MORE,RETRIEVE_MORE,RETRIEVE_MORE
591,RETRIEVE_MORE,RETRIEVE_MORE,RETRIEVE_MORE,RETRIEVE_MORE,RETRIEVE_MORE,RETRIEVE_MORE,RETRIEVE_MORE,RETRIEVE_MORE,RETRY,RETRY
592,RETRIEVE_MORE,RETRIEVE_MORE,RETRIEVE_MORE,RETRIEVE_MORE,RETRIEVE_MORE,RETRIEVE_MORE,RETRIEVE_MORE,RETRIEVE_MORE,RETRIEVE_MORE,RETRIEVE_MORE
593,RETRIEVE_MORE,RETRIEVE_MORE,RETRIEVE_MORE,RETRIEVE_MORE,RETRIEVE_MORE,RETRIEVE_MORE,RETRIEVE_MORE,RETRIEVE_MORE,RETRIEVE_MORE,RETRIEVE_MORE
594,RETRIEVE_MORE,RETRIEVE_MORE,RETRIEVE_MORE,RETRIEVE_MORE,RETRIEVE_MORE,RETRIEVE_MORE,RETRIEVE_MORE,RETRIEVE_MORE,RETRIEVE_MORE,RETRIEVE_MORE
595,RETRIEVE_MORE,RETRIEVE_MORE,RETRIEVE_MORE,RETRIEVE_MORE,REPLAN,RETRIEVE_MORE,RETRIEVE_MORE,RETRIEVE_MORE,REPLAN,RETRIEVE_MORE
596,RETRIEVE_MORE,RETRIEVE_MORE,RETRIEVE_MORE,RETRIEVE_MORE,RETRIEVE_MORE,RETRIEVE_MORE,RETRIEVE_MORE,RETRIEVE_MORE,RETRIEVE_MORE,RETRIEVE_MORE
597,RETRIEVE_MORE,RETRY,RETRIEVE_MORE,RETRIEVE_MORE/RETRY,REPLAN,RETRIEVE_MORE,RETRIEVE_MORE,RETRIEVE_MORE,RETRY,RETRY
598,RETRIEVE_MORE,RETRIEVE_MORE,RETRIEVE_MORE,RETRIEVE_MORE,RETRIEVE_MORE,RETRIEVE_MORE,RETRIEVE_MORE,RETRIEVE_MORE,RETRIEVE_MORE,RETRIEVE_MORE
599,REPLAN,REPLAN,REPLAN,REPLAN,REPLAN,REPLAN,RETRIEVE_MORE,RETRIEVE_MORE,RETRY,RETRY
600,REPLAN,REPLAN,REPLAN,REPLAN,REPLAN,REPLAN,RETRIEVE_MORE,RETRIEVE_MORE,RETRY,RETRY
601,REPLAN,REPLAN,REPLAN,REPLAN,RETRIEVE_MORE,REPLAN,RETRIEVE_MORE,RETRIEVE_MORE,RETRIEVE_MORE,RETRY
602,RETRIEVE_MORE,RETRIEVE_MORE,RETRIEVE_MORE,RETRIEVE_MORE,RETRIEVE_MORE,RETRIEVE_MORE,RETRIEVE_MORE,RETRIEVE_MORE,RETRIEVE_MORE,RETRIEVE_MORE
603,RETRY,RETRY,RETRY,RETRY,REPLAN,RETRY,REPLAN,RETRIEVE_MORE,RETRY,RETRY
604,REPLAN,REPLAN,REPLAN,REPLAN,RETRIEVE_MORE,REPLAN,RETRIEVE_MORE,RETRIEVE_MORE,RETRIEVE_MORE,RETRIEVE_MORE
605,RETRIEVE_MORE,RETRIEVE_MORE,REPLAN,RETRIEVE_MORE,RETRIEVE_MORE,REPLAN,REPLAN,REPLAN,RETRIEVE_MORE,RETRIEVE_MORE
606,REPLAN,REPLAN,REPLAN,REPLAN,REPLAN,REPLAN,RETRIEVE_MORE,RETRIEVE_MORE,RETRIEVE_MORE,RETRIEVE_MORE
607,RETRIEVE_MORE,RETRIEVE_MORE,RETRIEVE_MORE,RETRIEVE_MORE,RETRIEVE_MORE,RETRIEVE_MORE,RETRIEVE_MORE,RETRIEVE_MORE,RETRIEVE_MORE,RETRIEVE_MORE
608,RETRIEVE_MORE,RETRIEVE_MORE,RETRIEVE_MORE,RETRIEVE_MORE,REPLAN,RETRIEVE_MORE,REPLAN,REPLAN,RETRY,REPLAN
609,REPLAN,REPLAN,REPLAN,REPLAN,REPLAN,REPLAN,RETRIEVE_MORE,RETRIEVE_MORE,RETRIEVE_MORE,RETRIEVE_MORE
610,RETRIEVE_MORE,RETRIEVE_MORE,RETRIEVE_MORE,RETRIEVE_MORE,RETRIEVE_MORE,RETRIEVE_MORE,RETRIEVE_MORE,RETRIEVE_MORE,RETRIEVE_MORE,RETRIEVE_MORE
611,RETRIEVE_MORE,RETRIEVE_MORE,RETRIEVE_MORE,RETRIEVE_MORE,RETRIEVE_MORE,RETRIEVE_MORE,RETRIEVE_MORE,RETRIEVE_MORE,RETRIEVE_MORE,RETRIEVE_MORE
612,REPLAN,RETRIEVE_MORE,REPLAN,RETRIEVE_MORE,RETRIEVE_MORE,REPLAN,RETRIEVE_MORE,RETRIEVE_MORE,RETRIEVE_MORE,RETRIEVE_MORE
613,RETRIEVE_MORE,RETRIEVE_MORE,RETRIEVE_MORE,RETRIEVE_MORE,RETRIEVE_MORE,RETRIEVE_MORE,RETRIEVE_MORE,TOOL_FIX,RETRIEVE_MORE,RETRIEVE_MORE
614,RETRIEVE_MORE,RETRIEVE_MORE,REPLAN,RETRIEVE_MORE,RETRIEVE_MORE,RETRIEVE_MORE,TOOL_FIX,TOOL_FIX,RETRIEVE_MORE,RETRY
615,REPLAN,RETRY,REPLAN,RETRY,RETRIEVE_MORE,RETRIEVE_MORE,RETRIEVE_MORE,RETRY,RETRY,RETRY
616,RETRIEVE_MORE,RETRIEVE_MORE,RETRIEVE_MORE,RETRIEVE_MORE,RETRIEVE_MORE,RETRIEVE_MORE,RETRIEVE_MORE,RETRIEVE_MORE,RETRIEVE_MORE,RETRIEVE_MORE
617,RETRIEVE_MORE,RETRIEVE_MORE,RETRIEVE_MORE,RETRIEVE_MORE,TOOL_FIX,RETRIEVE_MORE,TOOL_FIX,TOOL_FIX,RETRIEVE_MORE,RETRIEVE_MORE
618,REPLAN,RETRIEVE_MORE,RETRIEVE_MORE,RETRIEVE_MORE,RETRIEVE_MORE,RETRIEVE_MORE,RETRIEVE_MORE,RETRIEVE_MORE,RETRIEVE_MORE,RETRIEVE_MORE
619,RETRIEVE_MORE,RETRIEVE_MORE,RETRIEVE_MORE,RETRIEVE_MORE,RETRIEVE_MORE,RETRIEVE_MORE,RETRIEVE_MORE,RETRIEVE_MORE,RETRIEVE_MORE,RETRIEVE_MORE
620,RETRIEVE_MORE,RETRY,RETRIEVE_MORE,RETRY,RETRY,RETRIEVE_MORE,RETRIEVE_MORE,RETRIEVE_MORE,RETRY,RETRIEVE_MORE
621,REPLAN,REPLAN,REPLAN,REPLAN,REPLAN,REPLAN,RETRIEVE_MORE,RETRIEVE_MORE,RETRIEVE_MORE,REPLAN
622,RETRIEVE_MORE,RETRIEVE_MORE,RETRIEVE_MORE,RETRIEVE_MORE,RETRIEVE_MORE,RETRIEVE_MORE,REPLAN,REPLAN,REPLAN,REPLAN
623,REPLAN,REPLAN,REPLAN,REPLAN,REPLAN,REPLAN,RETRIEVE_MORE,RETRIEVE_MORE,RETRIEVE_MORE,RETRIEVE_MORE
624,REPLAN,REPLAN,REPLAN,REPLAN,REPLAN,REPLAN,TOOL_FIX,RETRIEVE_MORE,RETRIEVE_MORE,RETRIEVE_MORE
625,RETRIEVE_MORE,RETRIEVE_MORE,RETRIEVE_MORE,RETRIEVE_MORE,RETRIEVE_MORE,RETRIEVE_MORE,RETRIEVE_MORE,RETRIEVE_MORE,RETRIEVE_MORE,RETRIEVE_MORE
626,RETRIEVE_MORE,RETRIEVE_MORE,RETRIEVE_MORE,RETRIEVE_MORE,RETRIEVE_MORE,RETRIEVE_MORE,RETRIEVE_MORE,RETRIEVE_MORE,RETRIEVE_MORE,RETRIEVE_MORE
627,REPLAN,REPLAN,REPLAN,RETRIEVE_MORE,RETRIEVE_MORE,REPLAN,RETRIEVE_MORE,RETRIEVE_MORE,RETRIEVE_MORE,RETRIEVE_MORE
628,REPLAN,REPLAN,REPLAN,REPLAN,REPLAN,REPLAN,REPLAN,RETRIEVE_MORE,ESCALATE,ESCALATE
629,RETRIEVE_MORE,RETRIEVE_MORE,REPLAN,RETRIEVE_MORE,REPLAN,REPLAN,RETRIEVE_MORE,RETRIEVE_MORE,RETRIEVE_MORE,RETRY
630,REPLAN,REPLAN,REPLAN,REPLAN,REPLAN,REPLAN,REPLAN,REPLAN,REPLAN,REPLAN
631,REPLAN,REPLAN,REPLAN,REPLAN,RETRIEVE_MORE,REPLAN,RETRIEVE_MORE,REPLAN,REPLAN,RETRIEVE_MORE
632,RETRY,RETRY,RETRY,REPLAN,REPLAN,RETRY,RETRY,RETRY,ESCALATE,REPLAN
633,RETRIEVE_MORE,RETRIEVE_MORE,RETRIEVE_MORE,RETRIEVE_MORE,RETRIEVE_MORE,RETRIEVE_MORE,RETRIEVE_MORE,RETRIEVE_MORE,RETRIEVE_MORE,RETRIEVE_MORE
634,REPLAN,REPLAN,REPLAN,REPLAN,RETRIEVE_MORE,REPLAN,RETRIEVE_MORE,RETRIEVE_MORE,RETRIEVE_MORE,RETRIEVE_MORE
635,RETRIEVE_MORE,RETRIEVE_MORE,RETRIEVE_MORE,RETRIEVE_MORE,RETRIEVE_MORE,RETRIEVE_MORE,RETRIEVE_MORE,RETRIEVE_MORE,RETRIEVE_MORE,RETRIEVE_MORE
636,REPLAN,REPLAN,REPLAN,REPLAN,REPLAN,REPLAN,RETRIEVE_MORE,REPLAN,RETRIEVE_MORE,RETRIEVE_MORE
637,RETRIEVE_MORE,RETRIEVE_MORE,RETRIEVE_MORE,RETRIEVE_MORE,RETRIEVE_MORE,RETRIEVE_MORE,RETRIEVE_MORE,RETRIEVE_MORE,RETRIEVE_MORE,RETRIEVE_MORE
638,REPLAN,REPLAN,REPLAN,REPLAN,REPLAN,REPLAN,RETRIEVE_MORE,REPLAN,ESCALATE,ESCALATE
