trace_num,human_majority,human_agreement,human_Kavin,human_Fahim,human_Yurun,human_Daivik,human_Gerard,human_Gezheng,GPT (Kavin),GPT (Fahim),Llama (Kavin),Llama (Fahim),gpt_majority,llama_majority,all_llm_majority
114,TOOL_FIX,1.0,TOOL_FIX,TOOL_FIX,TOOL_FIX,TOOL_FIX,TOOL_FIX,TOOL_FIX,RETRY,REPLAN,REPLAN,REPLAN,RETRY,REPLAN,REPLAN
258,TOOL_FIX,1.0,TOOL_FIX,TOOL_FIX,TOOL_FIX,TOOL_FIX,TOOL_FIX,TOOL_FIX,TOOL_FIX,TOOL_FIX,TOOL_FIX,TOOL_FIX,TOOL_FIX,TOOL_FIX,TOOL_FIX
188,TOOL_FIX,1.0,TOOL_FIX,TOOL_FIX,TOOL_FIX,TOOL_FIX,TOOL_FIX,TOOL_FIX,TOOL_FIX,TOOL_FIX,REPLAN,REPLAN,TOOL_FIX,REPLAN,TOOL_FIX
267,TOOL_FIX,1.0,TOOL_FIX,TOOL_FIX,TOOL_FIX,TOOL_FIX,TOOL_FIX,TOOL_FIX,TOOL_FIX,TOOL_FIX,REPLAN,REPLAN,TOOL_FIX,REPLAN,TOOL_FIX
228,REPLAN,1.0,REPLAN,REPLAN,REPLAN,REPLAN,REPLAN,REPLAN,REPLAN,REPLAN,REPLAN,REPLAN,REPLAN,REPLAN,REPLAN
625,RETRIEVE_MORE,1.0,RETRIEVE_MORE,RETRIEVE_MORE,RETRIEVE_MORE,RETRIEVE_MORE,RETRIEVE_MORE,RETRIEVE_MORE,RETRIEVE_MORE,RETRIEVE_MORE,RETRIEVE_MORE,RETRIEVE_MORE,RETRIEVE_MORE,RETRIEVE_MORE,RETRIEVE_MORE
299,REPLAN,1.0,REPLAN,REPLAN,REPLAN,REPLAN,REPLAN,REPLAN,RETRIEVE_MORE,RETRIEVE_MORE,RETRIEVE_MORE,RETRIEVE_MORE,RETRIEVE_MORE,RETRIEVE_MORE,RETRIEVE_MORE
374,RETRIEVE_MORE,1.0,RETRIEVE_MORE,RETRIEVE_MORE,RETRIEVE_MORE,RETRIEVE_MORE,RETRIEVE_MORE,RETRIEVE_MORE,RETRIEVE_MORE,RETRIEVE_MORE,RETRIEVE_MORE,RETRIEVE_MORE,RETRIEVE_MORE,RETRIEVE_MORE,RETRIEVE_MORE
485,TOOL_FIX,1.0,TOOL_FIX,TOOL_FIX,TOOL_FIX,TOOL_FIX,TOOL_FIX,TOOL_FIX,TOOL_FIX,TOOL_FIX,RETRIEVE_MORE,RETRIEVE_MORE,TOOL_FIX,RETRIEVE_MORE,TOOL_FIX
83,REPLAN,1.0,REPLAN,REPLAN,REPLAN,REPLAN,REPLAN,REPLAN,REPLAN,REPLAN,REPLAN,REPLAN,REPLAN,REPLAN,REPLAN
63,TOOL_FIX,0.83,TOOL_FIX,REPLAN,TOOL_FIX,TOOL_FIX,TOOL_FIX,TOOL_FIX,TOOL_FIX,TOOL_FIX,TOOL_FIX,REPLAN,TOOL_FIX,TOOL_FIX,TOOL_FIX
211,REPLAN,1.0,REPLAN,REPLAN,REPLAN,REPLAN,REPLAN,REPLAN,REPLAN,REPLAN,REPLAN,REPLAN,REPLAN,REPLAN,REPLAN
589,RETRIEVE_MORE,1.0,RETRIEVE_MORE,RETRIEVE_MORE,RETRIEVE_MORE,RETRIEVE_MORE,RETRIEVE_MORE,RETRIEVE_MORE,RETRIEVE_MORE,RETRIEVE_MORE,RETRIEVE_MORE,REPLAN,RETRIEVE_MORE,RETRIEVE_MORE,RETRIEVE_MORE
240,REPLAN,1.0,REPLAN,REPLAN,REPLAN,REPLAN,REPLAN,REPLAN,REPLAN,REPLAN,REPLAN,REPLAN,REPLAN,REPLAN,REPLAN
110,REPLAN,1.0,REPLAN,REPLAN,REPLAN,REPLAN,REPLAN,REPLAN,REPLAN,TOOL_FIX,REPLAN,REPLAN,REPLAN,REPLAN,REPLAN
416,RETRIEVE_MORE,1.0,RETRIEVE_MORE,RETRIEVE_MORE,RETRIEVE_MORE,RETRIEVE_MORE,RETRIEVE_MORE,RETRIEVE_MORE,RETRIEVE_MORE,RETRIEVE_MORE,REPLAN,REPLAN,RETRIEVE_MORE,REPLAN,RETRIEVE_MORE
187,REPLAN,1.0,REPLAN,REPLAN,REPLAN,REPLAN,REPLAN,REPLAN,REPLAN,REPLAN,REPLAN,REPLAN,REPLAN,REPLAN,REPLAN
318,REPLAN,0.67,RETRY,REPLAN,REPLAN,REPLAN,RETRY,REPLAN,RETRIEVE_MORE,RETRIEVE_MORE,RETRIEVE_MORE,RETRIEVE_MORE,RETRIEVE_MORE,RETRIEVE_MORE,RETRIEVE_MORE
540,REPLAN,1.0,REPLAN,REPLAN,REPLAN,REPLAN,REPLAN,REPLAN,REPLAN,RETRIEVE_MORE,REPLAN,REPLAN,REPLAN,REPLAN,REPLAN
574,RETRIEVE_MORE,1.0,RETRIEVE_MORE,RETRIEVE_MORE,RETRIEVE_MORE,RETRIEVE_MORE,RETRIEVE_MORE,RETRIEVE_MORE,TOOL_FIX,RETRIEVE_MORE,RETRIEVE_MORE,RETRIEVE_MORE,TOOL_FIX,RETRIEVE_MORE,RETRIEVE_MORE
61,TOOL_FIX,0.83,TOOL_FIX,REPLAN,TOOL_FIX,TOOL_FIX,TOOL_FIX,TOOL_FIX,RETRY,TOOL_FIX,TOOL_FIX,TOOL_FIX,RETRY,TOOL_FIX,TOOL_FIX
404,RETRIEVE_MORE,0.83,RETRIEVE_MORE,RETRIEVE_MORE,REPLAN,RETRIEVE_MORE,RETRIEVE_MORE,RETRIEVE_MORE,REPLAN,RETRIEVE_MORE,RETRIEVE_MORE,RETRIEVE_MORE,REPLAN,RETRIEVE_MORE,RETRIEVE_MORE
39,REPLAN,0.83,REPLAN,REPLAN,REPLAN,REPLAN,TOOL_FIX,REPLAN,TOOL_FIX,REPLAN,REPLAN,RETRY,TOOL_FIX,REPLAN,REPLAN
142,LOCAL_REPAIR,0.33,LOCAL_REPAIR,REPLAN,REPLAN,RETRY,RETRY,LOCAL_REPAIR,RETRY,REPLAN,REPLAN,REPLAN,RETRY,REPLAN,REPLAN
185,TOOL_FIX,1.0,TOOL_FIX,TOOL_FIX,TOOL_FIX,TOOL_FIX,TOOL_FIX,TOOL_FIX,RETRY,TOOL_FIX,TOOL_FIX,TOOL_FIX,RETRY,TOOL_FIX,TOOL_FIX
74,TOOL_FIX,1.0,TOOL_FIX,TOOL_FIX,TOOL_FIX,TOOL_FIX,TOOL_FIX,TOOL_FIX,TOOL_FIX,REPLAN,REPLAN,TOOL_FIX,TOOL_FIX,REPLAN,TOOL_FIX
558,REPLAN,1.0,REPLAN,REPLAN,REPLAN,REPLAN,REPLAN,REPLAN,RETRIEVE_MORE,RETRIEVE_MORE,ESCALATE,ESCALATE,RETRIEVE_MORE,ESCALATE,RETRIEVE_MORE
357,RETRIEVE_MORE,1.0,RETRIEVE_MORE,RETRIEVE_MORE,RETRIEVE_MORE,RETRIEVE_MORE,RETRIEVE_MORE,RETRIEVE_MORE,RETRIEVE_MORE,RETRIEVE_MORE,RETRIEVE_MORE,RETRIEVE_MORE,RETRIEVE_MORE,RETRIEVE_MORE,RETRIEVE_MORE
214,TOOL_FIX,1.0,TOOL_FIX,TOOL_FIX,TOOL_FIX,TOOL_FIX,TOOL_FIX,TOOL_FIX,RETRY,TOOL_FIX,REPLAN,REPLAN,RETRY,REPLAN,REPLAN
338,RETRIEVE_MORE,1.0,RETRIEVE_MORE,RETRIEVE_MORE,RETRIEVE_MORE,RETRIEVE_MORE,RETRIEVE_MORE,RETRIEVE_MORE,RETRIEVE_MORE,RETRIEVE_MORE,RETRIEVE_MORE,RETRIEVE_MORE,RETRIEVE_MORE,RETRIEVE_MORE,RETRIEVE_MORE
334,RETRY,1.0,RETRY,RETRY,RETRY,RETRY,RETRY,RETRY,RETRY,RETRY,RETRY,RETRY,RETRY,RETRY,RETRY
367,RETRIEVE_MORE,1.0,RETRIEVE_MORE,RETRIEVE_MORE,RETRIEVE_MORE,RETRIEVE_MORE,RETRIEVE_MORE,RETRIEVE_MORE,RETRIEVE_MORE,RETRIEVE_MORE,RETRIEVE_MORE,RETRIEVE_MORE,RETRIEVE_MORE,RETRIEVE_MORE,RETRIEVE_MORE
278,REPLAN,1.0,REPLAN,REPLAN,REPLAN,REPLAN,REPLAN,REPLAN,REPLAN,REPLAN,REPLAN,REPLAN,REPLAN,REPLAN,REPLAN
534,RETRIEVE_MORE,0.83,TOOL_FIX,RETRIEVE_MORE,RETRIEVE_MORE,RETRIEVE_MORE,RETRIEVE_MORE,RETRIEVE_MORE,RETRIEVE_MORE,RETRIEVE_MORE,RETRIEVE_MORE,RETRIEVE_MORE,RETRIEVE_MORE,RETRIEVE_MORE,RETRIEVE_MORE
123,REPLAN,1.0,REPLAN,REPLAN,REPLAN,REPLAN,REPLAN,REPLAN,REPLAN,REPLAN,REPLAN,REPLAN,REPLAN,REPLAN,REPLAN
86,REPLAN,0.83,REPLAN,REPLAN,REPLAN,REPLAN,RETRY,REPLAN,RETRY,RETRY,REPLAN,REPLAN,RETRY,REPLAN,RETRY
262,REPLAN,0.5,RETRY,REPLAN,LOCAL_REPAIR,REPLAN,RETRY,REPLAN,REPLAN,TOOL_FIX,REPLAN,RETRY,REPLAN,REPLAN,REPLAN
602,RETRIEVE_MORE,1.0,RETRIEVE_MORE,RETRIEVE_MORE,RETRIEVE_MORE,RETRIEVE_MORE,RETRIEVE_MORE,RETRIEVE_MORE,RETRIEVE_MORE,RETRIEVE_MORE,RETRIEVE_MORE,RETRIEVE_MORE,RETRIEVE_MORE,RETRIEVE_MORE,RETRIEVE_MORE
522,REPLAN,0.83,REPLAN,REPLAN,REPLAN,REPLAN,RETRIEVE_MORE,REPLAN,RETRIEVE_MORE,RETRIEVE_MORE,RETRIEVE_MORE,RETRIEVE_MORE,RETRIEVE_MORE,RETRIEVE_MORE,RETRIEVE_MORE
313,RETRIEVE_MORE,1.0,RETRIEVE_MORE,RETRIEVE_MORE,RETRIEVE_MORE,RETRIEVE_MORE,RETRIEVE_MORE,RETRIEVE_MORE,RETRIEVE_MORE,REPLAN,RETRIEVE_MORE,RETRIEVE_MORE,RETRIEVE_MORE,RETRIEVE_MORE,RETRIEVE_MORE
204,REPLAN,1.0,REPLAN,REPLAN,REPLAN,REPLAN,REPLAN,REPLAN,ESCALATE,RETRY,REPLAN,REPLAN,ESCALATE,REPLAN,REPLAN
315,RETRY,0.67,RETRY,RETRIEVE_MORE,RETRIEVE_MORE,RETRY,RETRY,RETRY,RETRIEVE_MORE,RETRIEVE_MORE,RETRY,RETRY,RETRIEVE_MORE,RETRY,RETRIEVE_MORE
518,RETRIEVE_MORE,0.83,RETRIEVE_MORE,RETRIEVE_MORE,RETRIEVE_MORE,RETRIEVE_MORE,TOOL_FIX,RETRIEVE_MORE,TOOL_FIX,RETRIEVE_MORE,RETRIEVE_MORE,RETRIEVE_MORE,TOOL_FIX,RETRIEVE_MORE,RETRIEVE_MORE
337,RETRIEVE_MORE,1.0,RETRIEVE_MORE,RETRIEVE_MORE,RETRIEVE_MORE,RETRIEVE_MORE,RETRIEVE_MORE,RETRIEVE_MORE,TOOL_FIX,RETRIEVE_MORE,RETRIEVE_MORE,RETRIEVE_MORE,TOOL_FIX,RETRIEVE_MORE,RETRIEVE_MORE
65,TOOL_FIX,1.0,TOOL_FIX,TOOL_FIX,TOOL_FIX,TOOL_FIX,TOOL_FIX,TOOL_FIX,TOOL_FIX,RETRY,REPLAN,REPLAN,TOOL_FIX,REPLAN,REPLAN
234,REPLAN,1.0,REPLAN,REPLAN,REPLAN,REPLAN,REPLAN,REPLAN,REPLAN,REPLAN,REPLAN,REPLAN,REPLAN,REPLAN,REPLAN
541,RETRIEVE_MORE,1.0,RETRIEVE_MORE,RETRIEVE_MORE,RETRIEVE_MORE,RETRIEVE_MORE,RETRIEVE_MORE,RETRIEVE_MORE,RETRIEVE_MORE,RETRIEVE_MORE,RETRIEVE_MORE,RETRIEVE_MORE,RETRIEVE_MORE,RETRIEVE_MORE,RETRIEVE_MORE
553,REPLAN,1.0,REPLAN,REPLAN,REPLAN,REPLAN,REPLAN,REPLAN,REPLAN,RETRIEVE_MORE,RETRIEVE_MORE,RETRIEVE_MORE,REPLAN,RETRIEVE_MORE,RETRIEVE_MORE
7,REPLAN,1.0,REPLAN,REPLAN,REPLAN,REPLAN,REPLAN,REPLAN,REPLAN,REPLAN,RETRY,RETRY,REPLAN,RETRY,REPLAN
496,TOOL_FIX,1.0,TOOL_FIX,TOOL_FIX,TOOL_FIX,TOOL_FIX,TOOL_FIX,TOOL_FIX,TOOL_FIX,TOOL_FIX,RETRIEVE_MORE,RETRIEVE_MORE,TOOL_FIX,RETRIEVE_MORE,TOOL_FIX
200,REPLAN,1.0,REPLAN,REPLAN,REPLAN,REPLAN,REPLAN,REPLAN,REPLAN,REPLAN,REPLAN,REPLAN,REPLAN,REPLAN,REPLAN
349,RETRIEVE_MORE,1.0,RETRIEVE_MORE,RETRIEVE_MORE,RETRIEVE_MORE,RETRIEVE_MORE,RETRIEVE_MORE,RETRIEVE_MORE,RETRIEVE_MORE,RETRIEVE_MORE,RETRIEVE_MORE,RETRIEVE_MORE,RETRIEVE_MORE,RETRIEVE_MORE,RETRIEVE_MORE
62,REPLAN,0.5,REPLAN,TOOL_FIX,REPLAN,TOOL_FIX,REPLAN,TOOL_FIX,REPLAN,REPLAN,REPLAN,REPLAN,REPLAN,REPLAN,REPLAN
472,TOOL_FIX,1.0,TOOL_FIX,TOOL_FIX,TOOL_FIX,TOOL_FIX,TOOL_FIX,TOOL_FIX,TOOL_FIX,RETRIEVE_MORE,RETRY,RETRY,TOOL_FIX,RETRY,RETRY
272,TOOL_FIX,1.0,TOOL_FIX,TOOL_FIX,TOOL_FIX,TOOL_FIX,TOOL_FIX,TOOL_FIX,TOOL_FIX,REPLAN,REPLAN,REPLAN,TOOL_FIX,REPLAN,REPLAN
105,TOOL_FIX,1.0,TOOL_FIX,TOOL_FIX,TOOL_FIX,TOOL_FIX,TOOL_FIX,TOOL_FIX,REPLAN,REPLAN,REPLAN,REPLAN,REPLAN,REPLAN,REPLAN
342,RETRIEVE_MORE,1.0,RETRIEVE_MORE,RETRIEVE_MORE,RETRIEVE_MORE,RETRIEVE_MORE,RETRIEVE_MORE,RETRIEVE_MORE,RETRIEVE_MORE,RETRIEVE_MORE,RETRIEVE_MORE,RETRIEVE_MORE,RETRIEVE_MORE,RETRIEVE_MORE,RETRIEVE_MORE
325,RETRIEVE_MORE,1.0,RETRIEVE_MORE,RETRIEVE_MORE,RETRIEVE_MORE,RETRIEVE_MORE,RETRIEVE_MORE,RETRIEVE_MORE,RETRIEVE_MORE,RETRIEVE_MORE,RETRIEVE_MORE,RETRIEVE_MORE,RETRIEVE_MORE,RETRIEVE_MORE,RETRIEVE_MORE
237,TOOL_FIX,1.0,TOOL_FIX,TOOL_FIX,TOOL_FIX,TOOL_FIX,TOOL_FIX,TOOL_FIX,TOOL_FIX,RETRY,TOOL_FIX,TOOL_FIX,TOOL_FIX,TOOL_FIX,TOOL_FIX
145,REPLAN,0.67,REPLAN,RETRY,REPLAN,REPLAN,RETRY,REPLAN,REPLAN,RETRY,REPLAN,REPLAN,REPLAN,REPLAN,REPLAN
441,RETRIEVE_MORE,1.0,RETRIEVE_MORE,RETRIEVE_MORE,RETRIEVE_MORE,RETRIEVE_MORE,RETRIEVE_MORE,RETRIEVE_MORE,REPLAN,RETRIEVE_MORE,RETRIEVE_MORE,RETRIEVE_MORE,REPLAN,RETRIEVE_MORE,RETRIEVE_MORE
396,RETRIEVE_MORE,1.0,RETRIEVE_MORE,RETRIEVE_MORE,RETRIEVE_MORE,RETRIEVE_MORE,RETRIEVE_MORE,RETRIEVE_MORE,RETRIEVE_MORE,RETRIEVE_MORE,REPLAN,REPLAN,RETRIEVE_MORE,REPLAN,RETRIEVE_MORE
597,RETRIEVE_MORE,0.67,RETRIEVE_MORE,RETRY,RETRIEVE_MORE,RETRIEVE_MORE,REPLAN,RETRIEVE_MORE,RETRIEVE_MORE,RETRIEVE_MORE,RETRY,RETRY,RETRIEVE_MORE,RETRY,RETRIEVE_MORE
592,RETRIEVE_MORE,1.0,RETRIEVE_MORE,RETRIEVE_MORE,RETRIEVE_MORE,RETRIEVE_MORE,RETRIEVE_MORE,RETRIEVE_MORE,RETRIEVE_MORE,RETRIEVE_MORE,RETRIEVE_MORE,RETRIEVE_MORE,RETRIEVE_MORE,RETRIEVE_MORE,RETRIEVE_MORE
93,REPLAN,0.67,REPLAN,REPLAN,REPLAN,RETRY,REPLAN,RETRY,RETRY,REPLAN,RETRY,RETRY,RETRY,RETRY,RETRY
328,RETRIEVE_MORE,0.83,REPLAN,RETRIEVE_MORE,RETRIEVE_MORE,RETRIEVE_MORE,RETRIEVE_MORE,RETRIEVE_MORE,RETRIEVE_MORE,RETRIEVE_MORE,RETRIEVE_MORE,RETRIEVE_MORE,RETRIEVE_MORE,RETRIEVE_MORE,RETRIEVE_MORE
422,REPLAN,0.5,REPLAN,REPLAN,RETRIEVE_MORE,RETRIEVE_MORE,REPLAN,RETRIEVE_MORE,RETRIEVE_MORE,RETRIEVE_MORE,RETRIEVE_MORE,RETRIEVE_MORE,RETRIEVE_MORE,RETRIEVE_MORE,RETRIEVE_MORE
514,RETRIEVE_MORE,0.83,RETRIEVE_MORE,RETRIEVE_MORE,RETRIEVE_MORE,RETRIEVE_MORE,TOOL_FIX,RETRIEVE_MORE,TOOL_FIX,TOOL_FIX,RETRIEVE_MORE,RETRIEVE_MORE,TOOL_FIX,RETRIEVE_MORE,TOOL_FIX
529,REPLAN,0.83,REPLAN,REPLAN,REPLAN,REPLAN,RETRY,REPLAN,REPLAN,RETRIEVE_MORE,RETRY,RETRIEVE_MORE,REPLAN,RETRY,RETRIEVE_MORE
598,RETRIEVE_MORE,1.0,RETRIEVE_MORE,RETRIEVE_MORE,RETRIEVE_MORE,RETRIEVE_MORE,RETRIEVE_MORE,RETRIEVE_MORE,RETRIEVE_MORE,RETRIEVE_MORE,RETRIEVE_MORE,RETRIEVE_MORE,RETRIEVE_MORE,RETRIEVE_MORE,RETRIEVE_MORE
155,TOOL_FIX,1.0,TOOL_FIX,TOOL_FIX,TOOL_FIX,TOOL_FIX,TOOL_FIX,TOOL_FIX,RETRY,RETRY,REPLAN,REPLAN,RETRY,REPLAN,RETRY
229,REPLAN,1.0,REPLAN,REPLAN,REPLAN,REPLAN,REPLAN,REPLAN,REPLAN,REPLAN,REPLAN,REPLAN,REPLAN,REPLAN,REPLAN
591,RETRIEVE_MORE,1.0,RETRIEVE_MORE,RETRIEVE_MORE,RETRIEVE_MORE,RETRIEVE_MORE,RETRIEVE_MORE,RETRIEVE_MORE,RETRIEVE_MORE,RETRIEVE_MORE,RETRY,RETRY,RETRIEVE_MORE,RETRY,RETRIEVE_MORE
221,REPLAN,0.67,RETRY,RETRY,REPLAN,REPLAN,REPLAN,REPLAN,RETRY,RETRY,REPLAN,REPLAN,RETRY,REPLAN,RETRY
608,RETRIEVE_MORE,0.83,RETRIEVE_MORE,RETRIEVE_MORE,RETRIEVE_MORE,RETRIEVE_MORE,REPLAN,RETRIEVE_MORE,REPLAN,REPLAN,RETRY,REPLAN,REPLAN,RETRY,REPLAN
209,TOOL_FIX,0.5,TOOL_FIX,REPLAN,LOCAL_REPAIR,REPLAN,TOOL_FIX,TOOL_FIX,REPLAN,TOOL_FIX,REPLAN,REPLAN,REPLAN,REPLAN,REPLAN
363,REPLAN,1.0,REPLAN,REPLAN,REPLAN,REPLAN,REPLAN,REPLAN,RETRIEVE_MORE,RETRIEVE_MORE,RETRIEVE_MORE,RETRIEVE_MORE,RETRIEVE_MORE,RETRIEVE_MORE,RETRIEVE_MORE
439,RETRIEVE_MORE,1.0,RETRIEVE_MORE,RETRIEVE_MORE,RETRIEVE_MORE,RETRIEVE_MORE,RETRIEVE_MORE,RETRIEVE_MORE,RETRIEVE_MORE,RETRIEVE_MORE,RETRIEVE_MORE,RETRIEVE_MORE,RETRIEVE_MORE,RETRIEVE_MORE,RETRIEVE_MORE
497,TOOL_FIX,1.0,TOOL_FIX,TOOL_FIX,TOOL_FIX,TOOL_FIX,TOOL_FIX,TOOL_FIX,RETRIEVE_MORE,TOOL_FIX,RETRIEVE_MORE,RETRIEVE_MORE,RETRIEVE_MORE,RETRIEVE_MORE,RETRIEVE_MORE
502,RETRIEVE_MORE,0.83,RETRIEVE_MORE,RETRIEVE_MORE,RETRIEVE_MORE,RETRIEVE_MORE,TOOL_FIX,RETRIEVE_MORE,RETRIEVE_MORE,TOOL_FIX,TOOL_FIX,RETRIEVE_MORE,RETRIEVE_MORE,TOOL_FIX,RETRIEVE_MORE
535,REPLAN,0.83,REPLAN,REPLAN,REPLAN,REPLAN,RETRIEVE_MORE,REPLAN,RETRIEVE_MORE,REPLAN,RETRIEVE_MORE,RETRIEVE_MORE,RETRIEVE_MORE,RETRIEVE_MORE,RETRIEVE_MORE
335,REPLAN,0.83,REPLAN,REPLAN,REPLAN,REPLAN,RETRIEVE_MORE,REPLAN,RETRIEVE_MORE,RETRIEVE_MORE,RETRIEVE_MORE,RETRIEVE_MORE,RETRIEVE_MORE,RETRIEVE_MORE,RETRIEVE_MORE
509,REPLAN,0.83,REPLAN,REPLAN,REPLAN,REPLAN,TOOL_FIX,REPLAN,TOOL_FIX,RETRIEVE_MORE,RETRIEVE_MORE,RETRIEVE_MORE,TOOL_FIX,RETRIEVE_MORE,RETRIEVE_MORE
354,RETRIEVE_MORE,0.83,REPLAN,RETRIEVE_MORE,RETRIEVE_MORE,RETRIEVE_MORE,RETRIEVE_MORE,RETRIEVE_MORE,RETRIEVE_MORE,RETRIEVE_MORE,RETRIEVE_MORE,RETRIEVE_MORE,RETRIEVE_MORE,RETRIEVE_MORE,RETRIEVE_MORE
621,REPLAN,1.0,REPLAN,REPLAN,REPLAN,REPLAN,REPLAN,REPLAN,RETRIEVE_MORE,RETRIEVE_MORE,RETRIEVE_MORE,REPLAN,RETRIEVE_MORE,RETRIEVE_MORE,RETRIEVE_MORE
424,RETRIEVE_MORE,1.0,RETRIEVE_MORE,RETRIEVE_MORE,RETRIEVE_MORE,RETRIEVE_MORE,RETRIEVE_MORE,RETRIEVE_MORE,RETRIEVE_MORE,RETRIEVE_MORE,RETRIEVE_MORE,RETRIEVE_MORE,RETRIEVE_MORE,RETRIEVE_MORE,RETRIEVE_MORE
613,RETRIEVE_MORE,1.0,RETRIEVE_MORE,RETRIEVE_MORE,RETRIEVE_MORE,RETRIEVE_MORE,RETRIEVE_MORE,RETRIEVE_MORE,RETRIEVE_MORE,TOOL_FIX,RETRIEVE_MORE,RETRIEVE_MORE,RETRIEVE_MORE,RETRIEVE_MORE,RETRIEVE_MORE
159,TOOL_FIX,0.83,TOOL_FIX,TOOL_FIX,LOCAL_REPAIR,TOOL_FIX,TOOL_FIX,TOOL_FIX,REPLAN,REPLAN,REPLAN,REPLAN,REPLAN,REPLAN,REPLAN
438,REPLAN,0.5,RETRY,REPLAN,REPLAN,RETRY,TOOL_FIX,REPLAN,RETRY,TOOL_FIX,RETRIEVE_MORE,RETRIEVE_MORE,RETRY,RETRIEVE_MORE,RETRIEVE_MORE
521,RETRIEVE_MORE,1.0,RETRIEVE_MORE,RETRIEVE_MORE,RETRIEVE_MORE,RETRIEVE_MORE,RETRIEVE_MORE,RETRIEVE_MORE,RETRIEVE_MORE,RETRY,RETRIEVE_MORE,RETRIEVE_MORE,RETRIEVE_MORE,RETRIEVE_MORE,RETRIEVE_MORE
309,REPLAN,0.5,REPLAN,RETRIEVE_MORE,RETRIEVE_MORE,RETRY,REPLAN,REPLAN,RETRIEVE_MORE,RETRIEVE_MORE,RETRIEVE_MORE,RETRIEVE_MORE,RETRIEVE_MORE,RETRIEVE_MORE,RETRIEVE_MORE
569,REPLAN,1.0,REPLAN,REPLAN,REPLAN,REPLAN,REPLAN,REPLAN,RETRIEVE_MORE,RETRY,RETRIEVE_MORE,RETRIEVE_MORE,RETRIEVE_MORE,RETRIEVE_MORE,RETRIEVE_MORE
196,LOCAL_REPAIR,0.5,LOCAL_REPAIR,RETRY,REPLAN,LOCAL_REPAIR,REPLAN,LOCAL_REPAIR,RETRY,TOOL_FIX,REPLAN,REPLAN,RETRY,REPLAN,REPLAN
76,TOOL_FIX,1.0,TOOL_FIX,TOOL_FIX,TOOL_FIX,TOOL_FIX,TOOL_FIX,TOOL_FIX,RETRY,RETRY,TOOL_FIX,TOOL_FIX,RETRY,TOOL_FIX,RETRY
562,REPLAN,0.83,REPLAN,REPLAN,REPLAN,REPLAN,RETRIEVE_MORE,REPLAN,REPLAN,RETRIEVE_MORE,RETRIEVE_MORE,RETRIEVE_MORE,REPLAN,RETRIEVE_MORE,RETRIEVE_MORE
482,TOOL_FIX,1.0,TOOL_FIX,TOOL_FIX,TOOL_FIX,TOOL_FIX,TOOL_FIX,TOOL_FIX,TOOL_FIX,TOOL_FIX,TOOL_FIX,TOOL_FIX,TOOL_FIX,TOOL_FIX,TOOL_FIX
26,REPLAN,0.67,REPLAN,TOOL_FIX,REPLAN,REPLAN,TOOL_FIX,REPLAN,RETRY,RETRY,REPLAN,REPLAN,RETRY,REPLAN,RETRY
638,REPLAN,1.0,REPLAN,REPLAN,REPLAN,REPLAN,REPLAN,REPLAN,RETRIEVE_MORE,REPLAN,ESCALATE,ESCALATE,RETRIEVE_MORE,ESCALATE,ESCALATE
353,RETRIEVE_MORE,1.0,RETRIEVE_MORE,RETRIEVE_MORE,RETRIEVE_MORE,RETRIEVE_MORE,RETRIEVE_MORE,RETRIEVE_MORE,RETRIEVE_MORE,RETRIEVE_MORE,RETRIEVE_MORE,RETRIEVE_MORE,RETRIEVE_MORE,RETRIEVE_MORE,RETRIEVE_MORE
561,REPLAN,0.83,REPLAN,REPLAN,REPLAN,REPLAN,RETRIEVE_MORE,REPLAN,RETRIEVE_MORE,RETRIEVE_MORE,RETRIEVE_MORE,RETRIEVE_MORE,RETRIEVE_MORE,RETRIEVE_MORE,RETRIEVE_MORE
216,TOOL_FIX,1.0,TOOL_FIX,TOOL_FIX,TOOL_FIX,TOOL_FIX,TOOL_FIX,TOOL_FIX,RETRY,REPLAN,REPLAN,REPLAN,RETRY,REPLAN,REPLAN
141,REPLAN,0.83,RETRY,REPLAN,REPLAN,REPLAN,REPLAN,REPLAN,RETRY,RETRY,REPLAN,REPLAN,RETRY,REPLAN,RETRY
87,REPLAN,0.83,LOCAL_REPAIR,REPLAN,REPLAN,REPLAN,REPLAN,REPLAN,REPLAN,REPLAN,REPLAN,REPLAN,REPLAN,REPLAN,REPLAN
319,REPLAN,0.83,REPLAN,REPLAN,REPLAN,REPLAN,RETRIEVE_MORE,REPLAN,REPLAN,RETRIEVE_MORE,RETRIEVE_MORE,RETRIEVE_MORE,REPLAN,RETRIEVE_MORE,RETRIEVE_MORE
137,TOOL_FIX,1.0,TOOL_FIX,TOOL_FIX,TOOL_FIX,TOOL_FIX,TOOL_FIX,TOOL_FIX,TOOL_FIX,TOOL_FIX,REPLAN,REPLAN,TOOL_FIX,REPLAN,TOOL_FIX
620,RETRIEVE_MORE,0.5,RETRIEVE_MORE,RETRY,RETRIEVE_MORE,RETRY,RETRY,RETRIEVE_MORE,RETRIEVE_MORE,RETRIEVE_MORE,RETRY,RETRIEVE_MORE,RETRIEVE_MORE,RETRY,RETRIEVE_MORE
230,TOOL_FIX,1.0,TOOL_FIX,TOOL_FIX,TOOL_FIX,TOOL_FIX,TOOL_FIX,TOOL_FIX,TOOL_FIX,RETRY,REPLAN,REPLAN,TOOL_FIX,REPLAN,REPLAN
208,REPLAN,1.0,REPLAN,REPLAN,REPLAN,REPLAN,REPLAN,REPLAN,RETRY,REPLAN,REPLAN,REPLAN,RETRY,REPLAN,REPLAN
128,TOOL_FIX,1.0,TOOL_FIX,TOOL_FIX,TOOL_FIX,TOOL_FIX,TOOL_FIX,TOOL_FIX,REPLAN,TOOL_FIX,TOOL_FIX,REPLAN,REPLAN,TOOL_FIX,REPLAN
458,REPLAN,0.83,REPLAN,REPLAN,REPLAN,REPLAN,RETRIEVE_MORE,REPLAN,RETRIEVE_MORE,RETRIEVE_MORE,RETRIEVE_MORE,RETRIEVE_MORE,RETRIEVE_MORE,RETRIEVE_MORE,RETRIEVE_MORE
320,RETRIEVE_MORE,1.0,RETRIEVE_MORE,RETRIEVE_MORE,RETRIEVE_MORE,RETRIEVE_MORE,RETRIEVE_MORE,RETRIEVE_MORE,RETRY,RETRIEVE_MORE,RETRIEVE_MORE,RETRIEVE_MORE,RETRY,RETRIEVE_MORE,RETRIEVE_MORE
459,RETRIEVE_MORE,1.0,RETRIEVE_MORE,RETRIEVE_MORE,RETRIEVE_MORE,RETRIEVE_MORE,RETRIEVE_MORE,RETRIEVE_MORE,RETRIEVE_MORE,RETRIEVE_MORE,RETRIEVE_MORE,RETRIEVE_MORE,RETRIEVE_MORE,RETRIEVE_MORE,RETRIEVE_MORE
224,TOOL_FIX,0.67,TOOL_FIX,TOOL_FIX,TOOL_FIX,REPLAN,TOOL_FIX,LOCAL_REPAIR,REPLAN,REPLAN,TOOL_FIX,TOOL_FIX,REPLAN,TOOL_FIX,REPLAN
387,RETRIEVE_MORE,1.0,RETRIEVE_MORE,RETRIEVE_MORE,RETRIEVE_MORE,RETRIEVE_MORE,RETRIEVE_MORE,RETRIEVE_MORE,RETRIEVE_MORE,RETRIEVE_MORE,RETRIEVE_MORE,RETRIEVE_MORE,RETRIEVE_MORE,RETRIEVE_MORE,RETRIEVE_MORE
443,REPLAN,0.83,REPLAN,REPLAN,REPLAN,REPLAN,RETRIEVE_MORE,REPLAN,RETRIEVE_MORE,RETRIEVE_MORE,RETRIEVE_MORE,RETRIEVE_MORE,RETRIEVE_MORE,RETRIEVE_MORE,RETRIEVE_MORE
280,REPLAN,1.0,REPLAN,REPLAN,REPLAN,REPLAN,REPLAN,REPLAN,REPLAN,REPLAN,REPLAN,REPLAN,REPLAN,REPLAN,REPLAN
552,RETRY,0.83,RETRY,RETRY,REPLAN,RETRY,RETRY,RETRY,RETRY,RETRY,ESCALATE,ESCALATE,RETRY,ESCALATE,RETRY
420,RETRIEVE_MORE,1.0,RETRIEVE_MORE,RETRIEVE_MORE,RETRIEVE_MORE,RETRIEVE_MORE,RETRIEVE_MORE,RETRIEVE_MORE,RETRIEVE_MORE,RETRIEVE_MORE,RETRY,RETRIEVE_MORE,RETRIEVE_MORE,RETRY,RETRIEVE_MORE
477,TOOL_FIX,1.0,TOOL_FIX,TOOL_FIX,TOOL_FIX,TOOL_FIX,TOOL_FIX,TOOL_FIX,TOOL_FIX,TOOL_FIX,RETRY,RETRIEVE_MORE,TOOL_FIX,RETRY,TOOL_FIX
117,REPLAN,1.0,REPLAN,REPLAN,REPLAN,REPLAN,REPLAN,REPLAN,RETRY,RETRY,REPLAN,REPLAN,RETRY,REPLAN,RETRY
593,RETRIEVE_MORE,1.0,RETRIEVE_MORE,RETRIEVE_MORE,RETRIEVE_MORE,RETRIEVE_MORE,RETRIEVE_MORE,RETRIEVE_MORE,RETRIEVE_MORE,RETRIEVE_MORE,RETRIEVE_MORE,RETRIEVE_MORE,RETRIEVE_MORE,RETRIEVE_MORE,RETRIEVE_MORE
98,REPLAN,1.0,REPLAN,REPLAN,REPLAN,REPLAN,REPLAN,REPLAN,REPLAN,REPLAN,REPLAN,REPLAN,REPLAN,REPLAN,REPLAN
588,TOOL_FIX,1.0,TOOL_FIX,TOOL_FIX,TOOL_FIX,TOOL_FIX,TOOL_FIX,TOOL_FIX,TOOL_FIX,RETRIEVE_MORE,RETRIEVE_MORE,RETRIEVE_MORE,TOOL_FIX,RETRIEVE_MORE,RETRIEVE_MORE
53,REPLAN,1.0,REPLAN,REPLAN,REPLAN,REPLAN,REPLAN,REPLAN,REPLAN,RETRY,REPLAN,REPLAN,REPLAN,REPLAN,REPLAN
69,LOCAL_REPAIR,0.33,LOCAL_REPAIR,TOOL_FIX,REPLAN,LOCAL_REPAIR,RETRY,REPLAN,REPLAN,REPLAN,REPLAN,RETRY,REPLAN,REPLAN,REPLAN
445,REPLAN,1.0,REPLAN,REPLAN,REPLAN,REPLAN,REPLAN,REPLAN,RETRIEVE_MORE,RETRIEVE_MORE,RETRIEVE_MORE,RETRIEVE_MORE,RETRIEVE_MORE,RETRIEVE_MORE,RETRIEVE_MORE
162,TOOL_FIX,0.83,TOOL_FIX,TOOL_FIX,TOOL_FIX,LOCAL_REPAIR,TOOL_FIX,TOOL_FIX,TOOL_FIX,TOOL_FIX,TOOL_FIX,TOOL_FIX,TOOL_FIX,TOOL_FIX,TOOL_FIX
217,TOOL_FIX,1.0,TOOL_FIX,TOOL_FIX,TOOL_FIX,TOOL_FIX,TOOL_FIX,TOOL_FIX,TOOL_FIX,RETRY,REPLAN,REPLAN,TOOL_FIX,REPLAN,REPLAN
177,TOOL_FIX,1.0,TOOL_FIX,TOOL_FIX,TOOL_FIX,TOOL_FIX,TOOL_FIX,TOOL_FIX,REPLAN,RETRY,REPLAN,REPLAN,REPLAN,REPLAN,REPLAN
452,RETRIEVE_MORE,1.0,RETRIEVE_MORE,RETRIEVE_MORE,RETRIEVE_MORE,RETRIEVE_MORE,RETRIEVE_MORE,RETRIEVE_MORE,RETRIEVE_MORE,RETRIEVE_MORE,RETRIEVE_MORE,RETRY,RETRIEVE_MORE,RETRIEVE_MORE,RETRIEVE_MORE
402,REPLAN,1.0,REPLAN,REPLAN,REPLAN,REPLAN,REPLAN,REPLAN,RETRIEVE_MORE,RETRIEVE_MORE,RETRIEVE_MORE,RETRIEVE_MORE,RETRIEVE_MORE,RETRIEVE_MORE,RETRIEVE_MORE
351,RETRIEVE_MORE,1.0,RETRIEVE_MORE,RETRIEVE_MORE,RETRIEVE_MORE,RETRIEVE_MORE,RETRIEVE_MORE,RETRIEVE_MORE,TOOL_FIX,RETRIEVE_MORE,RETRIEVE_MORE,RETRIEVE_MORE,TOOL_FIX,RETRIEVE_MORE,RETRIEVE_MORE
548,RETRIEVE_MORE,1.0,RETRIEVE_MORE,RETRIEVE_MORE,RETRIEVE_MORE,RETRIEVE_MORE,RETRIEVE_MORE,RETRIEVE_MORE,REPLAN,RETRIEVE_MORE,RETRY,RETRY,REPLAN,RETRY,RETRY
474,TOOL_FIX,1.0,TOOL_FIX,TOOL_FIX,TOOL_FIX,TOOL_FIX,TOOL_FIX,TOOL_FIX,RETRIEVE_MORE,RETRIEVE_MORE,RETRIEVE_MORE,RETRIEVE_MORE,RETRIEVE_MORE,RETRIEVE_MORE,RETRIEVE_MORE
281,REPLAN,1.0,REPLAN,REPLAN,REPLAN,REPLAN,REPLAN,REPLAN,REPLAN,RETRY,REPLAN,REPLAN,REPLAN,REPLAN,REPLAN
360,RETRIEVE_MORE,1.0,RETRIEVE_MORE,RETRIEVE_MORE,RETRIEVE_MORE,RETRIEVE_MORE,RETRIEVE_MORE,RETRIEVE_MORE,RETRIEVE_MORE,RETRIEVE_MORE,RETRIEVE_MORE,RETRIEVE_MORE,RETRIEVE_MORE,RETRIEVE_MORE,RETRIEVE_MORE
19,REPLAN,1.0,REPLAN,REPLAN,REPLAN,REPLAN,REPLAN,REPLAN,REPLAN,REPLAN,REPLAN,REPLAN,REPLAN,REPLAN,REPLAN
465,RETRIEVE_MORE,1.0,RETRIEVE_MORE,RETRIEVE_MORE,RETRIEVE_MORE,RETRIEVE_MORE,RETRIEVE_MORE,RETRIEVE_MORE,TOOL_FIX,TOOL_FIX,RETRIEVE_MORE,TOOL_FIX,TOOL_FIX,RETRIEVE_MORE,TOOL_FIX
409,RETRIEVE_MORE,1.0,RETRIEVE_MORE,RETRIEVE_MORE,RETRIEVE_MORE,RETRIEVE_MORE,RETRIEVE_MORE,RETRIEVE_MORE,RETRIEVE_MORE,RETRIEVE_MORE,RETRIEVE_MORE,RETRIEVE_MORE,RETRIEVE_MORE,RETRIEVE_MORE,RETRIEVE_MORE
637,RETRIEVE_MORE,1.0,RETRIEVE_MORE,RETRIEVE_MORE,RETRIEVE_MORE,RETRIEVE_MORE,RETRIEVE_MORE,RETRIEVE_MORE,RETRIEVE_MORE,RETRIEVE_MORE,RETRIEVE_MORE,RETRIEVE_MORE,RETRIEVE_MORE,RETRIEVE_MORE,RETRIEVE_MORE
182,REPLAN,1.0,REPLAN,REPLAN,REPLAN,REPLAN,REPLAN,REPLAN,TOOL_FIX,REPLAN,REPLAN,REPLAN,TOOL_FIX,REPLAN,REPLAN
473,TOOL_FIX,1.0,TOOL_FIX,TOOL_FIX,TOOL_FIX,TOOL_FIX,TOOL_FIX,TOOL_FIX,RETRIEVE_MORE,RETRIEVE_MORE,RETRIEVE_MORE,RETRIEVE_MORE,RETRIEVE_MORE,RETRIEVE_MORE,RETRIEVE_MORE
290,RETRIEVE_MORE,1.0,RETRIEVE_MORE,RETRIEVE_MORE,RETRIEVE_MORE,RETRIEVE_MORE,RETRIEVE_MORE,RETRIEVE_MORE,TOOL_FIX,TOOL_FIX,RETRIEVE_MORE,RETRY,TOOL_FIX,RETRIEVE_MORE,TOOL_FIX
631,REPLAN,0.83,REPLAN,REPLAN,REPLAN,REPLAN,RETRIEVE_MORE,REPLAN,RETRIEVE_MORE,REPLAN,REPLAN,RETRIEVE_MORE,RETRIEVE_MORE,REPLAN,RETRIEVE_MORE
332,RETRIEVE_MORE,1.0,RETRIEVE_MORE,RETRIEVE_MORE,RETRIEVE_MORE,RETRIEVE_MORE,RETRIEVE_MORE,RETRIEVE_MORE,RETRIEVE_MORE,RETRIEVE_MORE,RETRIEVE_MORE,RETRIEVE_MORE,RETRIEVE_MORE,RETRIEVE_MORE,RETRIEVE_MORE
423,RETRIEVE_MORE,1.0,RETRIEVE_MORE,RETRIEVE_MORE,RETRIEVE_MORE,RETRIEVE_MORE,RETRIEVE_MORE,RETRIEVE_MORE,RETRIEVE_MORE,RETRIEVE_MORE,RETRIEVE_MORE,RETRIEVE_MORE,RETRIEVE_MORE,RETRIEVE_MORE,RETRIEVE_MORE
190,REPLAN,1.0,REPLAN,REPLAN,REPLAN,REPLAN,REPLAN,REPLAN,REPLAN,REPLAN,REPLAN,REPLAN,REPLAN,REPLAN,REPLAN
300,RETRIEVE_MORE,0.5,ESCALATE,RETRIEVE_MORE,REPLAN,ESCALATE,RETRIEVE_MORE,RETRIEVE_MORE,RETRIEVE_MORE,RETRIEVE_MORE,RETRIEVE_MORE,RETRIEVE_MORE,RETRIEVE_MORE,RETRIEVE_MORE,RETRIEVE_MORE
11,LOCAL_REPAIR,0.83,LOCAL_REPAIR,LOCAL_REPAIR,LOCAL_REPAIR,LOCAL_REPAIR,REPLAN,LOCAL_REPAIR,REPLAN,REPLAN,RETRY,RETRY,REPLAN,RETRY,REPLAN
519,RETRY,0.5,RETRY,RETRY,REPLAN,REPLAN,RETRY,REPLAN,RETRY,RETRY,RETRIEVE_MORE,RETRIEVE_MORE,RETRY,RETRIEVE_MORE,RETRY
539,RETRIEVE_MORE,1.0,RETRIEVE_MORE,RETRIEVE_MORE,RETRIEVE_MORE,RETRIEVE_MORE,RETRIEVE_MORE,RETRIEVE_MORE,RETRIEVE_MORE,RETRIEVE_MORE,RETRIEVE_MORE,RETRIEVE_MORE,RETRIEVE_MORE,RETRIEVE_MORE,RETRIEVE_MORE
487,TOOL_FIX,1.0,TOOL_FIX,TOOL_FIX,TOOL_FIX,TOOL_FIX,TOOL_FIX,TOOL_FIX,TOOL_FIX,TOOL_FIX,RETRY,RETRY,TOOL_FIX,RETRY,TOOL_FIX
385,REPLAN,0.83,REPLAN,REPLAN,REPLAN,REPLAN,RETRIEVE_MORE,REPLAN,RETRIEVE_MORE,RETRIEVE_MORE,RETRIEVE_MORE,RETRIEVE_MORE,RETRIEVE_MORE,RETRIEVE_MORE,RETRIEVE_MORE
303,RETRIEVE_MORE,1.0,RETRIEVE_MORE,RETRIEVE_MORE,RETRIEVE_MORE,RETRIEVE_MORE,RETRIEVE_MORE,RETRIEVE_MORE,RETRIEVE_MORE,RETRIEVE_MORE,RETRIEVE_MORE,RETRIEVE_MORE,RETRIEVE_MORE,RETRIEVE_MORE,RETRIEVE_MORE
355,REPLAN,0.67,REPLAN,RETRIEVE_MORE,REPLAN,REPLAN,RETRIEVE_MORE,REPLAN,TOOL_FIX,TOOL_FIX,RETRIEVE_MORE,RETRIEVE_MORE,TOOL_FIX,RETRIEVE_MORE,TOOL_FIX
17,REPLAN,0.83,REPLAN,REPLAN,REPLAN,REPLAN,LOCAL_REPAIR,REPLAN,REPLAN,REPLAN,REPLAN,RETRY,REPLAN,REPLAN,REPLAN
636,REPLAN,1.0,REPLAN,REPLAN,REPLAN,REPLAN,REPLAN,REPLAN,RETRIEVE_MORE,REPLAN,RETRIEVE_MORE,RETRIEVE_MORE,RETRIEVE_MORE,RETRIEVE_MORE,RETRIEVE_MORE
626,RETRIEVE_MORE,1.0,RETRIEVE_MORE,RETRIEVE_MORE,RETRIEVE_MORE,RETRIEVE_MORE,RETRIEVE_MORE,RETRIEVE_MORE,RETRIEVE_MORE,RETRIEVE_MORE,RETRIEVE_MORE,RETRIEVE_MORE,RETRIEVE_MORE,RETRIEVE_MORE,RETRIEVE_MORE
368,RETRIEVE_MORE,1.0,RETRIEVE_MORE,RETRIEVE_MORE,RETRIEVE_MORE,RETRIEVE_MORE,RETRIEVE_MORE,RETRIEVE_MORE,RETRIEVE_MORE,RETRIEVE_MORE,RETRIEVE_MORE,RETRIEVE_MORE,RETRIEVE_MORE,RETRIEVE_MORE,RETRIEVE_MORE
403,RETRIEVE_MORE,1.0,RETRIEVE_MORE,RETRIEVE_MORE,RETRIEVE_MORE,RETRIEVE_MORE,RETRIEVE_MORE,RETRIEVE_MORE,RETRIEVE_MORE,RETRIEVE_MORE,RETRIEVE_MORE,RETRIEVE_MORE,RETRIEVE_MORE,RETRIEVE_MORE,RETRIEVE_MORE
382,RETRY,0.5,REPLAN,RETRY,REPLAN,RETRY,RETRIEVE_MORE,RETRY,RETRIEVE_MORE,RETRIEVE_MORE,RETRIEVE_MORE,RETRIEVE_MORE,RETRIEVE_MORE,RETRIEVE_MORE,RETRIEVE_MORE
513,RETRIEVE_MORE,0.83,RETRIEVE_MORE,RETRIEVE_MORE,RETRIEVE_MORE,RETRIEVE_MORE,TOOL_FIX,RETRIEVE_MORE,TOOL_FIX,TOOL_FIX,RETRIEVE_MORE,TOOL_FIX,TOOL_FIX,RETRIEVE_MORE,TOOL_FIX
245,TOOL_FIX,1.0,TOOL_FIX,TOOL_FIX,TOOL_FIX,TOOL_FIX,TOOL_FIX,TOOL_FIX,REPLAN,REPLAN,REPLAN,REPLAN,REPLAN,REPLAN,REPLAN
44,TOOL_FIX,1.0,TOOL_FIX,TOOL_FIX,TOOL_FIX,TOOL_FIX,TOOL_FIX,TOOL_FIX,TOOL_FIX,REPLAN,REPLAN,REPLAN,TOOL_FIX,REPLAN,REPLAN
321,RETRIEVE_MORE,1.0,RETRIEVE_MORE,RETRIEVE_MORE,RETRIEVE_MORE,RETRIEVE_MORE,RETRIEVE_MORE,RETRIEVE_MORE,RETRIEVE_MORE,RETRIEVE_MORE,RETRIEVE_MORE,RETRIEVE_MORE,RETRIEVE_MORE,RETRIEVE_MORE,RETRIEVE_MORE
10,REPLAN,0.67,REPLAN,REPLAN,REPLAN,RETRY,REPLAN,RETRY,REPLAN,REPLAN,REPLAN,REPLAN,REPLAN,REPLAN,REPLAN
191,TOOL_FIX,1.0,TOOL_FIX,TOOL_FIX,TOOL_FIX,TOOL_FIX,TOOL_FIX,TOOL_FIX,REPLAN,REPLAN,REPLAN,TOOL_FIX,REPLAN,REPLAN,REPLAN
286,RETRIEVE_MORE,0.67,REPLAN,REPLAN,RETRIEVE_MORE,RETRIEVE_MORE,RETRIEVE_MORE,RETRIEVE_MORE,RETRIEVE_MORE,RETRIEVE_MORE,RETRIEVE_MORE,RETRIEVE_MORE,RETRIEVE_MORE,RETRIEVE_MORE,RETRIEVE_MORE
400,RETRIEVE_MORE,1.0,RETRIEVE_MORE,RETRIEVE_MORE,RETRIEVE_MORE,RETRIEVE_MORE,RETRIEVE_MORE,RETRIEVE_MORE,RETRIEVE_MORE,RETRIEVE_MORE,RETRIEVE_MORE,RETRIEVE_MORE,RETRIEVE_MORE,RETRIEVE_MORE,RETRIEVE_MORE
572,REPLAN,0.83,REPLAN,REPLAN,RETRY,REPLAN,REPLAN,REPLAN,RETRIEVE_MORE,RETRIEVE_MORE,RETRIEVE_MORE,RETRIEVE_MORE,RETRIEVE_MORE,RETRIEVE_MORE,RETRIEVE_MORE
417,REPLAN,1.0,REPLAN,REPLAN,REPLAN,REPLAN,REPLAN,REPLAN,RETRIEVE_MORE,RETRIEVE_MORE,RETRIEVE_MORE,RETRIEVE_MORE,RETRIEVE_MORE,RETRIEVE_MORE,RETRIEVE_MORE
508,RETRIEVE_MORE,0.83,RETRIEVE_MORE,RETRIEVE_MORE,RETRIEVE_MORE,RETRIEVE_MORE,TOOL_FIX,RETRIEVE_MORE,TOOL_FIX,TOOL_FIX,RETRIEVE_MORE,RETRIEVE_MORE,TOOL_FIX,RETRIEVE_MORE,TOOL_FIX
94,REPLAN,1.0,REPLAN,REPLAN,REPLAN,REPLAN,REPLAN,REPLAN,REPLAN,REPLAN,REPLAN,REPLAN,REPLAN,REPLAN,REPLAN
471,TOOL_FIX,1.0,TOOL_FIX,TOOL_FIX,TOOL_FIX,TOOL_FIX,TOOL_FIX,TOOL_FIX,TOOL_FIX,TOOL_FIX,RETRIEVE_MORE,RETRIEVE_MORE,TOOL_FIX,RETRIEVE_MORE,TOOL_FIX
343,RETRIEVE_MORE,1.0,RETRIEVE_MORE,RETRIEVE_MORE,RETRIEVE_MORE,RETRIEVE_MORE,RETRIEVE_MORE,RETRIEVE_MORE,RETRIEVE_MORE,RETRIEVE_MORE,RETRIEVE_MORE,RETRIEVE_MORE,RETRIEVE_MORE,RETRIEVE_MORE,RETRIEVE_MORE
312,RETRIEVE_MORE,1.0,RETRIEVE_MORE,RETRIEVE_MORE,RETRIEVE_MORE,RETRIEVE_MORE,RETRIEVE_MORE,RETRIEVE_MORE,RETRIEVE_MORE,RETRIEVE_MORE,RETRIEVE_MORE,RETRIEVE_MORE,RETRIEVE_MORE,RETRIEVE_MORE,RETRIEVE_MORE
239,TOOL_FIX,1.0,TOOL_FIX,TOOL_FIX,TOOL_FIX,TOOL_FIX,TOOL_FIX,TOOL_FIX,TOOL_FIX,TOOL_FIX,REPLAN,REPLAN,TOOL_FIX,REPLAN,TOOL_FIX
437,RETRIEVE_MORE,1.0,RETRIEVE_MORE,RETRIEVE_MORE,RETRIEVE_MORE,RETRIEVE_MORE,RETRIEVE_MORE,RETRIEVE_MORE,REPLAN,RETRIEVE_MORE,RETRIEVE_MORE,RETRIEVE_MORE,REPLAN,RETRIEVE_MORE,RETRIEVE_MORE
563,RETRIEVE_MORE,1.0,RETRIEVE_MORE,RETRIEVE_MORE,RETRIEVE_MORE,RETRIEVE_MORE,RETRIEVE_MORE,RETRIEVE_MORE,RETRIEVE_MORE,RETRIEVE_MORE,RETRIEVE_MORE,RETRIEVE_MORE,RETRIEVE_MORE,RETRIEVE_MORE,RETRIEVE_MORE
433,RETRIEVE_MORE,1.0,RETRIEVE_MORE,RETRIEVE_MORE,RETRIEVE_MORE,RETRIEVE_MORE,RETRIEVE_MORE,RETRIEVE_MORE,RETRIEVE_MORE,RETRIEVE_MORE,RETRIEVE_MORE,RETRIEVE_MORE,RETRIEVE_MORE,RETRIEVE_MORE,RETRIEVE_MORE
172,TOOL_FIX,1.0,TOOL_FIX,TOOL_FIX,TOOL_FIX,TOOL_FIX,TOOL_FIX,TOOL_FIX,REPLAN,REPLAN,REPLAN,REPLAN,REPLAN,REPLAN,REPLAN
468,RETRIEVE_MORE,0.83,RETRIEVE_MORE,RETRIEVE_MORE,RETRIEVE_MORE,RETRIEVE_MORE,TOOL_FIX,RETRIEVE_MORE,RETRIEVE_MORE,TOOL_FIX,RETRIEVE_MORE,RETRY,RETRIEVE_MORE,RETRIEVE_MORE,RETRIEVE_MORE
296,RETRIEVE_MORE,1.0,RETRIEVE_MORE,RETRIEVE_MORE,RETRIEVE_MORE,RETRIEVE_MORE,RETRIEVE_MORE,RETRIEVE_MORE,RETRIEVE_MORE,RETRIEVE_MORE,RETRIEVE_MORE,RETRIEVE_MORE,RETRIEVE_MORE,RETRIEVE_MORE,RETRIEVE_MORE
164,REPLAN,0.5,REPLAN,RETRY,REPLAN,REPLAN,RETRY,RETRY,REPLAN,REPLAN,REPLAN,REPLAN,REPLAN,REPLAN,REPLAN
253,REPLAN,0.83,LOCAL_REPAIR,REPLAN,REPLAN,REPLAN,REPLAN,REPLAN,RETRY,REPLAN,REPLAN,REPLAN,RETRY,REPLAN,REPLAN
446,REPLAN,0.83,REPLAN,REPLAN,REPLAN,REPLAN,RETRIEVE_MORE,REPLAN,RETRIEVE_MORE,RETRIEVE_MORE,RETRIEVE_MORE,RETRIEVE_MORE,RETRIEVE_MORE,RETRIEVE_MORE,RETRIEVE_MORE
526,RETRIEVE_MORE,1.0,RETRIEVE_MORE,RETRIEVE_MORE,RETRIEVE_MORE,RETRIEVE_MORE,RETRIEVE_MORE,RETRIEVE_MORE,TOOL_FIX,RETRIEVE_MORE,RETRIEVE_MORE,RETRIEVE_MORE,TOOL_FIX,RETRIEVE_MORE,RETRIEVE_MORE
391,REPLAN,1.0,REPLAN,REPLAN,REPLAN,REPLAN,REPLAN,REPLAN,RETRIEVE_MORE,RETRIEVE_MORE,RETRIEVE_MORE,RETRIEVE_MORE,RETRIEVE_MORE,RETRIEVE_MORE,RETRIEVE_MORE
120,TOOL_FIX,0.83,TOOL_FIX,TOOL_FIX,TOOL_FIX,TOOL_FIX,REPLAN,TOOL_FIX,REPLAN,REPLAN,REPLAN,REPLAN,REPLAN,REPLAN,REPLAN
339,REPLAN,0.83,REPLAN,REPLAN,REPLAN,REPLAN,RETRIEVE_MORE,REPLAN,RETRIEVE_MORE,RETRIEVE_MORE,RETRIEVE_MORE,RETRIEVE_MORE,RETRIEVE_MORE,RETRIEVE_MORE,RETRIEVE_MORE
13,REPLAN,0.83,REPLAN,REPLAN,REPLAN,REPLAN,RETRY,REPLAN,REPLAN,REPLAN,RETRY,RETRY,REPLAN,RETRY,REPLAN
580,REPLAN,1.0,REPLAN,REPLAN,REPLAN,REPLAN,REPLAN,REPLAN,RETRIEVE_MORE,RETRIEVE_MORE,REPLAN,REPLAN,RETRIEVE_MORE,REPLAN,RETRIEVE_MORE
48,TOOL_FIX,1.0,TOOL_FIX,TOOL_FIX,TOOL_FIX,TOOL_FIX,TOOL_FIX,TOOL_FIX,TOOL_FIX,RETRY,TOOL_FIX,TOOL_FIX,TOOL_FIX,TOOL_FIX,TOOL_FIX
616,RETRIEVE_MORE,1.0,RETRIEVE_MORE,RETRIEVE_MORE,RETRIEVE_MORE,RETRIEVE_MORE,RETRIEVE_MORE,RETRIEVE_MORE,RETRIEVE_MORE,RETRIEVE_MORE,RETRIEVE_MORE,RETRIEVE_MORE,RETRIEVE_MORE,RETRIEVE_MORE,RETRIEVE_MORE
476,TOOL_FIX,1.0,TOOL_FIX,TOOL_FIX,TOOL_FIX,TOOL_FIX,TOOL_FIX,TOOL_FIX,TOOL_FIX,TOOL_FIX,RETRIEVE_MORE,RETRIEVE_MORE,TOOL_FIX,RETRIEVE_MORE,TOOL_FIX
371,RETRIEVE_MORE,1.0,RETRIEVE_MORE,RETRIEVE_MORE,RETRIEVE_MORE,RETRIEVE_MORE,RETRIEVE_MORE,RETRIEVE_MORE,RETRIEVE_MORE,RETRIEVE_MORE,RETRIEVE_MORE,RETRIEVE_MORE,RETRIEVE_MORE,RETRIEVE_MORE,RETRIEVE_MORE
102,REPLAN,1.0,REPLAN,REPLAN,REPLAN,REPLAN,REPLAN,REPLAN,RETRY,REPLAN,REPLAN,REPLAN,RETRY,REPLAN,REPLAN
56,REPLAN,0.83,REPLAN,REPLAN,REPLAN,RETRY,REPLAN,REPLAN,REPLAN,REPLAN,REPLAN,REPLAN,REPLAN,REPLAN,REPLAN
222,TOOL_FIX,1.0,TOOL_FIX,TOOL_FIX,TOOL_FIX,TOOL_FIX,TOOL_FIX,TOOL_FIX,RETRY,RETRY,TOOL_FIX,TOOL_FIX,RETRY,TOOL_FIX,RETRY
293,RETRY,1.0,RETRY,RETRY,RETRY,RETRY,RETRY,RETRY,RETRIEVE_MORE,RETRIEVE_MORE,RETRY,RETRY,RETRIEVE_MORE,RETRY,RETRIEVE_MORE
373,REPLAN,0.5,REPLAN,RETRIEVE_MORE,RETRIEVE_MORE,REPLAN,RETRIEVE_MORE,REPLAN,RETRIEVE_MORE,RETRIEVE_MORE,RETRIEVE_MORE,RETRIEVE_MORE,RETRIEVE_MORE,RETRIEVE_MORE,RETRIEVE_MORE
151,REPLAN,1.0,REPLAN,REPLAN,REPLAN,REPLAN,REPLAN,REPLAN,RETRY,REPLAN,REPLAN,REPLAN,RETRY,REPLAN,REPLAN
554,REPLAN,1.0,REPLAN,REPLAN,REPLAN,REPLAN,REPLAN,REPLAN,REPLAN,RETRIEVE_MORE,REPLAN,REPLAN,REPLAN,REPLAN,REPLAN
412,RETRIEVE_MORE,1.0,RETRIEVE_MORE,RETRIEVE_MORE,RETRIEVE_MORE,RETRIEVE_MORE,RETRIEVE_MORE,RETRIEVE_MORE,RETRIEVE_MORE,RETRIEVE_MORE,RETRIEVE_MORE,RETRIEVE_MORE,RETRIEVE_MORE,RETRIEVE_MORE,RETRIEVE_MORE
494,TOOL_FIX,0.83,TOOL_FIX,TOOL_FIX,TOOL_FIX,RETRIEVE_MORE,TOOL_FIX,TOOL_FIX,TOOL_FIX,TOOL_FIX,RETRIEVE_MORE,RETRIEVE_MORE,TOOL_FIX,RETRIEVE_MORE,TOOL_FIX
467,RETRIEVE_MORE,0.83,RETRIEVE_MORE,RETRIEVE_MORE,RETRIEVE_MORE,RETRIEVE_MORE,TOOL_FIX,RETRIEVE_MORE,TOOL_FIX,TOOL_FIX,RETRIEVE_MORE,RETRIEVE_MORE,TOOL_FIX,RETRIEVE_MORE,TOOL_FIX
352,RETRIEVE_MORE,1.0,RETRIEVE_MORE,RETRIEVE_MORE,RETRIEVE_MORE,RETRIEVE_MORE,RETRIEVE_MORE,RETRIEVE_MORE,RETRIEVE_MORE,RETRIEVE_MORE,RETRIEVE_MORE,RETRIEVE_MORE,RETRIEVE_MORE,RETRIEVE_MORE,RETRIEVE_MORE
454,RETRIEVE_MORE,0.67,RETRIEVE_MORE,RETRIEVE_MORE,RETRIEVE_MORE,TOOL_FIX,TOOL_FIX,RETRIEVE_MORE,RETRIEVE_MORE,TOOL_FIX,RETRIEVE_MORE,RETRIEVE_MORE,RETRIEVE_MORE,RETRIEVE_MORE,RETRIEVE_MORE
198,REPLAN,1.0,REPLAN,REPLAN,REPLAN,REPLAN,REPLAN,REPLAN,RETRY,REPLAN,REPLAN,REPLAN,RETRY,REPLAN,REPLAN
493,TOOL_FIX,1.0,TOOL_FIX,TOOL_FIX,TOOL_FIX,TOOL_FIX,TOOL_FIX,TOOL_FIX,TOOL_FIX,TOOL_FIX,RETRY,RETRIEVE_MORE,TOOL_FIX,RETRY,TOOL_FIX
457,RETRIEVE_MORE,1.0,RETRIEVE_MORE,RETRIEVE_MORE,RETRIEVE_MORE,RETRIEVE_MORE,RETRIEVE_MORE,RETRIEVE_MORE,RETRIEVE_MORE,RETRIEVE_MORE,RETRIEVE_MORE,RETRIEVE_MORE,RETRIEVE_MORE,RETRIEVE_MORE,RETRIEVE_MORE
47,REPLAN,0.67,TOOL_FIX,REPLAN,TOOL_FIX,REPLAN,REPLAN,REPLAN,REPLAN,TOOL_FIX,TOOL_FIX,TOOL_FIX,REPLAN,TOOL_FIX,TOOL_FIX
525,REPLAN,0.83,REPLAN,REPLAN,REPLAN,REPLAN,RETRIEVE_MORE,REPLAN,REPLAN,REPLAN,REPLAN,REPLAN,REPLAN,REPLAN,REPLAN
624,REPLAN,1.0,REPLAN,REPLAN,REPLAN,REPLAN,REPLAN,REPLAN,TOOL_FIX,RETRIEVE_MORE,RETRIEVE_MORE,RETRIEVE_MORE,TOOL_FIX,RETRIEVE_MORE,RETRIEVE_MORE
381,REPLAN,1.0,REPLAN,REPLAN,REPLAN,REPLAN,REPLAN,REPLAN,RETRIEVE_MORE,RETRIEVE_MORE,RETRIEVE_MORE,RETRIEVE_MORE,RETRIEVE_MORE,RETRIEVE_MORE,RETRIEVE_MORE
18,REPLAN,0.83,REPLAN,REPLAN,REPLAN,REPLAN,ESCALATE,REPLAN,ESCALATE,ESCALATE,REPLAN,REPLAN,ESCALATE,REPLAN,ESCALATE
383,RETRIEVE_MORE,1.0,RETRIEVE_MORE,RETRIEVE_MORE,RETRIEVE_MORE,RETRIEVE_MORE,RETRIEVE_MORE,RETRIEVE_MORE,RETRIEVE_MORE,TOOL_FIX,RETRIEVE_MORE,RETRIEVE_MORE,RETRIEVE_MORE,RETRIEVE_MORE,RETRIEVE_MORE
168,REPLAN,1.0,REPLAN,REPLAN,REPLAN,REPLAN,REPLAN,REPLAN,RETRY,REPLAN,REPLAN,REPLAN,RETRY,REPLAN,REPLAN
524,REPLAN,0.83,REPLAN,REPLAN,REPLAN,REPLAN,RETRIEVE_MORE,REPLAN,RETRIEVE_MORE,RETRIEVE_MORE,RETRIEVE_MORE,RETRIEVE_MORE,RETRIEVE_MORE,RETRIEVE_MORE,RETRIEVE_MORE
236,TOOL_FIX,1.0,TOOL_FIX,TOOL_FIX,TOOL_FIX,TOOL_FIX,TOOL_FIX,TOOL_FIX,TOOL_FIX,TOOL_FIX,TOOL_FIX,TOOL_FIX,TOOL_FIX,TOOL_FIX,TOOL_FIX
308,RETRIEVE_MORE,1.0,RETRIEVE_MORE,RETRIEVE_MORE,RETRIEVE_MORE,RETRIEVE_MORE,RETRIEVE_MORE,RETRIEVE_MORE,RETRIEVE_MORE,RETRIEVE_MORE,RETRIEVE_MORE,RETRIEVE_MORE,RETRIEVE_MORE,RETRIEVE_MORE,RETRIEVE_MORE
73,REPLAN,1.0,REPLAN,REPLAN,REPLAN,REPLAN,REPLAN,REPLAN,REPLAN,ESCALATE,REPLAN,REPLAN,REPLAN,REPLAN,REPLAN
71,REPLAN,1.0,REPLAN,REPLAN,REPLAN,REPLAN,REPLAN,REPLAN,REPLAN,REPLAN,REPLAN,REPLAN,REPLAN,REPLAN,REPLAN
489,TOOL_FIX,1.0,TOOL_FIX,TOOL_FIX,TOOL_FIX,TOOL_FIX,TOOL_FIX,TOOL_FIX,TOOL_FIX,RETRIEVE_MORE,RETRY,RETRY,TOOL_FIX,RETRY,RETRY
139,REPLAN,1.0,REPLAN,REPLAN,REPLAN,REPLAN,REPLAN,REPLAN,REPLAN,RETRY,REPLAN,REPLAN,REPLAN,REPLAN,REPLAN
235,LOCAL_REPAIR,1.0,LOCAL_REPAIR,LOCAL_REPAIR,LOCAL_REPAIR,LOCAL_REPAIR,LOCAL_REPAIR,LOCAL_REPAIR,REPLAN,REPLAN,REPLAN,REPLAN,REPLAN,REPLAN,REPLAN
291,REPLAN,0.83,REPLAN,REPLAN,REPLAN,REPLAN,RETRIEVE_MORE,REPLAN,RETRIEVE_MORE,RETRIEVE_MORE,RETRIEVE_MORE,RETRIEVE_MORE,RETRIEVE_MORE,RETRIEVE_MORE,RETRIEVE_MORE
166,REPLAN,0.67,LOCAL_REPAIR,REPLAN,REPLAN,REPLAN,RETRY,REPLAN,RETRY,RETRY,REPLAN,REPLAN,RETRY,REPLAN,RETRY
186,TOOL_FIX,1.0,TOOL_FIX,TOOL_FIX,TOOL_FIX,TOOL_FIX,TOOL_FIX,TOOL_FIX,REPLAN,REPLAN,TOOL_FIX,TOOL_FIX,REPLAN,TOOL_FIX,REPLAN
545,RETRY,0.5,RETRY,RETRY,REPLAN,RETRY,ESCALATE,ESCALATE,ESCALATE,ESCALATE,ESCALATE,ESCALATE,ESCALATE,ESCALATE,ESCALATE
103,REPLAN,0.83,REPLAN,REPLAN,REPLAN,REPLAN,RETRY,REPLAN,RETRY,RETRY,REPLAN,REPLAN,RETRY,REPLAN,RETRY
323,RETRIEVE_MORE,1.0,RETRIEVE_MORE,RETRIEVE_MORE,RETRIEVE_MORE,RETRIEVE_MORE,RETRIEVE_MORE,RETRIEVE_MORE,RETRIEVE_MORE,RETRIEVE_MORE,RETRIEVE_MORE,RETRIEVE_MORE,RETRIEVE_MORE,RETRIEVE_MORE,RETRIEVE_MORE
46,REPLAN,1.0,REPLAN,REPLAN,REPLAN,REPLAN,REPLAN,REPLAN,REPLAN,REPLAN,REPLAN,REPLAN,REPLAN,REPLAN,REPLAN
336,RETRIEVE_MORE,1.0,RETRIEVE_MORE,RETRIEVE_MORE,RETRIEVE_MORE,RETRIEVE_MORE,RETRIEVE_MORE,RETRIEVE_MORE,RETRIEVE_MORE,RETRIEVE_MORE,RETRIEVE_MORE,RETRIEVE_MORE,RETRIEVE_MORE,RETRIEVE_MORE,RETRIEVE_MORE
138,REPLAN,1.0,REPLAN,REPLAN,REPLAN,REPLAN,REPLAN,REPLAN,REPLAN,TOOL_FIX,REPLAN,REPLAN,REPLAN,REPLAN,REPLAN
282,REPLAN,1.0,REPLAN,REPLAN,REPLAN,REPLAN,REPLAN,REPLAN,REPLAN,REPLAN,REPLAN,REPLAN,REPLAN,REPLAN,REPLAN
64,REPLAN,0.83,REPLAN,TOOL_FIX,REPLAN,REPLAN,REPLAN,REPLAN,REPLAN,REPLAN,REPLAN,REPLAN,REPLAN,REPLAN,REPLAN
210,REPLAN,1.0,REPLAN,REPLAN,REPLAN,REPLAN,REPLAN,REPLAN,RETRY,RETRY,REPLAN,REPLAN,RETRY,REPLAN,RETRY
453,RETRIEVE_MORE,1.0,RETRIEVE_MORE,RETRIEVE_MORE,RETRIEVE_MORE,RETRIEVE_MORE,RETRIEVE_MORE,RETRIEVE_MORE,RETRIEVE_MORE,RETRIEVE_MORE,RETRIEVE_MORE,RETRIEVE_MORE,RETRIEVE_MORE,RETRIEVE_MORE,RETRIEVE_MORE
595,RETRIEVE_MORE,0.83,RETRIEVE_MORE,RETRIEVE_MORE,RETRIEVE_MORE,RETRIEVE_MORE,REPLAN,RETRIEVE_MORE,RETRIEVE_MORE,RETRIEVE_MORE,REPLAN,RETRIEVE_MORE,RETRIEVE_MORE,REPLAN,RETRIEVE_MORE
398,RETRIEVE_MORE,1.0,RETRIEVE_MORE,RETRIEVE_MORE,RETRIEVE_MORE,RETRIEVE_MORE,RETRIEVE_MORE,RETRIEVE_MORE,RETRIEVE_MORE,RETRIEVE_MORE,RETRIEVE_MORE,RETRIEVE_MORE,RETRIEVE_MORE,RETRIEVE_MORE,RETRIEVE_MORE
40,REPLAN,1.0,REPLAN,REPLAN,REPLAN,REPLAN,REPLAN,REPLAN,REPLAN,REPLAN,REPLAN,REPLAN,REPLAN,REPLAN,REPLAN
326,RETRIEVE_MORE,1.0,RETRIEVE_MORE,RETRIEVE_MORE,RETRIEVE_MORE,RETRIEVE_MORE,RETRIEVE_MORE,RETRIEVE_MORE,RETRIEVE_MORE,RETRIEVE_MORE,RETRIEVE_MORE,RETRIEVE_MORE,RETRIEVE_MORE,RETRIEVE_MORE,RETRIEVE_MORE
260,REPLAN,1.0,REPLAN,REPLAN,REPLAN,REPLAN,REPLAN,REPLAN,REPLAN,REPLAN,REPLAN,REPLAN,REPLAN,REPLAN,REPLAN
394,REPLAN,0.67,REPLAN,REPLAN,REPLAN,RETRY,RETRIEVE_MORE,REPLAN,RETRIEVE_MORE,RETRIEVE_MORE,RETRY,RETRIEVE_MORE,RETRIEVE_MORE,RETRY,RETRIEVE_MORE
603,RETRY,0.83,RETRY,RETRY,RETRY,RETRY,REPLAN,RETRY,REPLAN,RETRIEVE_MORE,RETRY,RETRY,REPLAN,RETRY,RETRY
305,RETRIEVE_MORE,1.0,RETRIEVE_MORE,RETRIEVE_MORE,RETRIEVE_MORE,RETRIEVE_MORE,RETRIEVE_MORE,RETRIEVE_MORE,RETRIEVE_MORE,RETRIEVE_MORE,RETRIEVE_MORE,RETRIEVE_MORE,RETRIEVE_MORE,RETRIEVE_MORE,RETRIEVE_MORE
406,RETRIEVE_MORE,1.0,RETRIEVE_MORE,RETRIEVE_MORE,RETRIEVE_MORE,RETRIEVE_MORE,RETRIEVE_MORE,RETRIEVE_MORE,RETRIEVE_MORE,RETRIEVE_MORE,RETRIEVE_MORE,RETRIEVE_MORE,RETRIEVE_MORE,RETRIEVE_MORE,RETRIEVE_MORE
411,REPLAN,0.83,REPLAN,REPLAN,REPLAN,REPLAN,RETRIEVE_MORE,REPLAN,RETRIEVE_MORE,RETRIEVE_MORE,RETRIEVE_MORE,RETRIEVE_MORE,RETRIEVE_MORE,RETRIEVE_MORE,RETRIEVE_MORE
81,TOOL_FIX,0.83,TOOL_FIX,REPLAN,TOOL_FIX,TOOL_FIX,TOOL_FIX,TOOL_FIX,TOOL_FIX,TOOL_FIX,TOOL_FIX,TOOL_FIX,TOOL_FIX,TOOL_FIX,TOOL_FIX
131,REPLAN,0.67,REPLAN,REPLAN,REPLAN,RETRY,REPLAN,RETRY,RETRY,REPLAN,REPLAN,REPLAN,RETRY,REPLAN,REPLAN
405,REPLAN,0.83,REPLAN,REPLAN,REPLAN,REPLAN,RETRIEVE_MORE,REPLAN,RETRIEVE_MORE,RETRIEVE_MORE,RETRIEVE_MORE,RETRIEVE_MORE,RETRIEVE_MORE,RETRIEVE_MORE,RETRIEVE_MORE
444,RETRIEVE_MORE,1.0,RETRIEVE_MORE,RETRIEVE_MORE,RETRIEVE_MORE,RETRIEVE_MORE,RETRIEVE_MORE,RETRIEVE_MORE,RETRIEVE_MORE,RETRIEVE_MORE,RETRIEVE_MORE,RETRIEVE_MORE,RETRIEVE_MORE,RETRIEVE_MORE,RETRIEVE_MORE
66,RETRY,0.5,RETRY,REPLAN,REPLAN,REPLAN,RETRY,RETRY,RETRY,RETRY,REPLAN,REPLAN,RETRY,REPLAN,RETRY
611,RETRIEVE_MORE,1.0,RETRIEVE_MORE,RETRIEVE_MORE,RETRIEVE_MORE,RETRIEVE_MORE,RETRIEVE_MORE,RETRIEVE_MORE,RETRIEVE_MORE,RETRIEVE_MORE,RETRIEVE_MORE,RETRIEVE_MORE,RETRIEVE_MORE,RETRIEVE_MORE,RETRIEVE_MORE
435,RETRIEVE_MORE,1.0,RETRIEVE_MORE,RETRIEVE_MORE,RETRIEVE_MORE,RETRIEVE_MORE,RETRIEVE_MORE,RETRIEVE_MORE,TOOL_FIX,RETRIEVE_MORE,RETRIEVE_MORE,RETRIEVE_MORE,TOOL_FIX,RETRIEVE_MORE,RETRIEVE_MORE
425,RETRIEVE_MORE,1.0,RETRIEVE_MORE,RETRIEVE_MORE,RETRIEVE_MORE,RETRIEVE_MORE,RETRIEVE_MORE,RETRIEVE_MORE,TOOL_FIX,RETRIEVE_MORE,RETRY,RETRY,TOOL_FIX,RETRY,RETRY
565,REPLAN,1.0,REPLAN,REPLAN,REPLAN,REPLAN,REPLAN,REPLAN,RETRIEVE_MORE,REPLAN,RETRIEVE_MORE,RETRIEVE_MORE,RETRIEVE_MORE,RETRIEVE_MORE,RETRIEVE_MORE
126,REPLAN,1.0,REPLAN,REPLAN,REPLAN,REPLAN,REPLAN,REPLAN,REPLAN,REPLAN,REPLAN,REPLAN,REPLAN,REPLAN,REPLAN
261,REPLAN,1.0,REPLAN,REPLAN,REPLAN,REPLAN,REPLAN,REPLAN,REPLAN,REPLAN,REPLAN,REPLAN,REPLAN,REPLAN,REPLAN
530,RETRIEVE_MORE,1.0,RETRIEVE_MORE,RETRIEVE_MORE,RETRIEVE_MORE,RETRIEVE_MORE,RETRIEVE_MORE,RETRIEVE_MORE,RETRIEVE_MORE,RETRIEVE_MORE,RETRIEVE_MORE,RETRIEVE_MORE,RETRIEVE_MORE,RETRIEVE_MORE,RETRIEVE_MORE
456,RETRY,0.67,RETRY,REPLAN,REPLAN,RETRY,RETRY,RETRY,RETRIEVE_MORE,RETRIEVE_MORE,RETRIEVE_MORE,RETRIEVE_MORE,RETRIEVE_MORE,RETRIEVE_MORE,RETRIEVE_MORE
430,RETRIEVE_MORE,1.0,RETRIEVE_MORE,RETRIEVE_MORE,RETRIEVE_MORE,RETRIEVE_MORE,RETRIEVE_MORE,RETRIEVE_MORE,RETRIEVE_MORE,RETRIEVE_MORE,RETRIEVE_MORE,RETRIEVE_MORE,RETRIEVE_MORE,RETRIEVE_MORE,RETRIEVE_MORE
5,REPLAN,0.67,REPLAN,REPLAN,REPLAN,RETRY,REPLAN,RETRY,REPLAN,REPLAN,RETRY,RETRY,REPLAN,RETRY,REPLAN
264,REPLAN,1.0,REPLAN,REPLAN,REPLAN,REPLAN,REPLAN,REPLAN,REPLAN,REPLAN,REPLAN,REPLAN,REPLAN,REPLAN,REPLAN
578,RETRIEVE_MORE,1.0,RETRIEVE_MORE,RETRIEVE_MORE,RETRIEVE_MORE,RETRIEVE_MORE,RETRIEVE_MORE,RETRIEVE_MORE,RETRIEVE_MORE,RETRIEVE_MORE,RETRIEVE_MORE,RETRIEVE_MORE,RETRIEVE_MORE,RETRIEVE_MORE,RETRIEVE_MORE
28,REPLAN,0.67,REPLAN,LOCAL_REPAIR,REPLAN,REPLAN,TOOL_FIX,REPLAN,REPLAN,REPLAN,REPLAN,REPLAN,REPLAN,REPLAN,REPLAN
511,RETRIEVE_MORE,0.83,RETRIEVE_MORE,RETRIEVE_MORE,RETRIEVE_MORE,RETRIEVE_MORE,TOOL_FIX,RETRIEVE_MORE,TOOL_FIX,TOOL_FIX,RETRIEVE_MORE,RETRIEVE_MORE,TOOL_FIX,RETRIEVE_MORE,TOOL_FIX
358,RETRIEVE_MORE,1.0,RETRIEVE_MORE,RETRIEVE_MORE,RETRIEVE_MORE,RETRIEVE_MORE,RETRIEVE_MORE,RETRIEVE_MORE,RETRIEVE_MORE,RETRIEVE_MORE,RETRIEVE_MORE,RETRIEVE_MORE,RETRIEVE_MORE,RETRIEVE_MORE,RETRIEVE_MORE
41,REPLAN,0.5,REPLAN,REPLAN,RETRY,RETRY,TOOL_FIX,REPLAN,RETRY,RETRY,REPLAN,REPLAN,RETRY,REPLAN,RETRY
242,REPLAN,1.0,REPLAN,REPLAN,REPLAN,REPLAN,REPLAN,REPLAN,REPLAN,REPLAN,REPLAN,REPLAN,REPLAN,REPLAN,REPLAN
284,RETRIEVE_MORE,1.0,RETRIEVE_MORE,RETRIEVE_MORE,RETRIEVE_MORE,RETRIEVE_MORE,RETRIEVE_MORE,RETRIEVE_MORE,RETRIEVE_MORE,RETRIEVE_MORE,RETRIEVE_MORE,RETRY,RETRIEVE_MORE,RETRIEVE_MORE,RETRIEVE_MORE
295,REPLAN,1.0,REPLAN,REPLAN,REPLAN,REPLAN,REPLAN,REPLAN,RETRIEVE_MORE,RETRIEVE_MORE,RETRIEVE_MORE,RETRIEVE_MORE,RETRIEVE_MORE,RETRIEVE_MORE,RETRIEVE_MORE
501,RETRIEVE_MORE,0.83,RETRIEVE_MORE,RETRIEVE_MORE,RETRIEVE_MORE,RETRIEVE_MORE,TOOL_FIX,RETRIEVE_MORE,RETRIEVE_MORE,TOOL_FIX,RETRIEVE_MORE,RETRY,RETRIEVE_MORE,RETRIEVE_MORE,RETRIEVE_MORE
144,REPLAN,0.83,LOCAL_REPAIR,REPLAN,REPLAN,REPLAN,REPLAN,REPLAN,REPLAN,REPLAN,REPLAN,REPLAN,REPLAN,REPLAN,REPLAN
266,REPLAN,0.83,LOCAL_REPAIR,REPLAN,REPLAN,REPLAN,REPLAN,REPLAN,RETRY,REPLAN,REPLAN,REPLAN,RETRY,REPLAN,REPLAN
67,REPLAN,1.0,REPLAN,REPLAN,REPLAN,REPLAN,REPLAN,REPLAN,REPLAN,REPLAN,REPLAN,REPLAN,REPLAN,REPLAN,REPLAN
232,REPLAN,1.0,REPLAN,REPLAN,REPLAN,REPLAN,REPLAN,REPLAN,RETRY,TOOL_FIX,REPLAN,REPLAN,RETRY,REPLAN,REPLAN
58,TOOL_FIX,1.0,TOOL_FIX,TOOL_FIX,TOOL_FIX,TOOL_FIX,TOOL_FIX,TOOL_FIX,TOOL_FIX,TOOL_FIX,REPLAN,REPLAN,TOOL_FIX,REPLAN,TOOL_FIX
97,REPLAN,1.0,REPLAN,REPLAN,REPLAN,REPLAN,REPLAN,REPLAN,REPLAN,TOOL_FIX,REPLAN,REPLAN,REPLAN,REPLAN,REPLAN
255,REPLAN,1.0,REPLAN,REPLAN,REPLAN,REPLAN,REPLAN,REPLAN,REPLAN,REPLAN,REPLAN,REPLAN,REPLAN,REPLAN,REPLAN
218,LOCAL_REPAIR,0.83,LOCAL_REPAIR,LOCAL_REPAIR,LOCAL_REPAIR,LOCAL_REPAIR,RETRY,LOCAL_REPAIR,REPLAN,RETRY,REPLAN,REPLAN,REPLAN,REPLAN,REPLAN
341,RETRY,0.83,RETRY,RETRY,REPLAN,RETRY,RETRY,RETRY,RETRY,RETRY,RETRY,RETRY,RETRY,RETRY,RETRY
372,RETRIEVE_MORE,1.0,RETRIEVE_MORE,RETRIEVE_MORE,RETRIEVE_MORE,RETRIEVE_MORE,RETRIEVE_MORE,RETRIEVE_MORE,RETRIEVE_MORE,RETRIEVE_MORE,RETRIEVE_MORE,RETRIEVE_MORE,RETRIEVE_MORE,RETRIEVE_MORE,RETRIEVE_MORE
29,TOOL_FIX,0.67,TOOL_FIX,RETRY,TOOL_FIX,TOOL_FIX,TOOL_FIX,LOCAL_REPAIR,RETRY,TOOL_FIX,TOOL_FIX,REPLAN,RETRY,TOOL_FIX,TOOL_FIX
507,REPLAN,0.83,REPLAN,REPLAN,REPLAN,REPLAN,TOOL_FIX,REPLAN,TOOL_FIX,TOOL_FIX,TOOL_FIX,TOOL_FIX,TOOL_FIX,TOOL_FIX,TOOL_FIX
181,TOOL_FIX,1.0,TOOL_FIX,TOOL_FIX,TOOL_FIX,TOOL_FIX,TOOL_FIX,TOOL_FIX,TOOL_FIX,TOOL_FIX,REPLAN,REPLAN,TOOL_FIX,REPLAN,TOOL_FIX
119,REPLAN,1.0,REPLAN,REPLAN,REPLAN,REPLAN,REPLAN,REPLAN,REPLAN,RETRY,REPLAN,REPLAN,REPLAN,REPLAN,REPLAN
629,RETRIEVE_MORE,0.5,RETRIEVE_MORE,RETRIEVE_MORE,REPLAN,RETRIEVE_MORE,REPLAN,REPLAN,RETRIEVE_MORE,RETRIEVE_MORE,RETRIEVE_MORE,RETRY,RETRIEVE_MORE,RETRIEVE_MORE,RETRIEVE_MORE
49,TOOL_FIX,0.67,REPLAN,TOOL_FIX,REPLAN,TOOL_FIX,TOOL_FIX,TOOL_FIX,REPLAN,REPLAN,REPLAN,REPLAN,REPLAN,REPLAN,REPLAN
484,TOOL_FIX,1.0,TOOL_FIX,TOOL_FIX,TOOL_FIX,TOOL_FIX,TOOL_FIX,TOOL_FIX,TOOL_FIX,TOOL_FIX,TOOL_FIX,RETRIEVE_MORE,TOOL_FIX,TOOL_FIX,TOOL_FIX
585,REPLAN,1.0,REPLAN,REPLAN,REPLAN,REPLAN,REPLAN,REPLAN,RETRIEVE_MORE,RETRIEVE_MORE,RETRIEVE_MORE,RETRIEVE_MORE,RETRIEVE_MORE,RETRIEVE_MORE,RETRIEVE_MORE
576,RETRY,1.0,RETRY,RETRY,RETRY,RETRY,RETRY,RETRY,RETRY,RETRY,RETRY,RETRY,RETRY,RETRY,RETRY
213,LOCAL_REPAIR,0.67,LOCAL_REPAIR,LOCAL_REPAIR,RETRY,LOCAL_REPAIR,REPLAN,LOCAL_REPAIR,REPLAN,REPLAN,REPLAN,REPLAN,REPLAN,REPLAN,REPLAN
550,REPLAN,0.83,REPLAN,REPLAN,REPLAN,REPLAN,RETRIEVE_MORE,REPLAN,RETRIEVE_MORE,RETRIEVE_MORE,RETRIEVE_MORE,RETRIEVE_MORE,RETRIEVE_MORE,RETRIEVE_MORE,RETRIEVE_MORE
79,REPLAN,0.83,REPLAN,TOOL_FIX,REPLAN,REPLAN,REPLAN,REPLAN,REPLAN,REPLAN,REPLAN,REPLAN,REPLAN,REPLAN,REPLAN
575,REPLAN,1.0,REPLAN,REPLAN,REPLAN,REPLAN,REPLAN,REPLAN,RETRIEVE_MORE,RETRIEVE_MORE,RETRIEVE_MORE,RETRIEVE_MORE,RETRIEVE_MORE,RETRIEVE_MORE,RETRIEVE_MORE
206,REPLAN,1.0,REPLAN,REPLAN,REPLAN,REPLAN,REPLAN,REPLAN,RETRY,REPLAN,REPLAN,REPLAN,RETRY,REPLAN,REPLAN
179,REPLAN,0.67,REPLAN,RETRY,REPLAN,RETRY,REPLAN,REPLAN,REPLAN,RETRY,REPLAN,REPLAN,REPLAN,REPLAN,REPLAN
605,RETRIEVE_MORE,0.67,RETRIEVE_MORE,RETRIEVE_MORE,REPLAN,RETRIEVE_MORE,RETRIEVE_MORE,REPLAN,REPLAN,REPLAN,RETRIEVE_MORE,RETRIEVE_MORE,REPLAN,RETRIEVE_MORE,REPLAN
125,REPLAN,0.67,REPLAN,REPLAN,LOCAL_REPAIR,LOCAL_REPAIR,REPLAN,REPLAN,TOOL_FIX,TOOL_FIX,REPLAN,REPLAN,TOOL_FIX,REPLAN,TOOL_FIX
480,TOOL_FIX,1.0,TOOL_FIX,TOOL_FIX,TOOL_FIX,TOOL_FIX,TOOL_FIX,TOOL_FIX,TOOL_FIX,TOOL_FIX,RETRIEVE_MORE,RETRIEVE_MORE,TOOL_FIX,RETRIEVE_MORE,TOOL_FIX
21,REPLAN,1.0,REPLAN,REPLAN,REPLAN,REPLAN,REPLAN,REPLAN,REPLAN,REPLAN,RETRY,RETRY,REPLAN,RETRY,REPLAN
24,REPLAN,0.5,REPLAN,REPLAN,RETRY,RETRY,ESCALATE,REPLAN,REPLAN,REPLAN,REPLAN,REPLAN,REPLAN,REPLAN,REPLAN
31,TOOL_FIX,0.83,TOOL_FIX,TOOL_FIX,TOOL_FIX,LOCAL_REPAIR,TOOL_FIX,TOOL_FIX,TOOL_FIX,TOOL_FIX,REPLAN,REPLAN,TOOL_FIX,REPLAN,TOOL_FIX
174,LOCAL_REPAIR,0.67,LOCAL_REPAIR,TOOL_FIX,LOCAL_REPAIR,LOCAL_REPAIR,RETRY,LOCAL_REPAIR,RETRY,RETRY,REPLAN,REPLAN,RETRY,REPLAN,RETRY
108,REPLAN,1.0,REPLAN,REPLAN,REPLAN,REPLAN,REPLAN,REPLAN,REPLAN,REPLAN,REPLAN,REPLAN,REPLAN,REPLAN,REPLAN
265,TOOL_FIX,1.0,TOOL_FIX,TOOL_FIX,TOOL_FIX,TOOL_FIX,TOOL_FIX,TOOL_FIX,REPLAN,TOOL_FIX,TOOL_FIX,TOOL_FIX,REPLAN,TOOL_FIX,TOOL_FIX
129,REPLAN,0.5,REPLAN,RETRY,REPLAN,RETRY,REPLAN,RETRY,RETRY,REPLAN,REPLAN,REPLAN,RETRY,REPLAN,REPLAN
51,REPLAN,0.5,REPLAN,TOOL_FIX,REPLAN,TOOL_FIX,REPLAN,TOOL_FIX,REPLAN,REPLAN,REPLAN,REPLAN,REPLAN,REPLAN,REPLAN
556,RETRIEVE_MORE,0.83,RETRIEVE_MORE,RETRIEVE_MORE,REPLAN,RETRIEVE_MORE,RETRIEVE_MORE,RETRIEVE_MORE,REPLAN,RETRIEVE_MORE,RETRIEVE_MORE,RETRIEVE_MORE,REPLAN,RETRIEVE_MORE,RETRIEVE_MORE
579,REPLAN,1.0,REPLAN,REPLAN,REPLAN,REPLAN,REPLAN,REPLAN,RETRIEVE_MORE,REPLAN,RETRIEVE_MORE,RETRIEVE_MORE,RETRIEVE_MORE,RETRIEVE_MORE,RETRIEVE_MORE
460,REPLAN,1.0,REPLAN,REPLAN,REPLAN,REPLAN,REPLAN,REPLAN,REPLAN,RETRIEVE_MORE,RETRIEVE_MORE,RETRIEVE_MORE,REPLAN,RETRIEVE_MORE,RETRIEVE_MORE
248,REPLAN,1.0,REPLAN,REPLAN,REPLAN,REPLAN,REPLAN,REPLAN,REPLAN,TOOL_FIX,REPLAN,REPLAN,REPLAN,REPLAN,REPLAN
304,RETRIEVE_MORE,1.0,RETRIEVE_MORE,RETRIEVE_MORE,RETRIEVE_MORE,RETRIEVE_MORE,RETRIEVE_MORE,RETRIEVE_MORE,RETRIEVE_MORE,RETRIEVE_MORE,RETRIEVE_MORE,RETRIEVE_MORE,RETRIEVE_MORE,RETRIEVE_MORE,RETRIEVE_MORE
386,RETRIEVE_MORE,0.5,RETRIEVE_MORE,REPLAN,REPLAN,RETRIEVE_MORE,RETRIEVE_MORE,REPLAN,TOOL_FIX,TOOL_FIX,REPLAN,REPLAN,TOOL_FIX,REPLAN,TOOL_FIX
520,REPLAN,1.0,REPLAN,REPLAN,REPLAN,REPLAN,REPLAN,REPLAN,REPLAN,RETRIEVE_MORE,REPLAN,REPLAN,REPLAN,REPLAN,REPLAN
560,REPLAN,0.83,REPLAN,REPLAN,REPLAN,REPLAN,RETRIEVE_MORE,REPLAN,RETRIEVE_MORE,RETRIEVE_MORE,REPLAN,REPLAN,RETRIEVE_MORE,REPLAN,RETRIEVE_MORE
225,LOCAL_REPAIR,0.5,LOCAL_REPAIR,REPLAN,LOCAL_REPAIR,LOCAL_REPAIR,RETRY,TOOL_FIX,REPLAN,REPLAN,REPLAN,REPLAN,REPLAN,REPLAN,REPLAN
153,TOOL_FIX,0.67,TOOL_FIX,TOOL_FIX,LOCAL_REPAIR,LOCAL_REPAIR,TOOL_FIX,TOOL_FIX,TOOL_FIX,TOOL_FIX,REPLAN,REPLAN,TOOL_FIX,REPLAN,TOOL_FIX
434,RETRIEVE_MORE,1.0,RETRIEVE_MORE,RETRIEVE_MORE,RETRIEVE_MORE,RETRIEVE_MORE,RETRIEVE_MORE,RETRIEVE_MORE,RETRIEVE_MORE,RETRIEVE_MORE,RETRIEVE_MORE,RETRIEVE_MORE,RETRIEVE_MORE,RETRIEVE_MORE,RETRIEVE_MORE
107,REPLAN,1.0,REPLAN,REPLAN,REPLAN,REPLAN,REPLAN,REPLAN,REPLAN,REPLAN,REPLAN,REPLAN,REPLAN,REPLAN,REPLAN
100,TOOL_FIX,1.0,TOOL_FIX,TOOL_FIX,TOOL_FIX,TOOL_FIX,TOOL_FIX,TOOL_FIX,REPLAN,RETRY,TOOL_FIX,TOOL_FIX,REPLAN,TOOL_FIX,TOOL_FIX
292,RETRIEVE_MORE,0.67,RETRIEVE_MORE,RETRY,RETRY,RETRIEVE_MORE,RETRIEVE_MORE,RETRIEVE_MORE,RETRIEVE_MORE,RETRIEVE_MORE,RETRY,RETRY,RETRIEVE_MORE,RETRY,RETRIEVE_MORE
116,REPLAN,1.0,REPLAN,REPLAN,REPLAN,REPLAN,REPLAN,REPLAN,TOOL_FIX,REPLAN,REPLAN,REPLAN,TOOL_FIX,REPLAN,REPLAN
14,REPLAN,1.0,REPLAN,REPLAN,REPLAN,REPLAN,REPLAN,REPLAN,RETRY,REPLAN,REPLAN,REPLAN,RETRY,REPLAN,REPLAN
407,RETRIEVE_MORE,0.83,RETRIEVE_MORE,RETRIEVE_MORE,REPLAN,RETRIEVE_MORE,RETRIEVE_MORE,RETRIEVE_MORE,REPLAN,RETRIEVE_MORE,RETRIEVE_MORE,RETRIEVE_MORE,REPLAN,RETRIEVE_MORE,RETRIEVE_MORE
158,REPLAN,0.83,REPLAN,REPLAN,REPLAN,REPLAN,RETRY,REPLAN,RETRY,RETRY,REPLAN,REPLAN,RETRY,REPLAN,RETRY
619,RETRIEVE_MORE,1.0,RETRIEVE_MORE,RETRIEVE_MORE,RETRIEVE_MORE,RETRIEVE_MORE,RETRIEVE_MORE,RETRIEVE_MORE,RETRIEVE_MORE,RETRIEVE_MORE,RETRIEVE_MORE,RETRIEVE_MORE,RETRIEVE_MORE,RETRIEVE_MORE,RETRIEVE_MORE
197,TOOL_FIX,0.83,TOOL_FIX,TOOL_FIX,TOOL_FIX,LOCAL_REPAIR,TOOL_FIX,TOOL_FIX,TOOL_FIX,TOOL_FIX,TOOL_FIX,TOOL_FIX,TOOL_FIX,TOOL_FIX,TOOL_FIX
517,RETRIEVE_MORE,0.83,RETRIEVE_MORE,RETRIEVE_MORE,RETRIEVE_MORE,RETRIEVE_MORE,TOOL_FIX,RETRIEVE_MORE,RETRIEVE_MORE,RETRIEVE_MORE,RETRIEVE_MORE,RETRIEVE_MORE,RETRIEVE_MORE,RETRIEVE_MORE,RETRIEVE_MORE
115,REPLAN,0.5,TOOL_FIX,REPLAN,REPLAN,TOOL_FIX,RETRY,REPLAN,REPLAN,RETRY,REPLAN,REPLAN,REPLAN,REPLAN,REPLAN
322,RETRIEVE_MORE,1.0,RETRIEVE_MORE,RETRIEVE_MORE,RETRIEVE_MORE,RETRIEVE_MORE,RETRIEVE_MORE,RETRIEVE_MORE,RETRIEVE_MORE,RETRIEVE_MORE,RETRIEVE_MORE,RETRIEVE_MORE,RETRIEVE_MORE,RETRIEVE_MORE,RETRIEVE_MORE
84,REPLAN,0.67,REPLAN,TOOL_FIX,REPLAN,REPLAN,RETRY,REPLAN,REPLAN,RETRY,REPLAN,REPLAN,REPLAN,REPLAN,REPLAN
90,REPLAN,1.0,REPLAN,REPLAN,REPLAN,REPLAN,REPLAN,REPLAN,REPLAN,REPLAN,REPLAN,REPLAN,REPLAN,REPLAN,REPLAN
92,RETRY,0.5,LOCAL_REPAIR,RETRY,REPLAN,RETRY,REPLAN,RETRY,ESCALATE,TOOL_FIX,REPLAN,REPLAN,ESCALATE,REPLAN,REPLAN
414,RETRIEVE_MORE,1.0,RETRIEVE_MORE,RETRIEVE_MORE,RETRIEVE_MORE,RETRIEVE_MORE,RETRIEVE_MORE,RETRIEVE_MORE,RETRIEVE_MORE,RETRIEVE_MORE,RETRIEVE_MORE,RETRIEVE_MORE,RETRIEVE_MORE,RETRIEVE_MORE,RETRIEVE_MORE
287,RETRIEVE_MORE,1.0,RETRIEVE_MORE,RETRIEVE_MORE,RETRIEVE_MORE,RETRIEVE_MORE,RETRIEVE_MORE,RETRIEVE_MORE,RETRIEVE_MORE,RETRIEVE_MORE,RETRIEVE_MORE,RETRIEVE_MORE,RETRIEVE_MORE,RETRIEVE_MORE,RETRIEVE_MORE
442,RETRIEVE_MORE,1.0,RETRIEVE_MORE,RETRIEVE_MORE,RETRIEVE_MORE,RETRIEVE_MORE,RETRIEVE_MORE,RETRIEVE_MORE,RETRIEVE_MORE,RETRIEVE_MORE,RETRIEVE_MORE,RETRIEVE_MORE,RETRIEVE_MORE,RETRIEVE_MORE,RETRIEVE_MORE
410,RETRIEVE_MORE,1.0,RETRIEVE_MORE,RETRIEVE_MORE,RETRIEVE_MORE,RETRIEVE_MORE,RETRIEVE_MORE,RETRIEVE_MORE,RETRIEVE_MORE,RETRIEVE_MORE,RETRIEVE_MORE,RETRIEVE_MORE,RETRIEVE_MORE,RETRIEVE_MORE,RETRIEVE_MORE
23,REPLAN,1.0,REPLAN,REPLAN,REPLAN,REPLAN,REPLAN,REPLAN,REPLAN,REPLAN,REPLAN,REPLAN,REPLAN,REPLAN,REPLAN
2,RETRIEVE_MORE,1.0,RETRIEVE_MORE,RETRIEVE_MORE,RETRIEVE_MORE,RETRIEVE_MORE,RETRIEVE_MORE,RETRIEVE_MORE,RETRIEVE_MORE,RETRIEVE_MORE,RETRIEVE_MORE,ESCALATE,RETRIEVE_MORE,RETRIEVE_MORE,RETRIEVE_MORE
20,LOCAL_REPAIR,0.5,LOCAL_REPAIR,RETRY,LOCAL_REPAIR,RETRY,LOCAL_REPAIR,RETRY,RETRY,RETRY,RETRY,RETRY,RETRY,RETRY,RETRY
176,TOOL_FIX,1.0,TOOL_FIX,TOOL_FIX,TOOL_FIX,TOOL_FIX,TOOL_FIX,TOOL_FIX,RETRY,RETRY,TOOL_FIX,TOOL_FIX,RETRY,TOOL_FIX,RETRY
42,REPLAN,0.83,RETRY,REPLAN,REPLAN,REPLAN,REPLAN,REPLAN,REPLAN,REPLAN,REPLAN,REPLAN,REPLAN,REPLAN,REPLAN
344,RETRIEVE_MORE,1.0,RETRIEVE_MORE,RETRIEVE_MORE,RETRIEVE_MORE,RETRIEVE_MORE,RETRIEVE_MORE,RETRIEVE_MORE,RETRIEVE_MORE,RETRIEVE_MORE,RETRIEVE_MORE,RETRIEVE_MORE,RETRIEVE_MORE,RETRIEVE_MORE,RETRIEVE_MORE
470,RETRIEVE_MORE,0.67,RETRIEVE_MORE,TOOL_FIX,TOOL_FIX,RETRIEVE_MORE,RETRIEVE_MORE,RETRIEVE_MORE,RETRIEVE_MORE,RETRIEVE_MORE,RETRIEVE_MORE,RETRIEVE_MORE,RETRIEVE_MORE,RETRIEVE_MORE,RETRIEVE_MORE
571,REPLAN,1.0,REPLAN,REPLAN,REPLAN,REPLAN,REPLAN,REPLAN,RETRIEVE_MORE,RETRIEVE_MORE,RETRIEVE_MORE,RETRIEVE_MORE,RETRIEVE_MORE,RETRIEVE_MORE,RETRIEVE_MORE
275,RETRY,1.0,RETRY,RETRY,RETRY,RETRY,RETRY,RETRY,RETRY,RETRY,REPLAN,RETRY,RETRY,REPLAN,RETRY
96,RETRY,0.5,LOCAL_REPAIR,REPLAN,REPLAN,RETRY,RETRY,RETRY,RETRY,RETRY,RETRY,REPLAN,RETRY,RETRY,RETRY
590,REPLAN,0.83,REPLAN,REPLAN,RETRIEVE_MORE,REPLAN,REPLAN,REPLAN,RETRIEVE_MORE,RETRIEVE_MORE,RETRIEVE_MORE,RETRIEVE_MORE,RETRIEVE_MORE,RETRIEVE_MORE,RETRIEVE_MORE
392,RETRIEVE_MORE,1.0,RETRIEVE_MORE,RETRIEVE_MORE,RETRIEVE_MORE,RETRIEVE_MORE,RETRIEVE_MORE,RETRIEVE_MORE,RETRIEVE_MORE,RETRIEVE_MORE,RETRIEVE_MORE,RETRIEVE_MORE,RETRIEVE_MORE,RETRIEVE_MORE,RETRIEVE_MORE
492,TOOL_FIX,1.0,TOOL_FIX,TOOL_FIX,TOOL_FIX,TOOL_FIX,TOOL_FIX,TOOL_FIX,TOOL_FIX,TOOL_FIX,TOOL_FIX,TOOL_FIX,TOOL_FIX,TOOL_FIX,TOOL_FIX
632,RETRY,0.67,RETRY,RETRY,RETRY,REPLAN,REPLAN,RETRY,RETRY,RETRY,ESCALATE,REPLAN,RETRY,ESCALATE,RETRY
600,REPLAN,1.0,REPLAN,REPLAN,REPLAN,REPLAN,REPLAN,REPLAN,RETRIEVE_MORE,RETRIEVE_MORE,RETRY,RETRY,RETRIEVE_MORE,RETRY,RETRIEVE_MORE
531,REPLAN,1.0,REPLAN,REPLAN,REPLAN,REPLAN,REPLAN,REPLAN,RETRIEVE_MORE,RETRIEVE_MORE,RETRIEVE_MORE,RETRIEVE_MORE,RETRIEVE_MORE,RETRIEVE_MORE,RETRIEVE_MORE
4,REPLAN,1.0,REPLAN,REPLAN,REPLAN,REPLAN,REPLAN,REPLAN,REPLAN,REPLAN,REPLAN,REPLAN,REPLAN,REPLAN,REPLAN
244,TOOL_FIX,0.83,TOOL_FIX,TOOL_FIX,TOOL_FIX,TOOL_FIX,REPLAN,TOOL_FIX,REPLAN,TOOL_FIX,REPLAN,REPLAN,REPLAN,REPLAN,REPLAN
455,RETRIEVE_MORE,1.0,RETRIEVE_MORE,RETRIEVE_MORE,RETRIEVE_MORE,RETRIEVE_MORE,RETRIEVE_MORE,RETRIEVE_MORE,RETRIEVE_MORE,RETRIEVE_MORE,RETRIEVE_MORE,RETRIEVE_MORE,RETRIEVE_MORE,RETRIEVE_MORE,RETRIEVE_MORE
163,REPLAN,1.0,REPLAN,REPLAN,REPLAN,REPLAN,REPLAN,REPLAN,REPLAN,TOOL_FIX,REPLAN,REPLAN,REPLAN,REPLAN,REPLAN
32,TOOL_FIX,0.83,TOOL_FIX,REPLAN,TOOL_FIX,TOOL_FIX,TOOL_FIX,TOOL_FIX,RETRY,TOOL_FIX,TOOL_FIX,TOOL_FIX,RETRY,TOOL_FIX,TOOL_FIX
499,RETRIEVE_MORE,0.67,RETRIEVE_MORE,RETRIEVE_MORE,TOOL_FIX,RETRIEVE_MORE,TOOL_FIX,RETRIEVE_MORE,TOOL_FIX,TOOL_FIX,RETRIEVE_MORE,RETRIEVE_MORE,TOOL_FIX,RETRIEVE_MORE,TOOL_FIX
623,REPLAN,1.0,REPLAN,REPLAN,REPLAN,REPLAN,REPLAN,REPLAN,RETRIEVE_MORE,RETRIEVE_MORE,RETRIEVE_MORE,RETRIEVE_MORE,RETRIEVE_MORE,RETRIEVE_MORE,RETRIEVE_MORE
481,TOOL_FIX,1.0,TOOL_FIX,TOOL_FIX,TOOL_FIX,TOOL_FIX,TOOL_FIX,TOOL_FIX,TOOL_FIX,TOOL_FIX,RETRIEVE_MORE,RETRY,TOOL_FIX,RETRIEVE_MORE,TOOL_FIX
259,REPLAN,1.0,REPLAN,REPLAN,REPLAN,REPLAN,REPLAN,REPLAN,REPLAN,RETRY,REPLAN,REPLAN,REPLAN,REPLAN,REPLAN
283,TOOL_FIX,0.67,TOOL_FIX,REPLAN,TOOL_FIX,REPLAN,TOOL_FIX,TOOL_FIX,TOOL_FIX,REPLAN,TOOL_FIX,TOOL_FIX,TOOL_FIX,TOOL_FIX,TOOL_FIX
297,REPLAN,1.0,REPLAN,REPLAN,REPLAN,REPLAN,REPLAN,REPLAN,RETRIEVE_MORE,RETRIEVE_MORE,RETRIEVE_MORE,RETRIEVE_MORE,RETRIEVE_MORE,RETRIEVE_MORE,RETRIEVE_MORE
432,RETRIEVE_MORE,1.0,RETRIEVE_MORE,RETRIEVE_MORE,RETRIEVE_MORE,RETRIEVE_MORE,RETRIEVE_MORE,RETRIEVE_MORE,RETRIEVE_MORE,RETRIEVE_MORE,RETRIEVE_MORE,RETRIEVE_MORE,RETRIEVE_MORE,RETRIEVE_MORE,RETRIEVE_MORE
35,REPLAN,0.83,REPLAN,REPLAN,REPLAN,REPLAN,TOOL_FIX,REPLAN,TOOL_FIX,TOOL_FIX,REPLAN,REPLAN,TOOL_FIX,REPLAN,TOOL_FIX
194,REPLAN,1.0,REPLAN,REPLAN,REPLAN,REPLAN,REPLAN,REPLAN,REPLAN,TOOL_FIX,REPLAN,REPLAN,REPLAN,REPLAN,REPLAN
329,RETRIEVE_MORE,1.0,RETRIEVE_MORE,RETRIEVE_MORE,RETRIEVE_MORE,RETRIEVE_MORE,RETRIEVE_MORE,RETRIEVE_MORE,RETRIEVE_MORE,RETRIEVE_MORE,RETRIEVE_MORE,RETRIEVE_MORE,RETRIEVE_MORE,RETRIEVE_MORE,RETRIEVE_MORE
333,RETRIEVE_MORE,1.0,RETRIEVE_MORE,RETRIEVE_MORE,RETRIEVE_MORE,RETRIEVE_MORE,RETRIEVE_MORE,RETRIEVE_MORE,RETRIEVE_MORE,RETRIEVE_MORE,RETRIEVE_MORE,RETRIEVE_MORE,RETRIEVE_MORE,RETRIEVE_MORE,RETRIEVE_MORE
564,RETRIEVE_MORE,0.83,RETRIEVE_MORE,RETRIEVE_MORE,RETRIEVE_MORE,RETRIEVE_MORE,REPLAN,RETRIEVE_MORE,RETRIEVE_MORE,RETRIEVE_MORE,RETRIEVE_MORE,RETRIEVE_MORE,RETRIEVE_MORE,RETRIEVE_MORE,RETRIEVE_MORE
549,REPLAN,1.0,REPLAN,REPLAN,REPLAN,REPLAN,REPLAN,REPLAN,REPLAN,REPLAN,REPLAN,REPLAN,REPLAN,REPLAN,REPLAN
132,REPLAN,1.0,REPLAN,REPLAN,REPLAN,REPLAN,REPLAN,REPLAN,REPLAN,REPLAN,REPLAN,REPLAN,REPLAN,REPLAN,REPLAN
199,REPLAN,0.67,RETRY,REPLAN,REPLAN,REPLAN,REPLAN,RETRY,REPLAN,REPLAN,REPLAN,REPLAN,REPLAN,REPLAN,REPLAN
60,TOOL_FIX,0.67,TOOL_FIX,REPLAN,TOOL_FIX,REPLAN,TOOL_FIX,TOOL_FIX,REPLAN,TOOL_FIX,REPLAN,REPLAN,REPLAN,REPLAN,REPLAN
617,RETRIEVE_MORE,0.83,RETRIEVE_MORE,RETRIEVE_MORE,RETRIEVE_MORE,RETRIEVE_MORE,TOOL_FIX,RETRIEVE_MORE,TOOL_FIX,TOOL_FIX,RETRIEVE_MORE,RETRIEVE_MORE,TOOL_FIX,RETRIEVE_MORE,TOOL_FIX
165,RETRY,0.5,LOCAL_REPAIR,RETRY,REPLAN,RETRY,LOCAL_REPAIR,RETRY,REPLAN,RETRY,REPLAN,REPLAN,REPLAN,REPLAN,REPLAN
268,REPLAN,1.0,REPLAN,REPLAN,REPLAN,REPLAN,REPLAN,REPLAN,REPLAN,RETRY,REPLAN,REPLAN,REPLAN,REPLAN,REPLAN
55,REPLAN,1.0,REPLAN,REPLAN,REPLAN,REPLAN,REPLAN,REPLAN,REPLAN,RETRY,REPLAN,REPLAN,REPLAN,REPLAN,REPLAN
178,REPLAN,1.0,REPLAN,REPLAN,REPLAN,REPLAN,REPLAN,REPLAN,REPLAN,REPLAN,REPLAN,REPLAN,REPLAN,REPLAN,REPLAN
269,REPLAN,1.0,REPLAN,REPLAN,REPLAN,REPLAN,REPLAN,REPLAN,REPLAN,REPLAN,REPLAN,REPLAN,REPLAN,REPLAN,REPLAN
604,REPLAN,0.83,REPLAN,REPLAN,REPLAN,REPLAN,RETRIEVE_MORE,REPLAN,RETRIEVE_MORE,RETRIEVE_MORE,RETRIEVE_MORE,RETRIEVE_MORE,RETRIEVE_MORE,RETRIEVE_MORE,RETRIEVE_MORE
475,TOOL_FIX,1.0,TOOL_FIX,TOOL_FIX,TOOL_FIX,TOOL_FIX,TOOL_FIX,TOOL_FIX,TOOL_FIX,TOOL_FIX,RETRIEVE_MORE,RETRIEVE_MORE,TOOL_FIX,RETRIEVE_MORE,TOOL_FIX
466,RETRIEVE_MORE,0.67,RETRIEVE_MORE,RETRIEVE_MORE,RETRIEVE_MORE,RETRIEVE_MORE,TOOL_FIX,TOOL_FIX,TOOL_FIX,TOOL_FIX,RETRY,RETRIEVE_MORE,TOOL_FIX,RETRY,TOOL_FIX
515,RETRIEVE_MORE,0.83,RETRIEVE_MORE,RETRIEVE_MORE,RETRIEVE_MORE,RETRIEVE_MORE,TOOL_FIX,RETRIEVE_MORE,TOOL_FIX,TOOL_FIX,TOOL_FIX,TOOL_FIX,TOOL_FIX,TOOL_FIX,TOOL_FIX
365,RETRIEVE_MORE,1.0,RETRIEVE_MORE,RETRIEVE_MORE,RETRIEVE_MORE,RETRIEVE_MORE,RETRIEVE_MORE,RETRIEVE_MORE,RETRIEVE_MORE,RETRIEVE_MORE,RETRIEVE_MORE,RETRIEVE_MORE,RETRIEVE_MORE,RETRIEVE_MORE,RETRIEVE_MORE
356,RETRIEVE_MORE,1.0,RETRIEVE_MORE,RETRIEVE_MORE,RETRIEVE_MORE,RETRIEVE_MORE,RETRIEVE_MORE,RETRIEVE_MORE,RETRIEVE_MORE,RETRIEVE_MORE,RETRIEVE_MORE,RETRIEVE_MORE,RETRIEVE_MORE,RETRIEVE_MORE,RETRIEVE_MORE
104,TOOL_FIX,1.0,TOOL_FIX,TOOL_FIX,TOOL_FIX,TOOL_FIX,TOOL_FIX,TOOL_FIX,REPLAN,REPLAN,REPLAN,REPLAN,REPLAN,REPLAN,REPLAN
516,RETRIEVE_MORE,1.0,RETRIEVE_MORE,RETRIEVE_MORE,RETRIEVE_MORE,RETRIEVE_MORE,RETRIEVE_MORE,RETRIEVE_MORE,TOOL_FIX,RETRIEVE_MORE,RETRIEVE_MORE,RETRIEVE_MORE,TOOL_FIX,RETRIEVE_MORE,RETRIEVE_MORE
143,REPLAN,1.0,REPLAN,REPLAN,REPLAN,REPLAN,REPLAN,REPLAN,REPLAN,RETRY,REPLAN,REPLAN,REPLAN,REPLAN,REPLAN
469,TOOL_FIX,1.0,TOOL_FIX,TOOL_FIX,TOOL_FIX,TOOL_FIX,TOOL_FIX,TOOL_FIX,RETRIEVE_MORE,TOOL_FIX,RETRIEVE_MORE,RETRIEVE_MORE,RETRIEVE_MORE,RETRIEVE_MORE,RETRIEVE_MORE
436,RETRIEVE_MORE,1.0,RETRIEVE_MORE,RETRIEVE_MORE,RETRIEVE_MORE,RETRIEVE_MORE,RETRIEVE_MORE,RETRIEVE_MORE,RETRIEVE_MORE,RETRIEVE_MORE,RETRIEVE_MORE,RETRIEVE_MORE,RETRIEVE_MORE,RETRIEVE_MORE,RETRIEVE_MORE
148,REPLAN,1.0,REPLAN,REPLAN,REPLAN,REPLAN,REPLAN,REPLAN,REPLAN,TOOL_FIX,REPLAN,REPLAN,REPLAN,REPLAN,REPLAN
450,RETRIEVE_MORE,1.0,RETRIEVE_MORE,RETRIEVE_MORE,RETRIEVE_MORE,RETRIEVE_MORE,RETRIEVE_MORE,RETRIEVE_MORE,RETRIEVE_MORE,RETRIEVE_MORE,RETRIEVE_MORE,RETRIEVE_MORE,RETRIEVE_MORE,RETRIEVE_MORE,RETRIEVE_MORE
384,RETRIEVE_MORE,1.0,RETRIEVE_MORE,RETRIEVE_MORE,RETRIEVE_MORE,RETRIEVE_MORE,RETRIEVE_MORE,RETRIEVE_MORE,RETRIEVE_MORE,RETRIEVE_MORE,RETRIEVE_MORE,RETRIEVE_MORE,RETRIEVE_MORE,RETRIEVE_MORE,RETRIEVE_MORE
3,RETRIEVE_MORE,1.0,RETRIEVE_MORE,RETRIEVE_MORE,RETRIEVE_MORE,RETRIEVE_MORE,RETRIEVE_MORE,RETRIEVE_MORE,RETRIEVE_MORE,RETRIEVE_MORE,ESCALATE,ESCALATE,RETRIEVE_MORE,ESCALATE,RETRIEVE_MORE
630,REPLAN,1.0,REPLAN,REPLAN,REPLAN,REPLAN,REPLAN,REPLAN,REPLAN,REPLAN,REPLAN,REPLAN,REPLAN,REPLAN,REPLAN
247,TOOL_FIX,1.0,TOOL_FIX,TOOL_FIX,TOOL_FIX,TOOL_FIX,TOOL_FIX,TOOL_FIX,TOOL_FIX,REPLAN,REPLAN,REPLAN,TOOL_FIX,REPLAN,REPLAN
124,LOCAL_REPAIR,0.83,TOOL_FIX,LOCAL_REPAIR,LOCAL_REPAIR,LOCAL_REPAIR,LOCAL_REPAIR,LOCAL_REPAIR,TOOL_FIX,TOOL_FIX,TOOL_FIX,TOOL_FIX,TOOL_FIX,TOOL_FIX,TOOL_FIX
427,REPLAN,0.67,REPLAN,REPLAN,RETRIEVE_MORE,REPLAN,RETRIEVE_MORE,REPLAN,RETRIEVE_MORE,RETRIEVE_MORE,RETRIEVE_MORE,RETRIEVE_MORE,RETRIEVE_MORE,RETRIEVE_MORE,RETRIEVE_MORE
238,REPLAN,1.0,REPLAN,REPLAN,REPLAN,REPLAN,REPLAN,REPLAN,REPLAN,REPLAN,REPLAN,REPLAN,REPLAN,REPLAN,REPLAN
491,TOOL_FIX,1.0,TOOL_FIX,TOOL_FIX,TOOL_FIX,TOOL_FIX,TOOL_FIX,TOOL_FIX,RETRIEVE_MORE,TOOL_FIX,RETRIEVE_MORE,RETRIEVE_MORE,RETRIEVE_MORE,RETRIEVE_MORE,RETRIEVE_MORE
173,TOOL_FIX,0.83,TOOL_FIX,TOOL_FIX,TOOL_FIX,TOOL_FIX,REPLAN,TOOL_FIX,TOOL_FIX,REPLAN,REPLAN,REPLAN,TOOL_FIX,REPLAN,REPLAN
289,REPLAN,1.0,REPLAN,REPLAN,REPLAN,REPLAN,REPLAN,REPLAN,RETRIEVE_MORE,RETRIEVE_MORE,RETRY,RETRIEVE_MORE,RETRIEVE_MORE,RETRY,RETRIEVE_MORE
346,REPLAN,0.83,REPLAN,REPLAN,REPLAN,REPLAN,RETRIEVE_MORE,REPLAN,REPLAN,RETRIEVE_MORE,RETRIEVE_MORE,RETRIEVE_MORE,REPLAN,RETRIEVE_MORE,RETRIEVE_MORE
113,REPLAN,1.0,REPLAN,REPLAN,REPLAN,REPLAN,REPLAN,REPLAN,REPLAN,REPLAN,REPLAN,REPLAN,REPLAN,REPLAN,REPLAN
254,REPLAN,1.0,REPLAN,REPLAN,REPLAN,REPLAN,REPLAN,REPLAN,TOOL_FIX,REPLAN,REPLAN,REPLAN,TOOL_FIX,REPLAN,REPLAN
130,REPLAN,1.0,REPLAN,REPLAN,REPLAN,REPLAN,REPLAN,REPLAN,REPLAN,TOOL_FIX,REPLAN,REPLAN,REPLAN,REPLAN,REPLAN
250,TOOL_FIX,1.0,TOOL_FIX,TOOL_FIX,TOOL_FIX,TOOL_FIX,TOOL_FIX,TOOL_FIX,RETRY,RETRY,TOOL_FIX,TOOL_FIX,RETRY,TOOL_FIX,RETRY
627,REPLAN,0.67,REPLAN,REPLAN,REPLAN,RETRIEVE_MORE,RETRIEVE_MORE,REPLAN,RETRIEVE_MORE,RETRIEVE_MORE,RETRIEVE_MORE,RETRIEVE_MORE,RETRIEVE_MORE,RETRIEVE_MORE,RETRIEVE_MORE
270,TOOL_FIX,1.0,TOOL_FIX,TOOL_FIX,TOOL_FIX,TOOL_FIX,TOOL_FIX,TOOL_FIX,TOOL_FIX,TOOL_FIX,TOOL_FIX,TOOL_FIX,TOOL_FIX,TOOL_FIX,TOOL_FIX
246,TOOL_FIX,1.0,TOOL_FIX,TOOL_FIX,TOOL_FIX,TOOL_FIX,TOOL_FIX,TOOL_FIX,REPLAN,TOOL_FIX,REPLAN,REPLAN,REPLAN,REPLAN,REPLAN
279,REPLAN,1.0,REPLAN,REPLAN,REPLAN,REPLAN,REPLAN,REPLAN,REPLAN,RETRY,REPLAN,REPLAN,REPLAN,REPLAN,REPLAN
567,REPLAN,1.0,REPLAN,REPLAN,REPLAN,REPLAN,REPLAN,REPLAN,RETRIEVE_MORE,RETRIEVE_MORE,RETRY,RETRIEVE_MORE,RETRIEVE_MORE,RETRY,RETRIEVE_MORE
366,REPLAN,0.5,REPLAN,RETRIEVE_MORE,RETRIEVE_MORE,REPLAN,REPLAN,RETRIEVE_MORE,RETRIEVE_MORE,RETRIEVE_MORE,RETRIEVE_MORE,RETRIEVE_MORE,RETRIEVE_MORE,RETRIEVE_MORE,RETRIEVE_MORE
586,REPLAN,1.0,REPLAN,REPLAN,REPLAN,REPLAN,REPLAN,REPLAN,REPLAN,REPLAN,RETRIEVE_MORE,RETRIEVE_MORE,REPLAN,RETRIEVE_MORE,REPLAN
428,RETRIEVE_MORE,1.0,RETRIEVE_MORE,RETRIEVE_MORE,RETRIEVE_MORE,RETRIEVE_MORE,RETRIEVE_MORE,RETRIEVE_MORE,RETRIEVE_MORE,RETRIEVE_MORE,RETRIEVE_MORE,RETRIEVE_MORE,RETRIEVE_MORE,RETRIEVE_MORE,RETRIEVE_MORE
614,RETRIEVE_MORE,0.83,RETRIEVE_MORE,RETRIEVE_MORE,REPLAN,RETRIEVE_MORE,RETRIEVE_MORE,RETRIEVE_MORE,TOOL_FIX,TOOL_FIX,RETRIEVE_MORE,RETRY,TOOL_FIX,RETRIEVE_MORE,TOOL_FIX
347,REPLAN,0.83,REPLAN,REPLAN,REPLAN,REPLAN,RETRIEVE_MORE,REPLAN,RETRIEVE_MORE,RETRIEVE_MORE,RETRIEVE_MORE,RETRIEVE_MORE,RETRIEVE_MORE,RETRIEVE_MORE,RETRIEVE_MORE
157,RETRY,0.5,RETRY,REPLAN,REPLAN,RETRY,REPLAN,RETRY,RETRY,RETRY,REPLAN,REPLAN,RETRY,REPLAN,RETRY
276,REPLAN,1.0,REPLAN,REPLAN,REPLAN,REPLAN,REPLAN,REPLAN,REPLAN,REPLAN,REPLAN,REPLAN,REPLAN,REPLAN,REPLAN
171,REPLAN,1.0,REPLAN,REPLAN,REPLAN,REPLAN,REPLAN,REPLAN,RETRY,REPLAN,REPLAN,REPLAN,RETRY,REPLAN,REPLAN
152,REPLAN,0.5,REPLAN,REPLAN,LOCAL_REPAIR,LOCAL_REPAIR,LOCAL_REPAIR,REPLAN,TOOL_FIX,REPLAN,REPLAN,REPLAN,TOOL_FIX,REPLAN,REPLAN
397,RETRIEVE_MORE,1.0,RETRIEVE_MORE,RETRIEVE_MORE,RETRIEVE_MORE,RETRIEVE_MORE,RETRIEVE_MORE,RETRIEVE_MORE,RETRIEVE_MORE,RETRIEVE_MORE,RETRIEVE_MORE,RETRIEVE_MORE,RETRIEVE_MORE,RETRIEVE_MORE,RETRIEVE_MORE
330,RETRIEVE_MORE,1.0,RETRIEVE_MORE,RETRIEVE_MORE,RETRIEVE_MORE,RETRIEVE_MORE,RETRIEVE_MORE,RETRIEVE_MORE,RETRIEVE_MORE,RETRIEVE_MORE,RETRIEVE_MORE,RETRIEVE_MORE,RETRIEVE_MORE,RETRIEVE_MORE,RETRIEVE_MORE
317,RETRY,1.0,RETRY,RETRY,RETRY,RETRY,RETRY,RETRY,RETRY,RETRY,RETRY,RETRY,RETRY,RETRY,RETRY
633,RETRIEVE_MORE,1.0,RETRIEVE_MORE,RETRIEVE_MORE,RETRIEVE_MORE,RETRIEVE_MORE,RETRIEVE_MORE,RETRIEVE_MORE,RETRIEVE_MORE,RETRIEVE_MORE,RETRIEVE_MORE,RETRIEVE_MORE,RETRIEVE_MORE,RETRIEVE_MORE,RETRIEVE_MORE
99,TOOL_FIX,1.0,TOOL_FIX,TOOL_FIX,TOOL_FIX,TOOL_FIX,TOOL_FIX,TOOL_FIX,REPLAN,REPLAN,TOOL_FIX,TOOL_FIX,REPLAN,TOOL_FIX,REPLAN
85,TOOL_FIX,1.0,TOOL_FIX,TOOL_FIX,TOOL_FIX,TOOL_FIX,TOOL_FIX,TOOL_FIX,TOOL_FIX,REPLAN,REPLAN,REPLAN,TOOL_FIX,REPLAN,REPLAN
370,RETRIEVE_MORE,1.0,RETRIEVE_MORE,RETRIEVE_MORE,RETRIEVE_MORE,RETRIEVE_MORE,RETRIEVE_MORE,RETRIEVE_MORE,RETRIEVE_MORE,RETRIEVE_MORE,RETRIEVE_MORE,RETRIEVE_MORE,RETRIEVE_MORE,RETRIEVE_MORE,RETRIEVE_MORE
88,TOOL_FIX,0.5,TOOL_FIX,REPLAN,TOOL_FIX,REPLAN,TOOL_FIX,REPLAN,TOOL_FIX,TOOL_FIX,REPLAN,REPLAN,TOOL_FIX,REPLAN,TOOL_FIX
340,RETRIEVE_MORE,1.0,RETRIEVE_MORE,RETRIEVE_MORE,RETRIEVE_MORE,RETRIEVE_MORE,RETRIEVE_MORE,RETRIEVE_MORE,RETRIEVE_MORE,RETRIEVE_MORE,RETRIEVE_MORE,RETRIEVE_MORE,RETRIEVE_MORE,RETRIEVE_MORE,RETRIEVE_MORE
634,REPLAN,0.83,REPLAN,REPLAN,REPLAN,REPLAN,RETRIEVE_MORE,REPLAN,RETRIEVE_MORE,RETRIEVE_MORE,RETRIEVE_MORE,RETRIEVE_MORE,RETRIEVE_MORE,RETRIEVE_MORE,RETRIEVE_MORE
451,RETRIEVE_MORE,1.0,RETRIEVE_MORE,RETRIEVE_MORE,RETRIEVE_MORE,RETRIEVE_MORE,RETRIEVE_MORE,RETRIEVE_MORE,RETRIEVE_MORE,RETRIEVE_MORE,RETRIEVE_MORE,RETRIEVE_MORE,RETRIEVE_MORE,RETRIEVE_MORE,RETRIEVE_MORE
91,TOOL_FIX,0.83,TOOL_FIX,REPLAN,TOOL_FIX,TOOL_FIX,TOOL_FIX,TOOL_FIX,TOOL_FIX,RETRY,TOOL_FIX,TOOL_FIX,TOOL_FIX,TOOL_FIX,TOOL_FIX
408,REPLAN,0.83,REPLAN,REPLAN,REPLAN,REPLAN,RETRIEVE_MORE,REPLAN,RETRIEVE_MORE,RETRIEVE_MORE,RETRIEVE_MORE,RETRIEVE_MORE,RETRIEVE_MORE,RETRIEVE_MORE,RETRIEVE_MORE
536,TOOL_FIX,1.0,TOOL_FIX,TOOL_FIX,TOOL_FIX,TOOL_FIX,TOOL_FIX,TOOL_FIX,RETRIEVE_MORE,RETRIEVE_MORE,RETRIEVE_MORE,RETRIEVE_MORE,RETRIEVE_MORE,RETRIEVE_MORE,RETRIEVE_MORE
599,REPLAN,1.0,REPLAN,REPLAN,REPLAN,REPLAN,REPLAN,REPLAN,RETRIEVE_MORE,RETRIEVE_MORE,RETRY,RETRY,RETRIEVE_MORE,RETRY,RETRIEVE_MORE
582,RETRIEVE_MORE,1.0,RETRIEVE_MORE,RETRIEVE_MORE,RETRIEVE_MORE,RETRIEVE_MORE,RETRIEVE_MORE,RETRIEVE_MORE,RETRIEVE_MORE,RETRIEVE_MORE,RETRIEVE_MORE,RETRIEVE_MORE,RETRIEVE_MORE,RETRIEVE_MORE,RETRIEVE_MORE
628,REPLAN,1.0,REPLAN,REPLAN,REPLAN,REPLAN,REPLAN,REPLAN,REPLAN,RETRIEVE_MORE,ESCALATE,ESCALATE,REPLAN,ESCALATE,ESCALATE
203,TOOL_FIX,0.83,TOOL_FIX,TOOL_FIX,TOOL_FIX,TOOL_FIX,REPLAN,TOOL_FIX,REPLAN,REPLAN,REPLAN,REPLAN,REPLAN,REPLAN,REPLAN
426,RETRIEVE_MORE,1.0,RETRIEVE_MORE,RETRIEVE_MORE,RETRIEVE_MORE,RETRIEVE_MORE,RETRIEVE_MORE,RETRIEVE_MORE,RETRIEVE_MORE,RETRY,RETRIEVE_MORE,RETRIEVE_MORE,RETRIEVE_MORE,RETRIEVE_MORE,RETRIEVE_MORE
89,REPLAN,1.0,REPLAN,REPLAN,REPLAN,REPLAN,REPLAN,REPLAN,REPLAN,REPLAN,REPLAN,REPLAN,REPLAN,REPLAN,REPLAN
544,REPLAN,0.83,REPLAN,REPLAN,REPLAN,REPLAN,RETRIEVE_MORE,REPLAN,RETRIEVE_MORE,RETRIEVE_MORE,RETRIEVE_MORE,RETRIEVE_MORE,RETRIEVE_MORE,RETRIEVE_MORE,RETRIEVE_MORE
241,REPLAN,0.83,REPLAN,REPLAN,REPLAN,TOOL_FIX,REPLAN,REPLAN,TOOL_FIX,REPLAN,REPLAN,REPLAN,TOOL_FIX,REPLAN,REPLAN
464,RETRIEVE_MORE,1.0,RETRIEVE_MORE,RETRIEVE_MORE,RETRIEVE_MORE,RETRIEVE_MORE,RETRIEVE_MORE,RETRIEVE_MORE,TOOL_FIX,TOOL_FIX,RETRIEVE_MORE,RETRY,TOOL_FIX,RETRIEVE_MORE,TOOL_FIX
82,REPLAN,1.0,REPLAN,REPLAN,REPLAN,REPLAN,REPLAN,REPLAN,REPLAN,REPLAN,REPLAN,REPLAN,REPLAN,REPLAN,REPLAN
523,RETRIEVE_MORE,1.0,RETRIEVE_MORE,RETRIEVE_MORE,RETRIEVE_MORE,RETRIEVE_MORE,RETRIEVE_MORE,RETRIEVE_MORE,RETRIEVE_MORE,RETRIEVE_MORE,RETRIEVE_MORE,RETRIEVE_MORE,RETRIEVE_MORE,RETRIEVE_MORE,RETRIEVE_MORE
146,RETRY,1.0,RETRY,RETRY,RETRY,RETRY,RETRY,RETRY,RETRY,RETRY,REPLAN,REPLAN,RETRY,REPLAN,RETRY
294,REPLAN,1.0,REPLAN,REPLAN,REPLAN,REPLAN,REPLAN,REPLAN,RETRIEVE_MORE,RETRIEVE_MORE,RETRIEVE_MORE,RETRIEVE_MORE,RETRIEVE_MORE,RETRIEVE_MORE,RETRIEVE_MORE
257,REPLAN,1.0,REPLAN,REPLAN,REPLAN,REPLAN,REPLAN,REPLAN,REPLAN,REPLAN,REPLAN,REPLAN,REPLAN,REPLAN,REPLAN
227,REPLAN,1.0,REPLAN,REPLAN,REPLAN,REPLAN,REPLAN,REPLAN,REPLAN,RETRY,REPLAN,REPLAN,REPLAN,REPLAN,REPLAN
192,TOOL_FIX,1.0,TOOL_FIX,TOOL_FIX,TOOL_FIX,TOOL_FIX,TOOL_FIX,TOOL_FIX,REPLAN,REPLAN,REPLAN,REPLAN,REPLAN,REPLAN,REPLAN
314,RETRIEVE_MORE,1.0,RETRIEVE_MORE,RETRIEVE_MORE,RETRIEVE_MORE,RETRIEVE_MORE,RETRIEVE_MORE,RETRIEVE_MORE,RETRIEVE_MORE,RETRIEVE_MORE,RETRIEVE_MORE,RETRIEVE_MORE,RETRIEVE_MORE,RETRIEVE_MORE,RETRIEVE_MORE
395,REPLAN,0.83,REPLAN,REPLAN,REPLAN,REPLAN,RETRIEVE_MORE,REPLAN,RETRIEVE_MORE,RETRIEVE_MORE,RETRIEVE_MORE,RETRIEVE_MORE,RETRIEVE_MORE,RETRIEVE_MORE,RETRIEVE_MORE
77,TOOL_FIX,1.0,TOOL_FIX,TOOL_FIX,TOOL_FIX,TOOL_FIX,TOOL_FIX,TOOL_FIX,REPLAN,REPLAN,REPLAN,REPLAN,REPLAN,REPLAN,REPLAN
52,REPLAN,1.0,REPLAN,REPLAN,REPLAN,REPLAN,REPLAN,REPLAN,RETRY,REPLAN,REPLAN,REPLAN,RETRY,REPLAN,REPLAN
149,REPLAN,1.0,REPLAN,REPLAN,REPLAN,REPLAN,REPLAN,REPLAN,REPLAN,REPLAN,REPLAN,RETRY,REPLAN,REPLAN,REPLAN
302,RETRIEVE_MORE,1.0,RETRIEVE_MORE,RETRIEVE_MORE,RETRIEVE_MORE,RETRIEVE_MORE,RETRIEVE_MORE,RETRIEVE_MORE,REPLAN,RETRIEVE_MORE,RETRIEVE_MORE,RETRIEVE_MORE,REPLAN,RETRIEVE_MORE,RETRIEVE_MORE
30,REPLAN,1.0,REPLAN,REPLAN,REPLAN,REPLAN,REPLAN,REPLAN,REPLAN,REPLAN,REPLAN,REPLAN,REPLAN,REPLAN,REPLAN
316,RETRIEVE_MORE,1.0,RETRIEVE_MORE,RETRIEVE_MORE,RETRIEVE_MORE,RETRIEVE_MORE,RETRIEVE_MORE,RETRIEVE_MORE,RETRIEVE_MORE,RETRIEVE_MORE,RETRIEVE_MORE,RETRIEVE_MORE,RETRIEVE_MORE,RETRIEVE_MORE,RETRIEVE_MORE
183,TOOL_FIX,1.0,TOOL_FIX,TOOL_FIX,TOOL_FIX,TOOL_FIX,TOOL_FIX,TOOL_FIX,TOOL_FIX,TOOL_FIX,REPLAN,REPLAN,TOOL_FIX,REPLAN,TOOL_FIX
606,REPLAN,1.0,REPLAN,REPLAN,REPLAN,REPLAN,REPLAN,REPLAN,RETRIEVE_MORE,RETRIEVE_MORE,RETRIEVE_MORE,RETRIEVE_MORE,RETRIEVE_MORE,RETRIEVE_MORE,RETRIEVE_MORE
45,TOOL_FIX,0.83,TOOL_FIX,TOOL_FIX,TOOL_FIX,TOOL_FIX,REPLAN,TOOL_FIX,TOOL_FIX,TOOL_FIX,TOOL_FIX,TOOL_FIX,TOOL_FIX,TOOL_FIX,TOOL_FIX
59,REPLAN,0.83,REPLAN,REPLAN,REPLAN,RETRY,REPLAN,REPLAN,REPLAN,REPLAN,REPLAN,REPLAN,REPLAN,REPLAN,REPLAN
462,TOOL_FIX,0.67,TOOL_FIX,RETRIEVE_MORE,RETRIEVE_MORE,TOOL_FIX,TOOL_FIX,TOOL_FIX,TOOL_FIX,RETRIEVE_MORE,RETRIEVE_MORE,RETRIEVE_MORE,TOOL_FIX,RETRIEVE_MORE,RETRIEVE_MORE
490,TOOL_FIX,1.0,TOOL_FIX,TOOL_FIX,TOOL_FIX,TOOL_FIX,TOOL_FIX,TOOL_FIX,TOOL_FIX,TOOL_FIX,RETRIEVE_MORE,RETRIEVE_MORE,TOOL_FIX,RETRIEVE_MORE,TOOL_FIX
263,REPLAN,0.83,TOOL_FIX,REPLAN,REPLAN,REPLAN,REPLAN,REPLAN,TOOL_FIX,REPLAN,REPLAN,REPLAN,TOOL_FIX,REPLAN,REPLAN
506,REPLAN,0.5,REPLAN,REPLAN,REPLAN,TOOL_FIX,TOOL_FIX,TOOL_FIX,TOOL_FIX,RETRIEVE_MORE,RETRIEVE_MORE,RETRIEVE_MORE,TOOL_FIX,RETRIEVE_MORE,RETRIEVE_MORE
324,RETRIEVE_MORE,1.0,RETRIEVE_MORE,RETRIEVE_MORE,RETRIEVE_MORE,RETRIEVE_MORE,RETRIEVE_MORE,RETRIEVE_MORE,RETRIEVE_MORE,RETRIEVE_MORE,RETRIEVE_MORE,RETRIEVE_MORE,RETRIEVE_MORE,RETRIEVE_MORE,RETRIEVE_MORE
618,RETRIEVE_MORE,0.83,REPLAN,RETRIEVE_MORE,RETRIEVE_MORE,RETRIEVE_MORE,RETRIEVE_MORE,RETRIEVE_MORE,RETRIEVE_MORE,RETRIEVE_MORE,RETRIEVE_MORE,RETRIEVE_MORE,RETRIEVE_MORE,RETRIEVE_MORE,RETRIEVE_MORE
106,REPLAN,1.0,REPLAN,REPLAN,REPLAN,REPLAN,REPLAN,REPLAN,REPLAN,REPLAN,REPLAN,REPLAN,REPLAN,REPLAN,REPLAN
135,REPLAN,1.0,REPLAN,REPLAN,REPLAN,REPLAN,REPLAN,REPLAN,REPLAN,RETRY,RETRY,RETRY,REPLAN,RETRY,RETRY
249,REPLAN,0.83,REPLAN,RETRY,REPLAN,REPLAN,REPLAN,REPLAN,RETRY,REPLAN,REPLAN,REPLAN,RETRY,REPLAN,REPLAN
421,RETRIEVE_MORE,1.0,RETRIEVE_MORE,RETRIEVE_MORE,RETRIEVE_MORE,RETRIEVE_MORE,RETRIEVE_MORE,RETRIEVE_MORE,RETRIEVE_MORE,RETRIEVE_MORE,RETRIEVE_MORE,RETRIEVE_MORE,RETRIEVE_MORE,RETRIEVE_MORE,RETRIEVE_MORE
542,REPLAN,1.0,REPLAN,REPLAN,REPLAN,REPLAN,REPLAN,REPLAN,RETRIEVE_MORE,RETRIEVE_MORE,RETRIEVE_MORE,REPLAN,RETRIEVE_MORE,RETRIEVE_MORE,RETRIEVE_MORE
147,TOOL_FIX,1.0,TOOL_FIX,TOOL_FIX,TOOL_FIX,TOOL_FIX,TOOL_FIX,TOOL_FIX,REPLAN,REPLAN,REPLAN,REPLAN,REPLAN,REPLAN,REPLAN
596,RETRIEVE_MORE,1.0,RETRIEVE_MORE,RETRIEVE_MORE,RETRIEVE_MORE,RETRIEVE_MORE,RETRIEVE_MORE,RETRIEVE_MORE,RETRIEVE_MORE,RETRIEVE_MORE,RETRIEVE_MORE,RETRIEVE_MORE,RETRIEVE_MORE,RETRIEVE_MORE,RETRIEVE_MORE
495,REPLAN,0.5,REPLAN,TOOL_FIX,TOOL_FIX,REPLAN,RETRIEVE_MORE,REPLAN,RETRIEVE_MORE,RETRIEVE_MORE,RETRIEVE_MORE,RETRIEVE_MORE,RETRIEVE_MORE,RETRIEVE_MORE,RETRIEVE_MORE
121,TOOL_FIX,0.67,TOOL_FIX,TOOL_FIX,REPLAN,TOOL_FIX,TOOL_FIX,REPLAN,REPLAN,TOOL_FIX,REPLAN,REPLAN,REPLAN,REPLAN,REPLAN
189,REPLAN,0.83,REPLAN,RETRY,REPLAN,REPLAN,REPLAN,REPLAN,REPLAN,RETRY,REPLAN,REPLAN,REPLAN,REPLAN,REPLAN
54,RETRY,0.67,REPLAN,RETRY,REPLAN,RETRY,RETRY,RETRY,RETRY,REPLAN,RETRY,RETRY,RETRY,RETRY,RETRY
527,REPLAN,1.0,REPLAN,REPLAN,REPLAN,REPLAN,REPLAN,REPLAN,RETRIEVE_MORE,RETRIEVE_MORE,RETRIEVE_MORE,RETRIEVE_MORE,RETRIEVE_MORE,RETRIEVE_MORE,RETRIEVE_MORE
156,TOOL_FIX,0.5,TOOL_FIX,RETRY,RETRY,TOOL_FIX,TOOL_FIX,RETRY,REPLAN,TOOL_FIX,REPLAN,REPLAN,REPLAN,REPLAN,REPLAN
609,REPLAN,1.0,REPLAN,REPLAN,REPLAN,REPLAN,REPLAN,REPLAN,RETRIEVE_MORE,RETRIEVE_MORE,RETRIEVE_MORE,RETRIEVE_MORE,RETRIEVE_MORE,RETRIEVE_MORE,RETRIEVE_MORE
500,REPLAN,0.83,REPLAN,REPLAN,REPLAN,REPLAN,TOOL_FIX,REPLAN,RETRIEVE_MORE,TOOL_FIX,RETRIEVE_MORE,RETRIEVE_MORE,RETRIEVE_MORE,RETRIEVE_MORE,RETRIEVE_MORE
8,REPLAN,0.83,REPLAN,REPLAN,REPLAN,REPLAN,LOCAL_REPAIR,REPLAN,REPLAN,REPLAN,REPLAN,REPLAN,REPLAN,REPLAN,REPLAN
449,RETRIEVE_MORE,0.67,RETRY,RETRIEVE_MORE,RETRIEVE_MORE,RETRIEVE_MORE,RETRIEVE_MORE,REPLAN,RETRIEVE_MORE,RETRIEVE_MORE,RETRIEVE_MORE,RETRIEVE_MORE,RETRIEVE_MORE,RETRIEVE_MORE,RETRIEVE_MORE
581,RETRIEVE_MORE,1.0,RETRIEVE_MORE,RETRIEVE_MORE,RETRIEVE_MORE,RETRIEVE_MORE,RETRIEVE_MORE,RETRIEVE_MORE,RETRIEVE_MORE,REPLAN,REPLAN,REPLAN,RETRIEVE_MORE,REPLAN,REPLAN
388,RETRIEVE_MORE,1.0,RETRIEVE_MORE,RETRIEVE_MORE,RETRIEVE_MORE,RETRIEVE_MORE,RETRIEVE_MORE,RETRIEVE_MORE,RETRIEVE_MORE,RETRIEVE_MORE,RETRIEVE_MORE,RETRIEVE_MORE,RETRIEVE_MORE,RETRIEVE_MORE,RETRIEVE_MORE
80,REPLAN,1.0,REPLAN,REPLAN,REPLAN,REPLAN,REPLAN,REPLAN,REPLAN,REPLAN,REPLAN,REPLAN,REPLAN,REPLAN,REPLAN
359,RETRIEVE_MORE,1.0,RETRIEVE_MORE,RETRIEVE_MORE,RETRIEVE_MORE,RETRIEVE_MORE,RETRIEVE_MORE,RETRIEVE_MORE,RETRIEVE_MORE,RETRIEVE_MORE,RETRIEVE_MORE,RETRIEVE_MORE,RETRIEVE_MORE,RETRIEVE_MORE,RETRIEVE_MORE
503,REPLAN,0.83,REPLAN,REPLAN,REPLAN,REPLAN,TOOL_FIX,REPLAN,TOOL_FIX,TOOL_FIX,TOOL_FIX,TOOL_FIX,TOOL_FIX,TOOL_FIX,TOOL_FIX
532,RETRIEVE_MORE,1.0,RETRIEVE_MORE,RETRIEVE_MORE,RETRIEVE_MORE,RETRIEVE_MORE,RETRIEVE_MORE,RETRIEVE_MORE,RETRIEVE_MORE,RETRIEVE_MORE,RETRIEVE_MORE,RETRIEVE_MORE,RETRIEVE_MORE,RETRIEVE_MORE,RETRIEVE_MORE
70,TOOL_FIX,0.33,TOOL_FIX,REPLAN,RETRY,RETRY,TOOL_FIX,REPLAN,TOOL_FIX,TOOL_FIX,TOOL_FIX,TOOL_FIX,TOOL_FIX,TOOL_FIX,TOOL_FIX
140,REPLAN,1.0,REPLAN,REPLAN,REPLAN,REPLAN,REPLAN,REPLAN,TOOL_FIX,TOOL_FIX,REPLAN,REPLAN,TOOL_FIX,REPLAN,TOOL_FIX
150,REPLAN,1.0,REPLAN,REPLAN,REPLAN,REPLAN,REPLAN,REPLAN,RETRY,REPLAN,REPLAN,REPLAN,RETRY,REPLAN,REPLAN
175,TOOL_FIX,1.0,TOOL_FIX,TOOL_FIX,TOOL_FIX,TOOL_FIX,TOOL_FIX,TOOL_FIX,REPLAN,RETRY,TOOL_FIX,TOOL_FIX,REPLAN,TOOL_FIX,TOOL_FIX
594,RETRIEVE_MORE,1.0,RETRIEVE_MORE,RETRIEVE_MORE,RETRIEVE_MORE,RETRIEVE_MORE,RETRIEVE_MORE,RETRIEVE_MORE,RETRIEVE_MORE,RETRIEVE_MORE,RETRIEVE_MORE,RETRIEVE_MORE,RETRIEVE_MORE,RETRIEVE_MORE,RETRIEVE_MORE
345,ESCALATE,0.83,ESCALATE,RETRIEVE_MORE,ESCALATE,ESCALATE,ESCALATE,ESCALATE,RETRIEVE_MORE,RETRIEVE_MORE,RETRIEVE_MORE,RETRIEVE_MORE,RETRIEVE_MORE,RETRIEVE_MORE,RETRIEVE_MORE
584,RETRIEVE_MORE,1.0,RETRIEVE_MORE,RETRIEVE_MORE,RETRIEVE_MORE,RETRIEVE_MORE,RETRIEVE_MORE,RETRIEVE_MORE,REPLAN,REPLAN,RETRY,RETRY,REPLAN,RETRY,REPLAN
447,REPLAN,0.83,REPLAN,REPLAN,REPLAN,REPLAN,RETRIEVE_MORE,REPLAN,RETRIEVE_MORE,RETRIEVE_MORE,RETRIEVE_MORE,RETRIEVE_MORE,RETRIEVE_MORE,RETRIEVE_MORE,RETRIEVE_MORE
1,RETRIEVE_MORE,1.0,RETRIEVE_MORE,RETRIEVE_MORE,RETRIEVE_MORE,RETRIEVE_MORE,RETRIEVE_MORE,RETRIEVE_MORE,RETRIEVE_MORE,RETRIEVE_MORE,RETRIEVE_MORE,RETRIEVE_MORE,RETRIEVE_MORE,RETRIEVE_MORE,RETRIEVE_MORE
331,RETRIEVE_MORE,0.83,RETRY,RETRIEVE_MORE,RETRIEVE_MORE,RETRIEVE_MORE,RETRIEVE_MORE,RETRIEVE_MORE,RETRIEVE_MORE,RETRIEVE_MORE,RETRIEVE_MORE,RETRIEVE_MORE,RETRIEVE_MORE,RETRIEVE_MORE,RETRIEVE_MORE
9,REPLAN,0.67,REPLAN,RETRY,REPLAN,REPLAN,LOCAL_REPAIR,REPLAN,REPLAN,RETRY,RETRY,RETRY,REPLAN,RETRY,RETRY
566,REPLAN,0.5,REPLAN,REPLAN,REPLAN,RETRIEVE_MORE,RETRIEVE_MORE,RETRIEVE_MORE,REPLAN,RETRIEVE_MORE,RETRIEVE_MORE,RETRIEVE_MORE,REPLAN,RETRIEVE_MORE,RETRIEVE_MORE
37,TOOL_FIX,0.5,TOOL_FIX,REPLAN,TOOL_FIX,REPLAN,TOOL_FIX,REPLAN,TOOL_FIX,TOOL_FIX,REPLAN,REPLAN,TOOL_FIX,REPLAN,TOOL_FIX
551,RETRIEVE_MORE,1.0,RETRIEVE_MORE,RETRIEVE_MORE,RETRIEVE_MORE,RETRIEVE_MORE,RETRIEVE_MORE,RETRIEVE_MORE,RETRIEVE_MORE,RETRIEVE_MORE,RETRIEVE_MORE,RETRIEVE_MORE,RETRIEVE_MORE,RETRIEVE_MORE,RETRIEVE_MORE
